label,keras_probability,float32_tflite_probability,int8_tflite_probability
0.000000000000000000e+00,5.028278213081553445e-16,5.028277683685961411e-16,0.000000000000000000e+00
0.000000000000000000e+00,5.868253523000653343e-17,5.868252861256163301e-17,0.000000000000000000e+00
0.000000000000000000e+00,2.084527701462539828e-16,2.084527966160335845e-16,0.000000000000000000e+00
0.000000000000000000e+00,1.448804963532276252e-15,1.448810469246433405e-15,0.000000000000000000e+00
0.000000000000000000e+00,3.203672407654095666e-14,3.203677828664958094e-14,0.000000000000000000e+00
0.000000000000000000e+00,7.306142508243867410e-16,7.306144096430643511e-16,0.000000000000000000e+00
0.000000000000000000e+00,1.952361476697042630e-13,1.952365406929917890e-13,0.000000000000000000e+00
0.000000000000000000e+00,1.123797439112582397e-13,1.123791204950090605e-13,0.000000000000000000e+00
0.000000000000000000e+00,1.454973159098135738e-13,1.454970855168519206e-13,0.000000000000000000e+00
0.000000000000000000e+00,9.206632851921359162e-13,9.206614420484426908e-13,0.000000000000000000e+00
0.000000000000000000e+00,1.955150668100924527e-12,1.955150234420055533e-12,0.000000000000000000e+00
0.000000000000000000e+00,3.010021268692875118e-12,3.010033411757206956e-12,0.000000000000000000e+00
0.000000000000000000e+00,9.268338700685330167e-12,9.268321353450570399e-12,0.000000000000000000e+00
0.000000000000000000e+00,9.556674895883077170e-12,9.556676630606553147e-12,0.000000000000000000e+00
0.000000000000000000e+00,1.478660076326132611e-11,1.478663025356041771e-11,0.000000000000000000e+00
0.000000000000000000e+00,3.960406308456398961e-11,3.960399716507190249e-11,0.000000000000000000e+00
0.000000000000000000e+00,2.493876216647095134e-10,2.493880657539193635e-10,0.000000000000000000e+00
0.000000000000000000e+00,7.821123193529899709e-10,7.821123193529899709e-10,0.000000000000000000e+00
0.000000000000000000e+00,6.940776398067782793e-09,6.940775065800153243e-09,0.000000000000000000e+00
0.000000000000000000e+00,2.477917204757318359e-09,2.477917648846528209e-09,0.000000000000000000e+00
0.000000000000000000e+00,6.400340701873119542e-09,6.400364238601241595e-09,0.000000000000000000e+00
0.000000000000000000e+00,3.369257539631576037e-09,3.369257317586971112e-09,0.000000000000000000e+00
0.000000000000000000e+00,8.029480191851234849e-09,8.029478415494395449e-09,0.000000000000000000e+00
0.000000000000000000e+00,6.976292432625541551e-09,6.976264899094530847e-09,0.000000000000000000e+00
0.000000000000000000e+00,4.259515051785456308e-08,4.259532460082482430e-08,0.000000000000000000e+00
0.000000000000000000e+00,3.920445124094840139e-07,3.920444555660651531e-07,0.000000000000000000e+00
0.000000000000000000e+00,2.956886930860491702e-07,2.956892615202377783e-07,0.000000000000000000e+00
0.000000000000000000e+00,2.537354362175392453e-07,2.537354077958298149e-07,0.000000000000000000e+00
0.000000000000000000e+00,1.080588134527715738e-07,1.080585789736687730e-07,0.000000000000000000e+00
0.000000000000000000e+00,1.215229588069632882e-07,1.215229730178180034e-07,0.000000000000000000e+00
0.000000000000000000e+00,1.819813064685149584e-07,1.819809938297112240e-07,0.000000000000000000e+00
0.000000000000000000e+00,3.025789041544157953e-08,3.025788686272790073e-08,0.000000000000000000e+00
0.000000000000000000e+00,3.075800350416102447e-06,3.075794666074216366e-06,0.000000000000000000e+00
0.000000000000000000e+00,3.425138856982812285e-07,3.425148804581112927e-07,0.000000000000000000e+00
0.000000000000000000e+00,4.740644214962230762e-07,4.740640235922910506e-07,0.000000000000000000e+00
0.000000000000000000e+00,1.973277448996668682e-06,1.973269718291703612e-06,0.000000000000000000e+00
0.000000000000000000e+00,3.079775581227295334e-07,3.079778991832426982e-07,0.000000000000000000e+00
0.000000000000000000e+00,1.110985294872079976e-06,1.110983021135325544e-06,0.000000000000000000e+00
0.000000000000000000e+00,9.635635223048666376e-08,9.635598274826406850e-08,0.000000000000000000e+00
0.000000000000000000e+00,1.106449900589723256e-07,1.106449687426902528e-07,0.000000000000000000e+00
0.000000000000000000e+00,9.309208053309703246e-07,9.309225674769550096e-07,0.000000000000000000e+00
0.000000000000000000e+00,4.193497261439915746e-06,4.193489075987599790e-06,0.000000000000000000e+00
0.000000000000000000e+00,6.049340868230501655e-07,6.049312446521071251e-07,0.000000000000000000e+00
0.000000000000000000e+00,1.144642141071017249e-07,1.144639867334262817e-07,0.000000000000000000e+00
0.000000000000000000e+00,1.424267907168541569e-06,1.424266770300164353e-06,0.000000000000000000e+00
0.000000000000000000e+00,6.314877509794314392e-07,6.314872962320805527e-07,0.000000000000000000e+00
0.000000000000000000e+00,2.692815428417816292e-07,2.692815428417816292e-07,0.000000000000000000e+00
0.000000000000000000e+00,3.375396318006096408e-08,3.375414436845858290e-08,0.000000000000000000e+00
0.000000000000000000e+00,4.432839375567709794e-07,4.432834543877106626e-07,0.000000000000000000e+00
0.000000000000000000e+00,3.327365405425553035e-08,3.327351905113573594e-08,0.000000000000000000e+00
0.000000000000000000e+00,7.297997228761232691e-08,7.297983728449253249e-08,0.000000000000000000e+00
0.000000000000000000e+00,7.960645831417423324e-08,7.960632331105443882e-08,0.000000000000000000e+00
0.000000000000000000e+00,1.084757457192608854e-07,1.084753051827647141e-07,0.000000000000000000e+00
0.000000000000000000e+00,9.168767434175606468e-08,9.168766723632870708e-08,0.000000000000000000e+00
0.000000000000000000e+00,2.324629910788189591e-08,2.324630266059557471e-08,0.000000000000000000e+00
0.000000000000000000e+00,1.081292477778106331e-08,1.081292744231632241e-08,0.000000000000000000e+00
0.000000000000000000e+00,8.295193865137662215e-09,8.295192088780822814e-09,0.000000000000000000e+00
0.000000000000000000e+00,1.541737959520617096e-09,1.541734739873845683e-09,0.000000000000000000e+00
0.000000000000000000e+00,1.645628966429057982e-09,1.645625413715379182e-09,0.000000000000000000e+00
0.000000000000000000e+00,2.920373942671972145e-09,2.920374386761181995e-09,0.000000000000000000e+00
0.000000000000000000e+00,6.822230336211987378e-09,6.822202802680976674e-09,0.000000000000000000e+00
0.000000000000000000e+00,3.987202790156629817e-10,3.987201679933605192e-10,0.000000000000000000e+00
0.000000000000000000e+00,2.399005882836036108e-09,2.399001886033147457e-09,0.000000000000000000e+00
0.000000000000000000e+00,3.151654048849650280e-09,3.151654048849650280e-09,0.000000000000000000e+00
0.000000000000000000e+00,5.459922292061492044e-09,5.459923180239911744e-09,0.000000000000000000e+00
0.000000000000000000e+00,3.510494950287323945e-10,3.510488566504932351e-10,0.000000000000000000e+00
0.000000000000000000e+00,8.547587637686149264e-11,8.547572372119560669e-11,0.000000000000000000e+00
0.000000000000000000e+00,1.031126573014518044e-10,1.031122409678175700e-10,0.000000000000000000e+00
0.000000000000000000e+00,1.948495670367478283e-10,1.948488315139940141e-10,0.000000000000000000e+00
0.000000000000000000e+00,2.552475730777103990e-10,2.552466293881394677e-10,0.000000000000000000e+00
0.000000000000000000e+00,7.153606700061043711e-12,7.153593689634973884e-12,0.000000000000000000e+00
0.000000000000000000e+00,3.626006439549911420e-11,3.626006439549911420e-11,0.000000000000000000e+00
0.000000000000000000e+00,4.256633934218712056e-11,4.256651281453471825e-11,0.000000000000000000e+00
0.000000000000000000e+00,4.665340162801623336e-12,4.665322815566863568e-12,0.000000000000000000e+00
0.000000000000000000e+00,3.482003314153603313e-12,3.482023480314011543e-12,0.000000000000000000e+00
0.000000000000000000e+00,3.797629311713679456e-12,3.797636250607583364e-12,0.000000000000000000e+00
0.000000000000000000e+00,3.192633874285477624e-12,3.192628019593746203e-12,0.000000000000000000e+00
0.000000000000000000e+00,4.614363903997220628e-13,4.614363903997220628e-13,0.000000000000000000e+00
0.000000000000000000e+00,5.562439614817393796e-13,5.562440156918480039e-13,0.000000000000000000e+00
0.000000000000000000e+00,3.683764719045884428e-13,3.683764176944798185e-13,0.000000000000000000e+00
0.000000000000000000e+00,2.608376297071057781e-13,2.608371147110738475e-13,0.000000000000000000e+00
0.000000000000000000e+00,2.219931561438150819e-14,2.219931561438150819e-14,0.000000000000000000e+00
0.000000000000000000e+00,2.128536367616232911e-14,2.128528405506528720e-14,0.000000000000000000e+00
0.000000000000000000e+00,1.734188151154142377e-14,1.734185101835532261e-14,0.000000000000000000e+00
0.000000000000000000e+00,1.221935404829800273e-14,1.221935574236389724e-14,0.000000000000000000e+00
0.000000000000000000e+00,4.486461200513486638e-15,4.486462047546433893e-15,0.000000000000000000e+00
0.000000000000000000e+00,1.585394108474715708e-14,1.585394277881305158e-14,0.000000000000000000e+00
0.000000000000000000e+00,7.604500864189130127e-15,7.604498323090288364e-15,0.000000000000000000e+00
0.000000000000000000e+00,3.322296947285248913e-16,3.322284771186632133e-16,0.000000000000000000e+00
0.000000000000000000e+00,1.134610712539207630e-14,1.134611051352386532e-14,0.000000000000000000e+00
0.000000000000000000e+00,2.265964964561048740e-15,2.265965388077522367e-15,0.000000000000000000e+00
0.000000000000000000e+00,4.821356005001208381e-15,4.821338640825789668e-15,0.000000000000000000e+00
0.000000000000000000e+00,3.173327409967062994e-16,3.173328204060451045e-16,0.000000000000000000e+00
0.000000000000000000e+00,3.685716631828053487e-17,3.685718286189278593e-17,0.000000000000000000e+00
0.000000000000000000e+00,1.663828406478398258e-15,1.663821736093938630e-15,0.000000000000000000e+00
0.000000000000000000e+00,9.739585844690911006e-17,9.739546140021508461e-17,0.000000000000000000e+00
0.000000000000000000e+00,4.172053502511665853e-17,4.172055156872890959e-17,0.000000000000000000e+00
0.000000000000000000e+00,9.707971994295869352e-18,9.708012526145884451e-18,0.000000000000000000e+00
0.000000000000000000e+00,1.266022157991371219e-19,1.266026940129287541e-19,0.000000000000000000e+00
0.000000000000000000e+00,6.681120359249758490e-20,6.681146208643900772e-20,0.000000000000000000e+00
1.000000000000000000e+00,1.000000000000000000e+00,1.000000000000000000e+00,9.960937500000000000e-01
1.000000000000000000e+00,1.000000000000000000e+00,1.000000000000000000e+00,9.960937500000000000e-01
1.000000000000000000e+00,1.000000000000000000e+00,1.000000000000000000e+00,9.960937500000000000e-01
1.000000000000000000e+00,1.000000000000000000e+00,1.000000000000000000e+00,9.960937500000000000e-01
1.000000000000000000e+00,1.000000000000000000e+00,1.000000000000000000e+00,9.960937500000000000e-01
0.000000000000000000e+00,2.132059644442562725e-21,2.132067924326623924e-21,0.000000000000000000e+00
0.000000000000000000e+00,1.838020766590186303e-21,1.838027430887113610e-21,0.000000000000000000e+00
0.000000000000000000e+00,4.235044576978418431e-22,4.235045586720377114e-22,0.000000000000000000e+00
0.000000000000000000e+00,9.398549712243243228e-21,9.398588486334456651e-21,0.000000000000000000e+00
0.000000000000000000e+00,6.450946655590826294e-23,6.450898692847788856e-23,0.000000000000000000e+00
0.000000000000000000e+00,2.447467842827839058e-22,2.447468347698818400e-22,0.000000000000000000e+00
0.000000000000000000e+00,8.539603829360402093e-22,8.539604839102360776e-22,0.000000000000000000e+00
0.000000000000000000e+00,9.827848460575016513e-24,9.827853982601353060e-24,0.000000000000000000e+00
0.000000000000000000e+00,7.862940906749419519e-22,7.862941916491378202e-22,0.000000000000000000e+00
0.000000000000000000e+00,1.459321614068529531e-22,1.459327798738026464e-22,0.000000000000000000e+00
0.000000000000000000e+00,3.700046053033494169e-23,3.700047630755304611e-23,0.000000000000000000e+00
0.000000000000000000e+00,1.867924213165429634e-24,1.867931115698350318e-24,0.000000000000000000e+00
0.000000000000000000e+00,9.337319761351392173e-24,9.337286629193372891e-24,0.000000000000000000e+00
0.000000000000000000e+00,1.114754885727644636e-23,1.114755122385916202e-23,0.000000000000000000e+00
0.000000000000000000e+00,2.424300315439209661e-24,2.424310373415751229e-24,0.000000000000000000e+00
0.000000000000000000e+00,3.874244211390570527e-23,3.874230958527362814e-23,0.000000000000000000e+00
0.000000000000000000e+00,3.893248955281089380e-25,3.893264485980160919e-25,0.000000000000000000e+00
0.000000000000000000e+00,1.060318666285492316e-25,1.060314845240482652e-25,0.000000000000000000e+00
0.000000000000000000e+00,3.220862684788619543e-26,3.220863301086201747e-26,0.000000000000000000e+00
0.000000000000000000e+00,7.822177103229193597e-26,7.822209767001050405e-26,0.000000000000000000e+00
0.000000000000000000e+00,6.532038480090015945e-25,6.532089756048855311e-25,0.000000000000000000e+00
0.000000000000000000e+00,2.181464062745484255e-27,2.181465218303450887e-27,0.000000000000000000e+00
0.000000000000000000e+00,5.630900697047248590e-27,5.630878356259893699e-27,0.000000000000000000e+00
0.000000000000000000e+00,1.487618333551833414e-27,1.487612748354994691e-27,0.000000000000000000e+00
0.000000000000000000e+00,7.888033199156746271e-28,7.888064495518342563e-28,0.000000000000000000e+00
0.000000000000000000e+00,7.419009399795782785e-26,7.419039598377310777e-26,0.000000000000000000e+00
0.000000000000000000e+00,2.603866312608157188e-29,2.603866914461264810e-29,0.000000000000000000e+00
0.000000000000000000e+00,9.499694710043733945e-28,9.499734191607593884e-28,0.000000000000000000e+00
0.000000000000000000e+00,2.962512144257597580e-28,2.962501792384146498e-28,0.000000000000000000e+00
0.000000000000000000e+00,1.991609331427566136e-28,1.991624738867121234e-28,0.000000000000000000e+00
0.000000000000000000e+00,8.479933492029684193e-30,8.479938758244375877e-30,0.000000000000000000e+00
0.000000000000000000e+00,4.002586777340862510e-28,4.002618795926187948e-28,0.000000000000000000e+00
0.000000000000000000e+00,2.256375467196607667e-28,2.256367281994344022e-28,0.000000000000000000e+00
0.000000000000000000e+00,5.057021384830721719e-29,5.057060505282717085e-29,0.000000000000000000e+00
0.000000000000000000e+00,8.664763634623035071e-28,8.664731856778952682e-28,0.000000000000000000e+00
0.000000000000000000e+00,1.903360741740939591e-27,1.903353423207150919e-27,0.000000000000000000e+00
0.000000000000000000e+00,2.236177999128575677e-29,2.236195151942142875e-29,0.000000000000000000e+00
0.000000000000000000e+00,4.194144584434477956e-29,4.194177987281950922e-29,0.000000000000000000e+00
0.000000000000000000e+00,8.311804231505019518e-28,8.311806157434963905e-28,0.000000000000000000e+00
0.000000000000000000e+00,6.278121154882991351e-29,6.278123562295421835e-29,0.000000000000000000e+00
0.000000000000000000e+00,3.255318134828215926e-30,3.255319263302792715e-30,0.000000000000000000e+00
0.000000000000000000e+00,1.770196879287472704e-30,1.770196879287472704e-30,0.000000000000000000e+00
0.000000000000000000e+00,1.851028032100015104e-31,1.851042608229965301e-31,0.000000000000000000e+00
0.000000000000000000e+00,1.377317364519486921e-28,1.377318207113837591e-28,0.000000000000000000e+00
0.000000000000000000e+00,4.635856692411328952e-30,4.635858197044098004e-30,0.000000000000000000e+00
0.000000000000000000e+00,4.205869416479410167e-31,4.205869886677150496e-31,0.000000000000000000e+00
0.000000000000000000e+00,2.601662025601495235e-29,2.601662627454602856e-29,0.000000000000000000e+00
0.000000000000000000e+00,1.526668586153042612e-30,1.526669056350782941e-30,0.000000000000000000e+00
0.000000000000000000e+00,2.328725967114577680e-30,2.328727283668250601e-30,0.000000000000000000e+00
0.000000000000000000e+00,1.218760667949500572e-29,1.218760893644415930e-29,0.000000000000000000e+00
0.000000000000000000e+00,4.939078375431928054e-31,4.939042170205922727e-31,0.000000000000000000e+00
0.000000000000000000e+00,5.525499028978055873e-30,5.525499028978055873e-30,0.000000000000000000e+00
0.000000000000000000e+00,3.638766272857407427e-31,3.638766272857407427e-31,0.000000000000000000e+00
0.000000000000000000e+00,3.024224173917009958e-31,3.024224879213620451e-31,0.000000000000000000e+00
0.000000000000000000e+00,1.189271370308840075e-28,1.189271490679461600e-28,0.000000000000000000e+00
0.000000000000000000e+00,5.928826751310161636e-31,5.928830042694343939e-31,0.000000000000000000e+00
0.000000000000000000e+00,6.591596045060841226e-30,6.591647954891373539e-30,0.000000000000000000e+00
0.000000000000000000e+00,4.293882252028301333e-30,4.293884132819262649e-30,0.000000000000000000e+00
0.000000000000000000e+00,1.182173867073942396e-29,1.182174168000496206e-29,0.000000000000000000e+00
0.000000000000000000e+00,4.769714089760933527e-30,4.769715218235510317e-30,0.000000000000000000e+00
0.000000000000000000e+00,2.369509376862119488e-29,2.369545788975130560e-29,0.000000000000000000e+00
0.000000000000000000e+00,1.864907305489157001e-29,1.864907907342264622e-29,0.000000000000000000e+00
0.000000000000000000e+00,1.736932269950163283e-29,1.736933022266547810e-29,0.000000000000000000e+00
0.000000000000000000e+00,4.494391871781394794e-30,4.494393000255971584e-30,0.000000000000000000e+00
0.000000000000000000e+00,2.748553304313017334e-29,2.748553304313017334e-29,0.000000000000000000e+00
0.000000000000000000e+00,3.584640960850631506e-28,3.584667923869852927e-28,0.000000000000000000e+00
0.000000000000000000e+00,1.864323959364595336e-29,1.864338855229008956e-29,0.000000000000000000e+00
0.000000000000000000e+00,1.331479533693465867e-27,1.331484733704315713e-27,0.000000000000000000e+00
0.000000000000000000e+00,2.654788261449620277e-28,2.654789705897078567e-28,0.000000000000000000e+00
0.000000000000000000e+00,1.182490652457138715e-27,1.182486704300752721e-27,0.000000000000000000e+00
0.000000000000000000e+00,3.270233138170658301e-28,3.270233378911901350e-28,0.000000000000000000e+00
0.000000000000000000e+00,2.444030213553877107e-26,2.444030213553877107e-26,0.000000000000000000e+00
0.000000000000000000e+00,1.429630894042267007e-26,1.429625501438422723e-26,0.000000000000000000e+00
0.000000000000000000e+00,4.103048731695913404e-25,4.103018656373901853e-25,0.000000000000000000e+00
0.000000000000000000e+00,6.688753094483156387e-25,6.688804863480061516e-25,0.000000000000000000e+00
0.000000000000000000e+00,1.033270043329902890e-25,1.033278363347262643e-25,0.000000000000000000e+00
0.000000000000000000e+00,4.981383966420322539e-25,4.981403687942953064e-25,0.000000000000000000e+00
0.000000000000000000e+00,8.294049044829114703e-25,8.294113139777663910e-25,0.000000000000000000e+00
0.000000000000000000e+00,1.472944614757276754e-24,1.472950333998839607e-24,0.000000000000000000e+00
0.000000000000000000e+00,3.990550313382283013e-24,3.990536508316441645e-24,0.000000000000000000e+00
0.000000000000000000e+00,7.944155903990350379e-24,7.944156692851255600e-24,0.000000000000000000e+00
0.000000000000000000e+00,1.017392331741728483e-22,1.017396244491818380e-22,0.000000000000000000e+00
0.000000000000000000e+00,2.814826861090566872e-22,2.814817268541959385e-22,0.000000000000000000e+00
0.000000000000000000e+00,1.110447815625664643e-22,1.110443650440085076e-22,0.000000000000000000e+00
0.000000000000000000e+00,5.168695410880846615e-22,5.168715605720020273e-22,0.000000000000000000e+00
0.000000000000000000e+00,3.755007393317209734e-21,3.755007797213993207e-21,0.000000000000000000e+00
0.000000000000000000e+00,5.936118484577061874e-22,5.936120504060979240e-22,0.000000000000000000e+00
0.000000000000000000e+00,2.916472757504611419e-20,2.916472757504611419e-20,0.000000000000000000e+00
0.000000000000000000e+00,1.787100287407374848e-20,1.787107557549477365e-20,0.000000000000000000e+00
0.000000000000000000e+00,4.481145147548757461e-21,4.481146359239107881e-21,0.000000000000000000e+00
0.000000000000000000e+00,2.585587103110189040e-20,2.585596796632992396e-20,0.000000000000000000e+00
0.000000000000000000e+00,3.850704758488779130e-20,3.850706050958486244e-20,0.000000000000000000e+00
0.000000000000000000e+00,5.313120144168582233e-19,5.313140823683896059e-19,0.000000000000000000e+00
0.000000000000000000e+00,4.007435296190752752e-18,4.007420406939726798e-18,0.000000000000000000e+00
0.000000000000000000e+00,1.099671359838919860e-17,1.099671773429226136e-17,0.000000000000000000e+00
1.000000000000000000e+00,9.994572997093200684e-01,9.994572997093200684e-01,9.960937500000000000e-01
1.000000000000000000e+00,9.994572997093200684e-01,9.994572997093200684e-01,9.960937500000000000e-01
1.000000000000000000e+00,9.994572997093200684e-01,9.994572997093200684e-01,9.960937500000000000e-01
1.000000000000000000e+00,9.994572997093200684e-01,9.994572997093200684e-01,9.960937500000000000e-01
1.000000000000000000e+00,9.994572997093200684e-01,9.994572997093200684e-01,9.960937500000000000e-01
0.000000000000000000e+00,4.193853615944929383e-16,4.193853615944929383e-16,0.000000000000000000e+00
0.000000000000000000e+00,1.450070113118118956e-16,1.450070510164812982e-16,0.000000000000000000e+00
0.000000000000000000e+00,4.865235276284296528e-15,4.865255181558557004e-15,0.000000000000000000e+00
0.000000000000000000e+00,1.326094347551480101e-15,1.326094559309716914e-15,0.000000000000000000e+00
0.000000000000000000e+00,2.207116503517608970e-15,2.207108456704610054e-15,0.000000000000000000e+00
0.000000000000000000e+00,3.259891847835847539e-15,3.259892059594084353e-15,0.000000000000000000e+00
0.000000000000000000e+00,1.706653651137746835e-15,1.706653651137746835e-15,0.000000000000000000e+00
0.000000000000000000e+00,3.083672995906694761e-15,3.083661560961906828e-15,0.000000000000000000e+00
0.000000000000000000e+00,3.033954914759945908e-15,3.033955126518182721e-15,0.000000000000000000e+00
0.000000000000000000e+00,4.212656699170702623e-14,4.212666185939711871e-14,0.000000000000000000e+00
0.000000000000000000e+00,4.585812523986987355e-13,4.585830955423919608e-13,0.000000000000000000e+00
0.000000000000000000e+00,5.160084904124676713e-15,5.160105656431884444e-15,0.000000000000000000e+00
0.000000000000000000e+00,1.877008239863173916e-14,1.877008748082942269e-14,0.000000000000000000e+00
0.000000000000000000e+00,4.226241413578767092e-14,4.226243107644661601e-14,0.000000000000000000e+00
0.000000000000000000e+00,6.787740400131248020e-13,6.787755578961662817e-13,0.000000000000000000e+00
0.000000000000000000e+00,1.071526287838020508e-11,1.071528716450886876e-11,0.000000000000000000e+00
0.000000000000000000e+00,7.625342956889269441e-14,7.625359897548214527e-14,0.000000000000000000e+00
0.000000000000000000e+00,4.207421019117134342e-14,4.207422713183028851e-14,0.000000000000000000e+00
0.000000000000000000e+00,1.702829392248583762e-12,1.702825922801631808e-12,0.000000000000000000e+00
0.000000000000000000e+00,5.257361386512560131e-13,5.257369518028853772e-13,0.000000000000000000e+00
0.000000000000000000e+00,1.070235154838894420e-12,1.070237106402804894e-12,0.000000000000000000e+00
0.000000000000000000e+00,2.755845410814389274e-13,2.755835381944293783e-13,0.000000000000000000e+00
0.000000000000000000e+00,3.030401450609954139e-13,3.030401992711040382e-13,0.000000000000000000e+00
0.000000000000000000e+00,2.562368991033264765e-13,2.562369262083807886e-13,0.000000000000000000e+00
0.000000000000000000e+00,3.831592595288091374e-12,3.831592161607222380e-12,0.000000000000000000e+00
0.000000000000000000e+00,2.626408476553293569e-13,2.626393297722878772e-13,0.000000000000000000e+00
0.000000000000000000e+00,1.792537229761137496e-10,1.792537507316893652e-10,0.000000000000000000e+00
0.000000000000000000e+00,8.146741094228193703e-12,8.146754104654263529e-12,0.000000000000000000e+00
0.000000000000000000e+00,5.040263692523971883e-11,5.040264039468667079e-11,0.000000000000000000e+00
0.000000000000000000e+00,8.422069985858371410e-11,8.422039454725194219e-11,0.000000000000000000e+00
0.000000000000000000e+00,2.601721442452298305e-11,2.601715891337175179e-11,0.000000000000000000e+00
0.000000000000000000e+00,9.354354790769292549e-11,9.354354096879902158e-11,0.000000000000000000e+00
0.000000000000000000e+00,1.979723607270500452e-10,1.979719999045670420e-10,0.000000000000000000e+00
0.000000000000000000e+00,4.728355554317609233e-11,4.728346880700229349e-11,0.000000000000000000e+00
0.000000000000000000e+00,4.133347886181581998e-09,4.133331454880817546e-09,0.000000000000000000e+00
0.000000000000000000e+00,7.511721800135262583e-10,7.511722910358287209e-10,0.000000000000000000e+00
0.000000000000000000e+00,8.290363950891332934e-10,8.290395592247534751e-10,0.000000000000000000e+00
0.000000000000000000e+00,4.118221041959913009e-10,4.118212715287228320e-10,0.000000000000000000e+00
0.000000000000000000e+00,1.181488795687357651e-10,1.181482134349209900e-10,0.000000000000000000e+00
0.000000000000000000e+00,8.311136223682069613e-10,8.311136223682069613e-10,0.000000000000000000e+00
0.000000000000000000e+00,4.551922838658128967e-09,4.551914845052351666e-09,0.000000000000000000e+00
0.000000000000000000e+00,4.310298784560018248e-09,4.310307222255005399e-09,0.000000000000000000e+00
0.000000000000000000e+00,3.036053852767395256e-09,3.036065621131456282e-09,0.000000000000000000e+00
0.000000000000000000e+00,2.691600942128502538e-09,2.691601608262317313e-09,0.000000000000000000e+00
0.000000000000000000e+00,1.721134124110790253e-09,1.721133791043882866e-09,0.000000000000000000e+00
0.000000000000000000e+00,2.020052874973643497e-10,2.020052874973643497e-10,0.000000000000000000e+00
0.000000000000000000e+00,7.511879451804759356e-10,7.511866129128463854e-10,0.000000000000000000e+00
0.000000000000000000e+00,1.994832354856868051e-10,1.994828469076281863e-10,0.000000000000000000e+00
0.000000000000000000e+00,1.494148832437147689e-10,1.494151746772587330e-10,0.000000000000000000e+00
0.000000000000000000e+00,1.017532585967373393e-10,1.017528422631031049e-10,0.000000000000000000e+00
0.000000000000000000e+00,4.478701576271504337e-10,4.478709902944189025e-10,0.000000000000000000e+00
0.000000000000000000e+00,5.208169659431938214e-11,5.208160638869863135e-11,0.000000000000000000e+00
0.000000000000000000e+00,1.736462362789126246e-10,1.736462779122760480e-10,0.000000000000000000e+00
0.000000000000000000e+00,2.651164010547546468e-11,2.651163490130503675e-11,0.000000000000000000e+00
0.000000000000000000e+00,6.505115456717502909e-12,6.505114589355764920e-12,0.000000000000000000e+00
0.000000000000000000e+00,2.673466482916442288e-11,2.673465789027051898e-11,0.000000000000000000e+00
0.000000000000000000e+00,5.638172220767678766e-13,5.638183604890489864e-13,0.000000000000000000e+00
0.000000000000000000e+00,6.342026730166150372e-12,6.342012852378342558e-12,0.000000000000000000e+00
0.000000000000000000e+00,7.713084728203090101e-13,7.713055996845519235e-13,0.000000000000000000e+00
0.000000000000000000e+00,4.437925450306162700e-14,4.437926466745699405e-14,0.000000000000000000e+00
0.000000000000000000e+00,1.050191427960991963e-13,1.050191224673084622e-13,0.000000000000000000e+00
0.000000000000000000e+00,3.585164188636170979e-14,3.585178757602863753e-14,0.000000000000000000e+00
0.000000000000000000e+00,1.745766183523789206e-12,1.745769327710089414e-12,0.000000000000000000e+00
0.000000000000000000e+00,2.793258347874843367e-14,2.793264107698884696e-14,0.000000000000000000e+00
0.000000000000000000e+00,5.112563814684868702e-14,5.112564153498047603e-14,0.000000000000000000e+00
0.000000000000000000e+00,6.484950312748809231e-15,6.484949465715861977e-15,0.000000000000000000e+00
0.000000000000000000e+00,1.330414321461595439e-14,1.330422198868004904e-14,0.000000000000000000e+00
0.000000000000000000e+00,5.509583509535128255e-16,5.509562863107038931e-16,0.000000000000000000e+00
0.000000000000000000e+00,1.747892297207769702e-15,1.747892403086888109e-15,0.000000000000000000e+00
0.000000000000000000e+00,1.324470876559169226e-16,1.324470876559169226e-16,0.000000000000000000e+00
0.000000000000000000e+00,2.453420873205832287e-16,2.453420873205832287e-16,0.000000000000000000e+00
0.000000000000000000e+00,2.978882195723120787e-17,2.978881533978630744e-17,0.000000000000000000e+00
0.000000000000000000e+00,9.017193464752835941e-18,9.017265429466128054e-18,0.000000000000000000e+00
0.000000000000000000e+00,7.010553387553309718e-18,7.010554214733922271e-18,0.000000000000000000e+00
0.000000000000000000e+00,1.726459610785157327e-17,1.726453324212501924e-17,0.000000000000000000e+00
0.000000000000000000e+00,9.703158630311423284e-18,9.703162766214486049e-18,0.000000000000000000e+00
0.000000000000000000e+00,7.365912660247928066e-18,7.365911833067315513e-18,0.000000000000000000e+00
0.000000000000000000e+00,7.128586684290645173e-19,7.128587718266410864e-19,0.000000000000000000e+00
0.000000000000000000e+00,4.383259017239933005e-19,4.383276594827949757e-19,0.000000000000000000e+00
0.000000000000000000e+00,9.948201374203213373e-19,9.948239631306543951e-19,0.000000000000000000e+00
0.000000000000000000e+00,3.216035570105836834e-20,3.216035246988410056e-20,0.000000000000000000e+00
0.000000000000000000e+00,9.841079546173035618e-20,9.841115089089981256e-20,0.000000000000000000e+00
0.000000000000000000e+00,8.476061575694054450e-21,8.476063191281188342e-21,0.000000000000000000e+00
0.000000000000000000e+00,8.682098210672948778e-21,8.682132945796327469e-21,0.000000000000000000e+00
0.000000000000000000e+00,2.086933266567065459e-21,2.086933468515457196e-21,0.000000000000000000e+00
0.000000000000000000e+00,1.399840315368063789e-21,1.399840012445476184e-21,0.000000000000000000e+00
0.000000000000000000e+00,1.136668946270035865e-21,1.136669350166819338e-21,0.000000000000000000e+00
0.000000000000000000e+00,5.631966031266517575e-22,5.631989255331567281e-22,0.000000000000000000e+00
0.000000000000000000e+00,1.216160841577668436e-20,1.216160922357025130e-20,0.000000000000000000e+00
0.000000000000000000e+00,3.545512745539512030e-22,3.545498356716600798e-22,0.000000000000000000e+00
0.000000000000000000e+00,6.206797360868544024e-23,6.206798623045992378e-23,0.000000000000000000e+00
0.000000000000000000e+00,1.177601259945947858e-21,1.177601461894339594e-21,0.000000000000000000e+00
0.000000000000000000e+00,3.586375487994470770e-22,3.586388362204443977e-22,0.000000000000000000e+00
0.000000000000000000e+00,2.584182738847923489e-23,2.584182896620104534e-23,0.000000000000000000e+00
0.000000000000000000e+00,2.910269387586603879e-21,2.910280696696541128e-21,0.000000000000000000e+00
1.000000000000000000e+00,9.999998211860656738e-01,9.999998211860656738e-01,9.960937500000000000e-01
1.000000000000000000e+00,9.999998211860656738e-01,9.999998211860656738e-01,9.960937500000000000e-01
1.000000000000000000e+00,9.999994635581970215e-01,9.999994635581970215e-01,9.960937500000000000e-01
1.000000000000000000e+00,9.999995231628417969e-01,9.999995231628417969e-01,9.960937500000000000e-01
1.000000000000000000e+00,9.999995827674865723e-01,9.999995827674865723e-01,9.960937500000000000e-01
0.000000000000000000e+00,4.874433380055601273e-22,4.874432875184621932e-22,0.000000000000000000e+00
0.000000000000000000e+00,2.652155916933814446e-21,2.652156926675773129e-21,0.000000000000000000e+00
0.000000000000000000e+00,9.756354785595741434e-24,9.756358729900267539e-24,0.000000000000000000e+00
0.000000000000000000e+00,8.791070976492748974e-23,8.791035635524195073e-23,0.000000000000000000e+00
0.000000000000000000e+00,2.351568326053963899e-24,2.351577989600052856e-24,0.000000000000000000e+00
0.000000000000000000e+00,2.636196440405851947e-23,2.636207011141981909e-23,0.000000000000000000e+00
0.000000000000000000e+00,3.895454724756918586e-22,3.895453967450449574e-22,0.000000000000000000e+00
0.000000000000000000e+00,3.814643797848860032e-24,3.814644192279312643e-24,0.000000000000000000e+00
0.000000000000000000e+00,7.478747849204764984e-23,7.478778772552249647e-23,0.000000000000000000e+00
0.000000000000000000e+00,4.920199934332903494e-23,4.920219498083352975e-23,0.000000000000000000e+00
0.000000000000000000e+00,3.551061782473453880e-22,3.551061277602474538e-22,0.000000000000000000e+00
0.000000000000000000e+00,4.804332912321037023e-24,4.804352633843667548e-24,0.000000000000000000e+00
0.000000000000000000e+00,2.033826923235646241e-22,2.033819476388700954e-22,0.000000000000000000e+00
0.000000000000000000e+00,1.272148413537340912e-23,1.272153462247134326e-23,0.000000000000000000e+00
0.000000000000000000e+00,3.499210018282149191e-22,3.499236271573074947e-22,0.000000000000000000e+00
0.000000000000000000e+00,2.955770177780380762e-22,2.955771439957829116e-22,0.000000000000000000e+00
0.000000000000000000e+00,1.550875296115542137e-23,1.550875611659904225e-23,0.000000000000000000e+00
0.000000000000000000e+00,3.260999268454370699e-22,3.261000278196329381e-22,0.000000000000000000e+00
0.000000000000000000e+00,2.319479988784469846e-23,2.319479357695745669e-23,0.000000000000000000e+00
0.000000000000000000e+00,9.925657746491559325e-24,9.925775286766437256e-24,0.000000000000000000e+00
0.000000000000000000e+00,6.706110341816166419e-22,6.706162848398017929e-22,0.000000000000000000e+00
0.000000000000000000e+00,1.242097416840663232e-21,1.242097719763250836e-21,0.000000000000000000e+00
0.000000000000000000e+00,2.122359268015662371e-24,2.122384117134176833e-24,0.000000000000000000e+00
0.000000000000000000e+00,9.024609145406722370e-22,9.024575823922085834e-22,0.000000000000000000e+00
0.000000000000000000e+00,6.355759669540982961e-22,6.355786932573867399e-22,0.000000000000000000e+00
0.000000000000000000e+00,1.073109703695233383e-22,1.073109829912978218e-22,0.000000000000000000e+00
0.000000000000000000e+00,1.990612744194404708e-22,1.990620569694584500e-22,0.000000000000000000e+00
0.000000000000000000e+00,3.383729869435421209e-23,3.383730500524145386e-23,0.000000000000000000e+00
0.000000000000000000e+00,2.653997888214843783e-21,2.654008793427997558e-21,0.000000000000000000e+00
0.000000000000000000e+00,1.208523626087645425e-23,1.208528359253076751e-23,0.000000000000000000e+00
0.000000000000000000e+00,6.949691025597965383e-23,6.949694812130310444e-23,0.000000000000000000e+00
0.000000000000000000e+00,4.402003895233697113e-22,4.402037216718333649e-22,0.000000000000000000e+00
0.000000000000000000e+00,6.172771581215827166e-23,6.172820806136312957e-23,0.000000000000000000e+00
0.000000000000000000e+00,3.246686428625530331e-23,3.246699365944375956e-23,0.000000000000000000e+00
0.000000000000000000e+00,2.102506037168401376e-22,2.102506289603891047e-22,0.000000000000000000e+00
0.000000000000000000e+00,5.490030769320042576e-23,5.490053488514112941e-23,0.000000000000000000e+00
0.000000000000000000e+00,1.405810970056853682e-22,1.405817028508605779e-22,0.000000000000000000e+00
0.000000000000000000e+00,7.387733116928199373e-22,7.387733621799178715e-22,0.000000000000000000e+00
0.000000000000000000e+00,1.933154640213002915e-22,1.933154892648492586e-22,0.000000000000000000e+00
0.000000000000000000e+00,1.332296656267847569e-21,1.332296656267847569e-21,0.000000000000000000e+00
0.000000000000000000e+00,9.816170100625252237e-22,9.816134759656698335e-22,0.000000000000000000e+00
0.000000000000000000e+00,1.450603577727908316e-21,1.450608828386093467e-21,0.000000000000000000e+00
0.000000000000000000e+00,2.397182945720920553e-22,2.397192790705017711e-22,0.000000000000000000e+00
0.000000000000000000e+00,4.754986682067418448e-20,4.754968910608945629e-20,0.000000000000000000e+00
0.000000000000000000e+00,1.088148502553978611e-20,1.088144544365500574e-20,0.000000000000000000e+00
0.000000000000000000e+00,6.029920988183806123e-22,6.029923007667723489e-22,0.000000000000000000e+00
0.000000000000000000e+00,1.221624191808996455e-20,1.221628957791041438e-20,0.000000000000000000e+00
0.000000000000000000e+00,8.079061026876112974e-22,8.079061531747092315e-22,0.000000000000000000e+00
0.000000000000000000e+00,2.775866593654801748e-20,2.775888242522395909e-20,0.000000000000000000e+00
0.000000000000000000e+00,5.850629085541958033e-21,5.850672302497789661e-21,0.000000000000000000e+00
0.000000000000000000e+00,6.442228013405029869e-20,6.442251924094611480e-20,0.000000000000000000e+00
0.000000000000000000e+00,5.659321354565979359e-21,5.659342357198719963e-21,0.000000000000000000e+00
0.000000000000000000e+00,5.563846314378872763e-22,5.563869538443922470e-22,0.000000000000000000e+00
0.000000000000000000e+00,1.674955825160123645e-19,1.674950009046441631e-19,0.000000000000000000e+00
0.000000000000000000e+00,4.681306667603508554e-19,4.681306150615625709e-19,0.000000000000000000e+00
0.000000000000000000e+00,3.933418296100106998e-19,3.933432771760826676e-19,0.000000000000000000e+00
0.000000000000000000e+00,2.768759948970234838e-20,2.768760272087661616e-20,0.000000000000000000e+00
0.000000000000000000e+00,1.313631261929896711e-18,1.313641291494823916e-18,0.000000000000000000e+00
0.000000000000000000e+00,9.547733254369087628e-19,9.547732220393321937e-19,0.000000000000000000e+00
0.000000000000000000e+00,2.701684066968765891e-19,2.701694923714305649e-19,0.000000000000000000e+00
0.000000000000000000e+00,1.908291611089421444e-18,1.908276721838395490e-18,0.000000000000000000e+00
0.000000000000000000e+00,1.589385360809402473e-17,1.589385360809402473e-17,0.000000000000000000e+00
0.000000000000000000e+00,1.703450982341050761e-18,1.703450982341050761e-18,0.000000000000000000e+00
0.000000000000000000e+00,1.533706489609962781e-18,1.533700285755368634e-18,0.000000000000000000e+00
0.000000000000000000e+00,4.280189831373988098e-17,4.280191154862968183e-17,0.000000000000000000e+00
0.000000000000000000e+00,1.953983749807749437e-19,1.953983879054720148e-19,0.000000000000000000e+00
0.000000000000000000e+00,1.211971385032589024e-17,1.211971385032589024e-17,0.000000000000000000e+00
0.000000000000000000e+00,2.554587831108168093e-19,2.554587831108168093e-19,0.000000000000000000e+00
0.000000000000000000e+00,7.606657787267198900e-19,7.606658821242964591e-19,0.000000000000000000e+00
0.000000000000000000e+00,3.913946516179397011e-18,3.913946516179397011e-18,0.000000000000000000e+00
0.000000000000000000e+00,2.246047239577992534e-18,2.246056545359883756e-18,0.000000000000000000e+00
0.000000000000000000e+00,1.140041628393162108e-16,1.140037525577323844e-16,0.000000000000000000e+00
0.000000000000000000e+00,1.071745742359129646e-17,1.071750291852498687e-17,0.000000000000000000e+00
0.000000000000000000e+00,3.669653115204518710e-17,3.669640872931452925e-17,0.000000000000000000e+00
0.000000000000000000e+00,6.822788450849121260e-16,6.822791097827081430e-16,0.000000000000000000e+00
0.000000000000000000e+00,1.898398193473597312e-15,1.898397981715360498e-15,0.000000000000000000e+00
0.000000000000000000e+00,1.263138627055526678e-17,1.263133912126035126e-17,0.000000000000000000e+00
0.000000000000000000e+00,1.792510975314251650e-16,1.792511504709843684e-16,0.000000000000000000e+00
0.000000000000000000e+00,2.007396298950412002e-15,2.007403710488700477e-15,0.000000000000000000e+00
0.000000000000000000e+00,1.230870585983796436e-15,1.230866033181704945e-15,0.000000000000000000e+00
0.000000000000000000e+00,2.531552568689108239e-15,2.531572685721605528e-15,0.000000000000000000e+00
0.000000000000000000e+00,4.667014320033739672e-15,4.667016014099634180e-15,0.000000000000000000e+00
0.000000000000000000e+00,3.840152509506234834e-16,3.840166538489423733e-16,0.000000000000000000e+00
0.000000000000000000e+00,3.192194208599315479e-17,3.192193877727070458e-17,0.000000000000000000e+00
0.000000000000000000e+00,8.830631030283617872e-15,8.830664911601508044e-15,0.000000000000000000e+00
0.000000000000000000e+00,5.164060241504377959e-16,5.164060241504377959e-16,0.000000000000000000e+00
0.000000000000000000e+00,7.894698454734291686e-17,7.894669999721219862e-17,0.000000000000000000e+00
0.000000000000000000e+00,4.662244042233040266e-16,4.662280041133298573e-16,0.000000000000000000e+00
0.000000000000000000e+00,1.788295599385210377e-14,1.788289161934811244e-14,0.000000000000000000e+00
0.000000000000000000e+00,6.406489650844643391e-15,6.406439675900755387e-15,0.000000000000000000e+00
0.000000000000000000e+00,1.478124479605891824e-15,1.478129773561812164e-15,0.000000000000000000e+00
0.000000000000000000e+00,1.301621554002053635e-15,1.301621765760290449e-15,0.000000000000000000e+00
0.000000000000000000e+00,9.654547601374401100e-15,9.654551836539137372e-15,0.000000000000000000e+00
0.000000000000000000e+00,3.832292556210648016e-13,3.832284424694354374e-13,0.000000000000000000e+00
0.000000000000000000e+00,1.738925301496274667e-13,1.738925979122632470e-13,0.000000000000000000e+00
1.000000000000000000e+00,1.000000000000000000e+00,1.000000000000000000e+00,9.960937500000000000e-01
1.000000000000000000e+00,1.000000000000000000e+00,1.000000000000000000e+00,9.960937500000000000e-01
1.000000000000000000e+00,1.000000000000000000e+00,1.000000000000000000e+00,9.960937500000000000e-01
1.000000000000000000e+00,1.000000000000000000e+00,1.000000000000000000e+00,9.960937500000000000e-01
1.000000000000000000e+00,1.000000000000000000e+00,1.000000000000000000e+00,9.960937500000000000e-01
0.000000000000000000e+00,1.430964179614802045e-12,1.430961469109370832e-12,0.000000000000000000e+00
0.000000000000000000e+00,1.943995311948221172e-12,1.943994661426917681e-12,0.000000000000000000e+00
0.000000000000000000e+00,3.251939394307255815e-14,3.251944476504939341e-14,0.000000000000000000e+00
0.000000000000000000e+00,1.306555639504422550e-13,1.306552793473719776e-13,0.000000000000000000e+00
0.000000000000000000e+00,3.045629070122513049e-13,3.045635846386091083e-13,0.000000000000000000e+00
0.000000000000000000e+00,1.950219499780025956e-12,1.950219066099156962e-12,0.000000000000000000e+00
0.000000000000000000e+00,3.832089159883089735e-12,3.832103905032635538e-12,0.000000000000000000e+00
0.000000000000000000e+00,5.614395233444202660e-12,5.614395233444202660e-12,0.000000000000000000e+00
0.000000000000000000e+00,5.813980546998109844e-11,5.813980893942805039e-11,0.000000000000000000e+00
0.000000000000000000e+00,3.235857415351262034e-11,3.235856374517176448e-11,0.000000000000000000e+00
0.000000000000000000e+00,8.147332114516459001e-11,8.147318236728651186e-11,0.000000000000000000e+00
0.000000000000000000e+00,5.191592156172930572e-10,5.191579943719659695e-10,0.000000000000000000e+00
0.000000000000000000e+00,2.826804901268076264e-10,2.826820999501933329e-10,0.000000000000000000e+00
0.000000000000000000e+00,2.660098097351237811e-08,2.660097564444185991e-08,0.000000000000000000e+00
0.000000000000000000e+00,1.556550111025956085e-09,1.556546780356882209e-09,0.000000000000000000e+00
0.000000000000000000e+00,6.971663690791274348e-09,6.971649479936559146e-09,0.000000000000000000e+00
0.000000000000000000e+00,9.620734209292436390e-10,9.620715335501017762e-10,0.000000000000000000e+00
0.000000000000000000e+00,1.559516249471926130e-08,1.559516427107610070e-08,0.000000000000000000e+00
0.000000000000000000e+00,2.045258717942033400e-08,2.045255342864038539e-08,0.000000000000000000e+00
0.000000000000000000e+00,8.779807103564962745e-08,8.779792182167511783e-08,0.000000000000000000e+00
0.000000000000000000e+00,2.595361365820281208e-07,2.595361650037375512e-07,0.000000000000000000e+00
0.000000000000000000e+00,2.830633505368496117e-08,2.830633150097128237e-08,0.000000000000000000e+00
0.000000000000000000e+00,1.918764525044025504e-08,1.918765057951077324e-08,0.000000000000000000e+00
0.000000000000000000e+00,3.562708741355891107e-07,3.562712436178117059e-07,0.000000000000000000e+00
0.000000000000000000e+00,1.080622496374417096e-06,1.080619313142960891e-06,0.000000000000000000e+00
0.000000000000000000e+00,2.029672288017536630e-07,2.029662482527783141e-07,0.000000000000000000e+00
0.000000000000000000e+00,2.425148863949289080e-07,2.425137211048422614e-07,0.000000000000000000e+00
0.000000000000000000e+00,1.905930957946111448e-06,1.905933117996028159e-06,0.000000000000000000e+00
0.000000000000000000e+00,3.110562829533591866e-08,3.110550395035716065e-08,0.000000000000000000e+00
0.000000000000000000e+00,1.414988446413190104e-06,1.414990151715755928e-06,0.000000000000000000e+00
0.000000000000000000e+00,1.947264678392457427e-07,1.947259136159118498e-07,0.000000000000000000e+00
0.000000000000000000e+00,1.822121248551411554e-06,1.822126364459109027e-06,0.000000000000000000e+00
0.000000000000000000e+00,3.691050324050593190e-06,3.691057145260856487e-06,0.000000000000000000e+00
0.000000000000000000e+00,2.644159167175530456e-07,2.644158882958436152e-07,0.000000000000000000e+00
0.000000000000000000e+00,8.574016305828990880e-07,8.574024832341820002e-07,0.000000000000000000e+00
0.000000000000000000e+00,1.934969162675770349e-07,1.934963620442431420e-07,0.000000000000000000e+00
0.000000000000000000e+00,3.493217263894621283e-06,3.493204076221445575e-06,0.000000000000000000e+00
0.000000000000000000e+00,2.022133429591121967e-07,2.022137124413347919e-07,0.000000000000000000e+00
0.000000000000000000e+00,3.846208187496813480e-07,3.846211598101945128e-07,0.000000000000000000e+00
0.000000000000000000e+00,1.534705873496022832e-08,1.534700011518452811e-08,0.000000000000000000e+00
0.000000000000000000e+00,7.155654202506411821e-08,7.155639991651696619e-08,0.000000000000000000e+00
0.000000000000000000e+00,1.791677739504393685e-08,1.791681114582388545e-08,0.000000000000000000e+00
0.000000000000000000e+00,1.948757955005930853e-08,1.948758132641614793e-08,0.000000000000000000e+00
0.000000000000000000e+00,3.574129436856310349e-08,3.574128726313574589e-08,0.000000000000000000e+00
0.000000000000000000e+00,4.433494404931792587e-10,4.433493849820280275e-10,0.000000000000000000e+00
0.000000000000000000e+00,1.250308478972783632e-08,1.250306080891050442e-08,0.000000000000000000e+00
0.000000000000000000e+00,9.803661882301639707e-09,9.803663658658479108e-09,0.000000000000000000e+00
0.000000000000000000e+00,1.529302462444093180e-09,1.529302129377185793e-09,0.000000000000000000e+00
0.000000000000000000e+00,8.047704724845061719e-10,8.047704169733549406e-10,0.000000000000000000e+00
0.000000000000000000e+00,1.321213027871692702e-09,1.321208031868081889e-09,0.000000000000000000e+00
0.000000000000000000e+00,1.088106618696293992e-10,1.088106479918415914e-10,0.000000000000000000e+00
0.000000000000000000e+00,1.248882330884271141e-09,1.248887548932486879e-09,0.000000000000000000e+00
0.000000000000000000e+00,3.000417692078372056e-10,3.000424353416519807e-10,0.000000000000000000e+00
0.000000000000000000e+00,1.751356525081515514e-11,1.751353055634563560e-11,0.000000000000000000e+00
0.000000000000000000e+00,1.888020711993121381e-10,1.888028205998537601e-10,0.000000000000000000e+00
0.000000000000000000e+00,9.908552450754726237e-11,9.908549675197164675e-11,0.000000000000000000e+00
0.000000000000000000e+00,4.284687535327513785e-11,4.284688576161599372e-11,0.000000000000000000e+00
0.000000000000000000e+00,1.607067018523367086e-12,1.607060621730549421e-12,0.000000000000000000e+00
0.000000000000000000e+00,5.352940313230192260e-13,5.352938686926933531e-13,0.000000000000000000e+00
0.000000000000000000e+00,3.678849488496921394e-13,3.678863312074620584e-13,0.000000000000000000e+00
0.000000000000000000e+00,5.903591282279893604e-14,5.903591959906251407e-14,0.000000000000000000e+00
0.000000000000000000e+00,2.481213476866750423e-13,2.481203990097741174e-13,0.000000000000000000e+00
0.000000000000000000e+00,2.628793179231675436e-14,2.628797753209590610e-14,0.000000000000000000e+00
0.000000000000000000e+00,6.276434179244144707e-14,6.276434179244144707e-14,0.000000000000000000e+00
0.000000000000000000e+00,4.056907923071255070e-15,4.056923593180779275e-15,0.000000000000000000e+00
0.000000000000000000e+00,8.781752994062308471e-15,8.781753841095255725e-15,0.000000000000000000e+00
0.000000000000000000e+00,3.221728354880831410e-15,3.221728778397305037e-15,0.000000000000000000e+00
0.000000000000000000e+00,2.220129047169803159e-15,2.220129470686276786e-15,0.000000000000000000e+00
0.000000000000000000e+00,1.638614247341887466e-15,1.638620282451636653e-15,0.000000000000000000e+00
0.000000000000000000e+00,3.261656535102333467e-16,3.261669505294338299e-16,0.000000000000000000e+00
0.000000000000000000e+00,6.992742700039940437e-17,6.992716230260338740e-17,0.000000000000000000e+00
0.000000000000000000e+00,2.787659875669032188e-17,2.787649949501681552e-17,0.000000000000000000e+00
0.000000000000000000e+00,3.496615533736795872e-17,3.496630092115576805e-17,0.000000000000000000e+00
0.000000000000000000e+00,1.253116796267048589e-18,1.253126722434399225e-18,0.000000000000000000e+00
0.000000000000000000e+00,9.280634566624183610e-19,9.280635600599949301e-19,0.000000000000000000e+00
0.000000000000000000e+00,8.545742495013697233e-19,8.545776616213965045e-19,0.000000000000000000e+00
0.000000000000000000e+00,8.033129363632694761e-19,8.033129880620577606e-19,0.000000000000000000e+00
0.000000000000000000e+00,1.383595800802068613e-19,1.383596188542980747e-19,0.000000000000000000e+00
0.000000000000000000e+00,4.815612364748563738e-19,4.815648553900362933e-19,0.000000000000000000e+00
0.000000000000000000e+00,2.254406442505117867e-20,2.254406119387691088e-20,0.000000000000000000e+00
0.000000000000000000e+00,6.510164098620068609e-20,6.510189948014210891e-20,0.000000000000000000e+00
0.000000000000000000e+00,4.181062762125272175e-21,4.181063973815622595e-21,0.000000000000000000e+00
0.000000000000000000e+00,4.391068389821161359e-22,4.391085555434458968e-22,0.000000000000000000e+00
0.000000000000000000e+00,3.068725365885226297e-21,3.068737482788730492e-21,0.000000000000000000e+00
0.000000000000000000e+00,1.698632225324803368e-22,1.698632730195782709e-22,0.000000000000000000e+00
0.000000000000000000e+00,2.908935316510792038e-23,2.908946045019103044e-23,0.000000000000000000e+00
0.000000000000000000e+00,1.394269745686853026e-22,1.394275677920860288e-22,0.000000000000000000e+00
0.000000000000000000e+00,7.287328226197989762e-24,7.287354258607862055e-24,0.000000000000000000e+00
0.000000000000000000e+00,3.495816591103378069e-24,3.495830790599672048e-24,0.000000000000000000e+00
0.000000000000000000e+00,6.598127767615235025e-25,6.598154884708851997e-25,0.000000000000000000e+00
0.000000000000000000e+00,5.259867741789057279e-24,5.259888646603045636e-24,0.000000000000000000e+00
0.000000000000000000e+00,2.547961559295976556e-25,2.547981773856672844e-25,0.000000000000000000e+00
0.000000000000000000e+00,7.688108343494136029e-26,7.688140390968410633e-26,0.000000000000000000e+00
0.000000000000000000e+00,2.874766294508829017e-26,2.874766294508829017e-26,0.000000000000000000e+00
0.000000000000000000e+00,1.508926360233347138e-25,1.508926976530929342e-25,0.000000000000000000e+00
1.000000000000000000e+00,9.994572997093200684e-01,9.994572997093200684e-01,9.960937500000000000e-01
1.000000000000000000e+00,9.994572997093200684e-01,9.994572997093200684e-01,9.960937500000000000e-01
1.000000000000000000e+00,9.994572997093200684e-01,9.994572997093200684e-01,9.960937500000000000e-01
1.000000000000000000e+00,9.994572997093200684e-01,9.994572997093200684e-01,9.960937500000000000e-01
1.000000000000000000e+00,9.994572997093200684e-01,9.994572997093200684e-01,9.960937500000000000e-01
0.000000000000000000e+00,1.189911549422354393e-27,1.189921275368573548e-27,0.000000000000000000e+00
0.000000000000000000e+00,8.693929436218349274e-29,8.693995038207079964e-29,0.000000000000000000e+00
0.000000000000000000e+00,3.260949975282779538e-29,3.260951479915548591e-29,0.000000000000000000e+00
0.000000000000000000e+00,4.159619642027663221e-28,4.159652382836717804e-28,0.000000000000000000e+00
0.000000000000000000e+00,2.198421045348525349e-29,2.198421045348525349e-29,0.000000000000000000e+00
0.000000000000000000e+00,6.060707437359423453e-30,6.060708189675807980e-30,0.000000000000000000e+00
0.000000000000000000e+00,2.600947625962749095e-29,2.600948227815856716e-29,0.000000000000000000e+00
0.000000000000000000e+00,5.190725761027713653e-30,5.190726137185905916e-30,0.000000000000000000e+00
0.000000000000000000e+00,1.829058277782016715e-31,1.829058512880886880e-31,0.000000000000000000e+00
0.000000000000000000e+00,2.330991661946126590e-31,2.330974499728604584e-31,0.000000000000000000e+00
0.000000000000000000e+00,3.874078789120126879e-32,3.874109645846835964e-32,0.000000000000000000e+00
0.000000000000000000e+00,1.167544600077111460e-31,1.167553651383612791e-31,0.000000000000000000e+00
0.000000000000000000e+00,3.566480893445682008e-31,3.566480893445682008e-31,0.000000000000000000e+00
0.000000000000000000e+00,6.815215907260987877e-32,6.815166536498253341e-32,0.000000000000000000e+00
0.000000000000000000e+00,2.942997631824624973e-32,2.942997925698212679e-32,0.000000000000000000e+00
0.000000000000000000e+00,5.651262559975073588e-32,5.651264323216599821e-32,0.000000000000000000e+00
0.000000000000000000e+00,4.881829875674883180e-33,4.881830977700837076e-33,0.000000000000000000e+00
0.000000000000000000e+00,1.714703895120040483e-33,1.714703895120040483e-33,0.000000000000000000e+00
0.000000000000000000e+00,1.316907515087658749e-33,1.316907515087658749e-33,0.000000000000000000e+00
0.000000000000000000e+00,1.675084960051529178e-33,1.675097817020991297e-33,0.000000000000000000e+00
0.000000000000000000e+00,2.302279007545582625e-32,2.302279301419170330e-32,0.000000000000000000e+00
0.000000000000000000e+00,1.332200949139471144e-34,1.332201637905692329e-34,0.000000000000000000e+00
0.000000000000000000e+00,5.784521375030088315e-34,5.784569129488090470e-34,0.000000000000000000e+00
0.000000000000000000e+00,1.034851686369681813e-33,1.034852145547162603e-33,0.000000000000000000e+00
0.000000000000000000e+00,2.816463801583565321e-34,2.816464949527267296e-34,0.000000000000000000e+00
0.000000000000000000e+00,4.597965989708547714e-33,4.597932928929930837e-33,0.000000000000000000e+00
0.000000000000000000e+00,5.883260260228645923e-35,5.883261982144198886e-35,0.000000000000000000e+00
0.000000000000000000e+00,1.615011321252756175e-33,1.614999198967263320e-33,0.000000000000000000e+00
0.000000000000000000e+00,3.422983759530585244e-34,3.422983759530585244e-34,0.000000000000000000e+00
0.000000000000000000e+00,4.960161421300322574e-34,4.960163258010245734e-34,0.000000000000000000e+00
0.000000000000000000e+00,8.939034852213584815e-34,8.939104647190664889e-34,0.000000000000000000e+00
0.000000000000000000e+00,9.369059613925667353e-35,9.369133656294444734e-35,0.000000000000000000e+00
0.000000000000000000e+00,6.627182765611699334e-34,6.627184143144141704e-34,0.000000000000000000e+00
0.000000000000000000e+00,3.261143120759563148e-33,3.261143488101547780e-33,0.000000000000000000e+00
0.000000000000000000e+00,4.989918877120396467e-34,4.989883061276894850e-34,0.000000000000000000e+00
0.000000000000000000e+00,1.244052303769112687e-34,1.244062290879319869e-34,0.000000000000000000e+00
0.000000000000000000e+00,4.581193889374221463e-33,4.581195358742159990e-33,0.000000000000000000e+00
0.000000000000000000e+00,1.432135532498005798e-34,1.432147241523765942e-34,0.000000000000000000e+00
0.000000000000000000e+00,9.388378358486202779e-35,9.388310055835935273e-35,0.000000000000000000e+00
0.000000000000000000e+00,5.370649283230746378e-33,5.370648915888761746e-33,0.000000000000000000e+00
0.000000000000000000e+00,6.724308445525871630e-34,6.724258395180465524e-34,0.000000000000000000e+00
0.000000000000000000e+00,2.464917751879515358e-34,2.464918670234476938e-34,0.000000000000000000e+00
0.000000000000000000e+00,1.714867876581980192e-32,1.714868464329155603e-32,0.000000000000000000e+00
0.000000000000000000e+00,1.338819923648436242e-33,1.338819923648436242e-33,0.000000000000000000e+00
0.000000000000000000e+00,2.031868801361202091e-33,2.031869719716163671e-33,0.000000000000000000e+00
0.000000000000000000e+00,6.487019060005756027e-32,6.486973215726073958e-32,0.000000000000000000e+00
0.000000000000000000e+00,2.154118744478781464e-33,2.154119846504735360e-33,0.000000000000000000e+00
0.000000000000000000e+00,2.750090780394231837e-32,2.750090780394231837e-32,0.000000000000000000e+00
0.000000000000000000e+00,1.791272474725734919e-33,1.791272474725734919e-33,0.000000000000000000e+00
0.000000000000000000e+00,2.080221365582735286e-32,2.080221512519529139e-32,0.000000000000000000e+00
0.000000000000000000e+00,3.337154626245563210e-33,3.337154993587547842e-33,0.000000000000000000e+00
0.000000000000000000e+00,1.999156189477359431e-32,1.999156336414153284e-32,0.000000000000000000e+00
0.000000000000000000e+00,4.081665272778306283e-31,4.081666213173786940e-31,0.000000000000000000e+00
0.000000000000000000e+00,2.359486303286895299e-30,2.359487619840568220e-30,0.000000000000000000e+00
0.000000000000000000e+00,3.924130692056246929e-31,3.924102245092957029e-31,0.000000000000000000e+00
0.000000000000000000e+00,5.549554439412831230e-31,5.549599108198162477e-31,0.000000000000000000e+00
0.000000000000000000e+00,4.114462975759469091e-31,4.114463445957209420e-31,0.000000000000000000e+00
0.000000000000000000e+00,7.160844512892868675e-30,7.160900184305323618e-30,0.000000000000000000e+00
0.000000000000000000e+00,3.965274893933897920e-29,3.965246305911285922e-29,0.000000000000000000e+00
0.000000000000000000e+00,3.588576237580122250e-30,3.588604825602734248e-30,0.000000000000000000e+00
0.000000000000000000e+00,1.487963123160127339e-28,1.487975400963522807e-28,0.000000000000000000e+00
0.000000000000000000e+00,2.447188902366717447e-29,2.447189203293271257e-29,0.000000000000000000e+00
0.000000000000000000e+00,4.803860225821811598e-30,4.803898217799230174e-30,0.000000000000000000e+00
0.000000000000000000e+00,3.577847604083670104e-29,3.577849108716439157e-29,0.000000000000000000e+00
0.000000000000000000e+00,6.877491498064444360e-28,6.877440942403404195e-28,0.000000000000000000e+00
0.000000000000000000e+00,8.181942627214876979e-28,8.181882923386600974e-28,0.000000000000000000e+00
0.000000000000000000e+00,5.055097332668030261e-27,5.055117747525440766e-27,0.000000000000000000e+00
0.000000000000000000e+00,3.389832424752133454e-28,3.389845424779258068e-28,0.000000000000000000e+00
0.000000000000000000e+00,1.509823535438640488e-27,1.509835091018306812e-27,0.000000000000000000e+00
0.000000000000000000e+00,1.430394486746617658e-26,1.430383855613324641e-26,0.000000000000000000e+00
0.000000000000000000e+00,7.912329729851564557e-26,7.912332811339475576e-26,0.000000000000000000e+00
0.000000000000000000e+00,1.256099028559858111e-25,1.256099028559858111e-25,0.000000000000000000e+00
0.000000000000000000e+00,2.459021683055866461e-25,2.459031543817181724e-25,0.000000000000000000e+00
0.000000000000000000e+00,1.203553743220185159e-25,1.203553743220185159e-25,0.000000000000000000e+00
0.000000000000000000e+00,4.016513303494916953e-24,4.016514486786274785e-24,0.000000000000000000e+00
0.000000000000000000e+00,1.264754893589247501e-23,1.264754972475338023e-23,0.000000000000000000e+00
0.000000000000000000e+00,5.975899036087802222e-24,5.975920335332243189e-24,0.000000000000000000e+00
0.000000000000000000e+00,7.052162479464364375e-24,7.052161690603459154e-24,0.000000000000000000e+00
0.000000000000000000e+00,1.460986489231780372e-23,1.460981124977624869e-23,0.000000000000000000e+00
0.000000000000000000e+00,1.405618109342745249e-22,1.405613186850696670e-22,0.000000000000000000e+00
0.000000000000000000e+00,3.664959413235436095e-22,3.664958403493477412e-22,0.000000000000000000e+00
0.000000000000000000e+00,1.434381972187471738e-21,1.434381669264884133e-21,0.000000000000000000e+00
0.000000000000000000e+00,5.249369249540795861e-22,5.249370259282754544e-22,0.000000000000000000e+00
0.000000000000000000e+00,1.418016882314706320e-21,1.418022132972891471e-21,0.000000000000000000e+00
0.000000000000000000e+00,1.795634626442162678e-21,1.795641492687481722e-21,0.000000000000000000e+00
0.000000000000000000e+00,1.473773419634433632e-21,1.473773116711846027e-21,0.000000000000000000e+00
0.000000000000000000e+00,1.375827540874429992e-19,1.375827799368371415e-19,0.000000000000000000e+00
0.000000000000000000e+00,6.956493955047489859e-20,6.956521743146192812e-20,0.000000000000000000e+00
0.000000000000000000e+00,6.239522622160994115e-19,6.239500908669914598e-19,0.000000000000000000e+00
0.000000000000000000e+00,5.049680438164518248e-20,5.049681084399371805e-20,0.000000000000000000e+00
0.000000000000000000e+00,1.292569692570648089e-18,1.292569899365801227e-18,0.000000000000000000e+00
0.000000000000000000e+00,1.447323211739952862e-17,1.447328671131995712e-17,0.000000000000000000e+00
0.000000000000000000e+00,7.642958091461205674e-19,7.642958608449088519e-19,0.000000000000000000e+00
0.000000000000000000e+00,2.331869709672206815e-18,2.331861644661234423e-18,0.000000000000000000e+00
0.000000000000000000e+00,5.457159895967008309e-18,5.457180989072628411e-18,0.000000000000000000e+00
1.000000000000000000e+00,9.999997615814208984e-01,9.999997615814208984e-01,9.960937500000000000e-01
1.000000000000000000e+00,9.999995231628417969e-01,9.999995231628417969e-01,9.960937500000000000e-01
1.000000000000000000e+00,9.999998211860656738e-01,9.999998211860656738e-01,9.960937500000000000e-01
1.000000000000000000e+00,9.999995827674865723e-01,9.999995827674865723e-01,9.960937500000000000e-01
1.000000000000000000e+00,9.999998211860656738e-01,9.999998211860656738e-01,9.960937500000000000e-01
0.000000000000000000e+00,6.284224785952339815e-16,6.284226374139115917e-16,0.000000000000000000e+00
0.000000000000000000e+00,9.579552320664042053e-14,9.579569261322987139e-14,0.000000000000000000e+00
0.000000000000000000e+00,3.983445179072363229e-14,3.983453988215014674e-14,0.000000000000000000e+00
0.000000000000000000e+00,2.743154553334903323e-13,2.743149403374584017e-13,0.000000000000000000e+00
0.000000000000000000e+00,7.987249750485148070e-12,7.987231535888650313e-12,0.000000000000000000e+00
0.000000000000000000e+00,1.312025032888797238e-12,1.312020153979021053e-12,0.000000000000000000e+00
0.000000000000000000e+00,4.181330195279775452e-12,4.181337567854548354e-12,0.000000000000000000e+00
0.000000000000000000e+00,3.506836964914383792e-12,3.506830893382217873e-12,0.000000000000000000e+00
0.000000000000000000e+00,7.509656785309459792e-11,7.509671356986657997e-11,0.000000000000000000e+00
0.000000000000000000e+00,3.730675837698704811e-11,3.730669245749496099e-11,0.000000000000000000e+00
0.000000000000000000e+00,1.495388812777775911e-10,1.495392004668971708e-10,0.000000000000000000e+00
0.000000000000000000e+00,7.305436811044785372e-11,7.305465954399181783e-11,0.000000000000000000e+00
0.000000000000000000e+00,9.590429561612268117e-10,9.590430671835292742e-10,0.000000000000000000e+00
0.000000000000000000e+00,1.907368485376537137e-09,1.907361157904574611e-09,0.000000000000000000e+00
0.000000000000000000e+00,3.489359634567534840e-10,3.489347144558507807e-10,0.000000000000000000e+00
0.000000000000000000e+00,3.888701360921231753e-09,3.888679600549949100e-09,0.000000000000000000e+00
0.000000000000000000e+00,2.970399926027766924e-09,2.970388823797520672e-09,0.000000000000000000e+00
0.000000000000000000e+00,2.527909970240216353e-08,2.527904641169698152e-08,0.000000000000000000e+00
0.000000000000000000e+00,2.963892953289359866e-08,2.963887801854525605e-08,0.000000000000000000e+00
0.000000000000000000e+00,3.689539695983512502e-08,3.689532590556154901e-08,0.000000000000000000e+00
0.000000000000000000e+00,2.173300686081347521e-07,2.173296422824932961e-07,0.000000000000000000e+00
0.000000000000000000e+00,5.274567982382905029e-08,5.274568337654272909e-08,0.000000000000000000e+00
0.000000000000000000e+00,1.835265237559724483e-07,1.835265663885365939e-07,0.000000000000000000e+00
0.000000000000000000e+00,4.597507654580113012e-07,4.597503675540792756e-07,0.000000000000000000e+00
0.000000000000000000e+00,1.032763563557637099e-07,1.032761360875156242e-07,0.000000000000000000e+00
0.000000000000000000e+00,1.196059997710108291e-06,1.196061134578485508e-06,0.000000000000000000e+00
0.000000000000000000e+00,3.276740869750938145e-07,3.276732343238109024e-07,0.000000000000000000e+00
0.000000000000000000e+00,2.695405214581114706e-07,2.695407772534963442e-07,0.000000000000000000e+00
0.000000000000000000e+00,2.585593108506145654e-07,2.585588276815542486e-07,0.000000000000000000e+00
0.000000000000000000e+00,1.389979189525547554e-07,1.389981605370849138e-07,0.000000000000000000e+00
0.000000000000000000e+00,6.322507317690906348e-08,6.322507317690906348e-08,0.000000000000000000e+00
0.000000000000000000e+00,1.367241225125326309e-06,1.367241338812164031e-06,0.000000000000000000e+00
0.000000000000000000e+00,8.144740604620892555e-06,8.144724233716260642e-06,0.000000000000000000e+00
0.000000000000000000e+00,1.676150532148312777e-06,1.676148372098396067e-06,0.000000000000000000e+00
0.000000000000000000e+00,2.031635801813536091e-07,2.031635943922083243e-07,0.000000000000000000e+00
0.000000000000000000e+00,2.617029792872926919e-07,2.617027234919078182e-07,0.000000000000000000e+00
0.000000000000000000e+00,1.112526774704747368e-06,1.112525751523207873e-06,0.000000000000000000e+00
0.000000000000000000e+00,3.804876541835255921e-06,3.804858351941220462e-06,0.000000000000000000e+00
0.000000000000000000e+00,1.002180397335905582e-06,1.002182330012146849e-06,0.000000000000000000e+00
0.000000000000000000e+00,6.599431401355104754e-08,6.599444191124348436e-08,0.000000000000000000e+00
0.000000000000000000e+00,3.468654199423326645e-07,3.468661304850684246e-07,0.000000000000000000e+00
0.000000000000000000e+00,2.513582728624896845e-07,2.513587560315500014e-07,0.000000000000000000e+00
0.000000000000000000e+00,3.648461586180928862e-07,3.648451638582628220e-07,0.000000000000000000e+00
0.000000000000000000e+00,3.390817937543033622e-08,3.390804081959686300e-08,0.000000000000000000e+00
0.000000000000000000e+00,6.298303389939974295e-08,6.298278520944222691e-08,0.000000000000000000e+00
0.000000000000000000e+00,3.745597609849937726e-08,3.745605070548663207e-08,0.000000000000000000e+00
0.000000000000000000e+00,1.348893050590049825e-07,1.348894045349879889e-07,0.000000000000000000e+00
0.000000000000000000e+00,1.985518771618899336e-08,1.985515574176588416e-08,0.000000000000000000e+00
0.000000000000000000e+00,1.043207049633565475e-07,1.043206694362197595e-07,0.000000000000000000e+00
0.000000000000000000e+00,3.578323770625502220e-08,3.578309915042154898e-08,0.000000000000000000e+00
0.000000000000000000e+00,3.231211920251553238e-08,3.231204814824195637e-08,0.000000000000000000e+00
0.000000000000000000e+00,4.856331337066421838e-09,4.856322899371434687e-09,0.000000000000000000e+00
0.000000000000000000e+00,3.812934412650292870e-09,3.812941962166860321e-09,0.000000000000000000e+00
0.000000000000000000e+00,2.982640134874259275e-09,2.982645908033987325e-09,0.000000000000000000e+00
0.000000000000000000e+00,5.952345838444728088e-10,5.952335846437506461e-10,0.000000000000000000e+00
0.000000000000000000e+00,4.496850003476993152e-09,4.496850003476993152e-09,0.000000000000000000e+00
0.000000000000000000e+00,3.817373972481163946e-09,3.817373528391954096e-09,0.000000000000000000e+00
0.000000000000000000e+00,9.895349817323761954e-11,9.895329000642050232e-11,0.000000000000000000e+00
0.000000000000000000e+00,3.044634544480118166e-10,3.044641483374022073e-10,0.000000000000000000e+00
0.000000000000000000e+00,2.067898074997742697e-10,2.067890025880814164e-10,0.000000000000000000e+00
0.000000000000000000e+00,1.692307544098881067e-10,1.692304768541319504e-10,0.000000000000000000e+00
0.000000000000000000e+00,1.711530916992387574e-10,1.711531610881777965e-10,0.000000000000000000e+00
0.000000000000000000e+00,4.427958555375255401e-10,4.427975208720624778e-10,0.000000000000000000e+00
0.000000000000000000e+00,7.510715660519196035e-11,7.510703170510169002e-11,0.000000000000000000e+00
0.000000000000000000e+00,6.626740389065188808e-12,6.626726944958249987e-12,0.000000000000000000e+00
0.000000000000000000e+00,9.429028738350275773e-12,9.429030473073751750e-12,0.000000000000000000e+00
0.000000000000000000e+00,5.807062296303566740e-12,5.807040178579248035e-12,0.000000000000000000e+00
0.000000000000000000e+00,3.086757932591055464e-11,3.086751340641846753e-11,0.000000000000000000e+00
0.000000000000000000e+00,2.504235751057959369e-12,2.504231414249269427e-12,0.000000000000000000e+00
0.000000000000000000e+00,7.549664886308260492e-12,7.549635396009168886e-12,0.000000000000000000e+00
0.000000000000000000e+00,1.309824427739303410e-12,1.309822259334958439e-12,0.000000000000000000e+00
0.000000000000000000e+00,8.522800520882611863e-13,8.522752815987022501e-13,0.000000000000000000e+00
0.000000000000000000e+00,1.597696367566792119e-12,1.597693114960274663e-12,0.000000000000000000e+00
0.000000000000000000e+00,2.439012262555467769e-13,2.439021478273933896e-13,0.000000000000000000e+00
0.000000000000000000e+00,6.627263706348793249e-14,6.627263706348793249e-14,0.000000000000000000e+00
0.000000000000000000e+00,3.979044741267423468e-13,3.979013570454964510e-13,0.000000000000000000e+00
0.000000000000000000e+00,1.308810373447377717e-13,1.308807527416674943e-13,0.000000000000000000e+00
0.000000000000000000e+00,2.444907747393629260e-14,2.444907408580450359e-14,0.000000000000000000e+00
0.000000000000000000e+00,3.708506415909910980e-14,3.708507771162626587e-14,0.000000000000000000e+00
0.000000000000000000e+00,3.544058696145456488e-14,3.544072587485791459e-14,0.000000000000000000e+00
0.000000000000000000e+00,2.260807677406748845e-14,2.260790228528035406e-14,0.000000000000000000e+00
0.000000000000000000e+00,5.418204811679858124e-14,5.418205150493037026e-14,0.000000000000000000e+00
0.000000000000000000e+00,1.447178999086726897e-14,1.447178999086726897e-14,0.000000000000000000e+00
0.000000000000000000e+00,1.252440174106508788e-15,1.252440279985627195e-15,0.000000000000000000e+00
0.000000000000000000e+00,1.974899837577353406e-14,1.974885099204071182e-14,0.000000000000000000e+00
0.000000000000000000e+00,4.276048104959710586e-16,4.276031693696357534e-16,0.000000000000000000e+00
0.000000000000000000e+00,3.424085955347982253e-16,3.424085955347982253e-16,0.000000000000000000e+00
0.000000000000000000e+00,5.557816609576442311e-17,5.557837123655633626e-17,0.000000000000000000e+00
0.000000000000000000e+00,1.308291356126530013e-16,1.308291488475428021e-16,0.000000000000000000e+00
0.000000000000000000e+00,2.461397508201579142e-17,2.461397177329334120e-17,0.000000000000000000e+00
0.000000000000000000e+00,1.943986671365126231e-16,1.943994479950108731e-16,0.000000000000000000e+00
0.000000000000000000e+00,1.095556318271203309e-16,1.095560619610388585e-16,0.000000000000000000e+00
0.000000000000000000e+00,6.627055705166321889e-19,6.627058290105736117e-19,0.000000000000000000e+00
0.000000000000000000e+00,4.921618662174531309e-19,4.921618145186648463e-19,0.000000000000000000e+00
0.000000000000000000e+00,3.825527112552072501e-18,3.825526698961766224e-18,0.000000000000000000e+00
1.000000000000000000e+00,1.000000000000000000e+00,1.000000000000000000e+00,9.960937500000000000e-01
1.000000000000000000e+00,1.000000000000000000e+00,1.000000000000000000e+00,9.960937500000000000e-01
1.000000000000000000e+00,1.000000000000000000e+00,1.000000000000000000e+00,9.960937500000000000e-01
1.000000000000000000e+00,1.000000000000000000e+00,1.000000000000000000e+00,9.960937500000000000e-01
1.000000000000000000e+00,9.999997019767761230e-01,9.999997019767761230e-01,9.960937500000000000e-01
0.000000000000000000e+00,7.674586671002588314e-22,7.674617468132328142e-22,0.000000000000000000e+00
0.000000000000000000e+00,1.288314719928321497e-21,1.288319667663919043e-21,0.000000000000000000e+00
0.000000000000000000e+00,3.702141828004548246e-20,3.702157014523606836e-20,0.000000000000000000e+00
0.000000000000000000e+00,1.285050628072683170e-21,1.285050729046879038e-21,0.000000000000000000e+00
0.000000000000000000e+00,1.709677161522111380e-22,1.709684103498077325e-22,0.000000000000000000e+00
0.000000000000000000e+00,6.630738153310281713e-22,6.630739667923219737e-22,0.000000000000000000e+00
0.000000000000000000e+00,1.027690727843658781e-20,1.027687254331320912e-20,0.000000000000000000e+00
0.000000000000000000e+00,8.971609683261629736e-23,8.971607789995457205e-23,0.000000000000000000e+00
0.000000000000000000e+00,2.034687160275571650e-23,2.034695522201166992e-23,0.000000000000000000e+00
0.000000000000000000e+00,1.566675107196287903e-22,1.566687728970771439e-22,0.000000000000000000e+00
0.000000000000000000e+00,1.426625601466525628e-23,1.426625917010887717e-23,0.000000000000000000e+00
0.000000000000000000e+00,3.283940779305045224e-24,3.283953795509981371e-24,0.000000000000000000e+00
0.000000000000000000e+00,4.954341321551280491e-25,4.954360550035845253e-25,0.000000000000000000e+00
0.000000000000000000e+00,1.200479059234473113e-22,1.200478806798983443e-22,0.000000000000000000e+00
0.000000000000000000e+00,4.162389856518839067e-24,4.162390645379744288e-24,0.000000000000000000e+00
0.000000000000000000e+00,4.108987128678997452e-24,4.108988311970355283e-24,0.000000000000000000e+00
0.000000000000000000e+00,6.500295703340053957e-25,6.500247878647674933e-25,0.000000000000000000e+00
0.000000000000000000e+00,2.459584486007935077e-25,2.459603961011532720e-25,0.000000000000000000e+00
0.000000000000000000e+00,5.545716045235023394e-27,5.545758415693799913e-27,0.000000000000000000e+00
0.000000000000000000e+00,5.358203962138384439e-26,5.358226148851343780e-26,0.000000000000000000e+00
0.000000000000000000e+00,1.019305125303151043e-26,1.019301504554855595e-26,0.000000000000000000e+00
0.000000000000000000e+00,2.621509395716824084e-27,2.621520180924512652e-27,0.000000000000000000e+00
0.000000000000000000e+00,3.383685732667774094e-26,3.383686965262938501e-26,0.000000000000000000e+00
0.000000000000000000e+00,3.743424495856880214e-28,3.743453144064802974e-28,0.000000000000000000e+00
0.000000000000000000e+00,3.249851936385931768e-27,3.249877358661197680e-27,0.000000000000000000e+00
0.000000000000000000e+00,9.759771095657220755e-26,9.759735350397452928e-26,0.000000000000000000e+00
0.000000000000000000e+00,2.642061571932363594e-26,2.642052327468630535e-26,0.000000000000000000e+00
0.000000000000000000e+00,1.824788650022146444e-28,1.824803094496729349e-28,0.000000000000000000e+00
0.000000000000000000e+00,4.614759739827629669e-28,4.614724591606144602e-28,0.000000000000000000e+00
0.000000000000000000e+00,1.395251022308513240e-27,1.395245629704668956e-27,0.000000000000000000e+00
0.000000000000000000e+00,4.264960787748353570e-28,4.264944417343826278e-28,0.000000000000000000e+00
0.000000000000000000e+00,1.267001150547924388e-29,1.267001451474478199e-29,0.000000000000000000e+00
0.000000000000000000e+00,2.925934016085320222e-27,2.925923230877631654e-27,0.000000000000000000e+00
0.000000000000000000e+00,1.435136670344908322e-28,1.435137392568637467e-28,0.000000000000000000e+00
0.000000000000000000e+00,1.297072410050999021e-28,1.297073011904106642e-28,0.000000000000000000e+00
0.000000000000000000e+00,4.102474908211591140e-30,4.102508010132510295e-30,0.000000000000000000e+00
0.000000000000000000e+00,1.413830137462807713e-29,1.413830438389361524e-29,0.000000000000000000e+00
0.000000000000000000e+00,2.044063477910410795e-29,2.044079126091208942e-29,0.000000000000000000e+00
0.000000000000000000e+00,4.758612081642840997e-29,4.758576873236045168e-29,0.000000000000000000e+00
0.000000000000000000e+00,7.158714705208274821e-30,7.158769624304345239e-30,0.000000000000000000e+00
0.000000000000000000e+00,6.405994232743972147e-31,6.406045954495408327e-31,0.000000000000000000e+00
0.000000000000000000e+00,2.778721708550034883e-31,2.778722648945515541e-31,0.000000000000000000e+00
0.000000000000000000e+00,8.650582357927257316e-31,8.650649126006384021e-31,0.000000000000000000e+00
0.000000000000000000e+00,3.385707203181877519e-29,3.385734888424828086e-29,0.000000000000000000e+00
0.000000000000000000e+00,6.922971852218662838e-30,6.923024514365579676e-30,0.000000000000000000e+00
0.000000000000000000e+00,2.353905582730660247e-29,2.353923638323888877e-29,0.000000000000000000e+00
0.000000000000000000e+00,3.212512084865056030e-30,3.212512837181440557e-30,0.000000000000000000e+00
0.000000000000000000e+00,1.524136218673066158e-31,1.524148678913184874e-31,0.000000000000000000e+00
0.000000000000000000e+00,1.013108363855062475e-30,1.013116545295744198e-30,0.000000000000000000e+00
0.000000000000000000e+00,1.265647126817076615e-31,1.265647714564252026e-31,0.000000000000000000e+00
0.000000000000000000e+00,2.418604490873365141e-29,2.418604791799918951e-29,0.000000000000000000e+00
0.000000000000000000e+00,2.926150799436945195e-31,2.926129875637500559e-31,0.000000000000000000e+00
0.000000000000000000e+00,1.005369943484277258e-30,1.005370413682017587e-30,0.000000000000000000e+00
0.000000000000000000e+00,2.958872565483044884e-30,2.958895699211869066e-30,0.000000000000000000e+00
0.000000000000000000e+00,6.579959873501825435e-31,6.580012065451001945e-31,0.000000000000000000e+00
0.000000000000000000e+00,1.616930659612571175e-30,1.616943448991108122e-30,0.000000000000000000e+00
0.000000000000000000e+00,3.008059951098852682e-30,3.008060891494333340e-30,0.000000000000000000e+00
0.000000000000000000e+00,9.593713825196513213e-30,9.593719091411204896e-30,0.000000000000000000e+00
0.000000000000000000e+00,2.641209605224175750e-30,2.641210357540560276e-30,0.000000000000000000e+00
0.000000000000000000e+00,1.513124916401060478e-30,1.513136671344568701e-30,0.000000000000000000e+00
0.000000000000000000e+00,1.381152673447801815e-29,1.381152823911078720e-29,0.000000000000000000e+00
0.000000000000000000e+00,1.588829009543169373e-30,1.588829573780457767e-30,0.000000000000000000e+00
0.000000000000000000e+00,1.126412778505963329e-29,1.126413004200878686e-29,0.000000000000000000e+00
0.000000000000000000e+00,2.474788682176001779e-29,2.474808392865276367e-29,0.000000000000000000e+00
0.000000000000000000e+00,1.126971448653112532e-29,1.126971749579666343e-29,0.000000000000000000e+00
0.000000000000000000e+00,4.227362362076850617e-29,4.227363565783065859e-29,0.000000000000000000e+00
0.000000000000000000e+00,3.759136473084434333e-28,3.759151399041503334e-28,0.000000000000000000e+00
0.000000000000000000e+00,2.262304924012889870e-28,2.262331405549625194e-28,0.000000000000000000e+00
0.000000000000000000e+00,1.668546548096386828e-27,1.668565999988825139e-27,0.000000000000000000e+00
0.000000000000000000e+00,6.960048411060547612e-28,6.960076337044741227e-28,0.000000000000000000e+00
0.000000000000000000e+00,3.599838859227780062e-27,3.599880459314578826e-27,0.000000000000000000e+00
0.000000000000000000e+00,9.373957099543507794e-27,9.373997929258328804e-27,0.000000000000000000e+00
0.000000000000000000e+00,6.424998590973038168e-27,6.425025939178248466e-27,0.000000000000000000e+00
0.000000000000000000e+00,3.487969693071531512e-25,3.487996070608049840e-25,0.000000000000000000e+00
0.000000000000000000e+00,2.588796697535709350e-25,2.588807790892189021e-25,0.000000000000000000e+00
0.000000000000000000e+00,2.578693084158179250e-26,2.578703869365867818e-26,0.000000000000000000e+00
0.000000000000000000e+00,2.306180375707361187e-25,2.306172240579276095e-25,0.000000000000000000e+00
0.000000000000000000e+00,4.106916368802792296e-25,4.106886539999813626e-25,0.000000000000000000e+00
0.000000000000000000e+00,3.481417118569926330e-24,3.481431318066220309e-24,0.000000000000000000e+00
0.000000000000000000e+00,2.577968053193547097e-24,2.577988366361856538e-24,0.000000000000000000e+00
0.000000000000000000e+00,2.257946905468013133e-24,2.257947891544144660e-24,0.000000000000000000e+00
0.000000000000000000e+00,1.878177629996266040e-23,1.878185360833137206e-23,0.000000000000000000e+00
0.000000000000000000e+00,3.074687740689954990e-22,3.074724091400467574e-22,0.000000000000000000e+00
0.000000000000000000e+00,7.992336057093266808e-23,7.992400428143132843e-23,0.000000000000000000e+00
0.000000000000000000e+00,2.547664284952453070e-22,2.547664789823432411e-22,0.000000000000000000e+00
0.000000000000000000e+00,2.332426376375060860e-21,2.332436271846255952e-21,0.000000000000000000e+00
0.000000000000000000e+00,1.994939311782518144e-21,1.994946783873012398e-21,0.000000000000000000e+00
0.000000000000000000e+00,2.489170842053715770e-21,2.489181545318477809e-21,0.000000000000000000e+00
0.000000000000000000e+00,2.222573075177610832e-20,2.222572752060184053e-20,0.000000000000000000e+00
0.000000000000000000e+00,1.552440941412158313e-19,1.552441587647011870e-19,0.000000000000000000e+00
0.000000000000000000e+00,4.320983109236744424e-20,4.321000880695217243e-20,0.000000000000000000e+00
0.000000000000000000e+00,5.431465908382309594e-19,5.431487621873389111e-19,0.000000000000000000e+00
0.000000000000000000e+00,4.664782494096842997e-18,4.664784148458068103e-18,0.000000000000000000e+00
0.000000000000000000e+00,2.757661705465702079e-19,2.757662222453584924e-19,0.000000000000000000e+00
0.000000000000000000e+00,1.772443067005590010e-19,1.772450046342008426e-19,0.000000000000000000e+00
1.000000000000000000e+00,9.994572997093200684e-01,9.994572997093200684e-01,9.960937500000000000e-01
1.000000000000000000e+00,9.994572997093200684e-01,9.994572997093200684e-01,9.960937500000000000e-01
1.000000000000000000e+00,9.994572997093200684e-01,9.994572997093200684e-01,9.960937500000000000e-01
1.000000000000000000e+00,9.994572997093200684e-01,9.994572997093200684e-01,9.960937500000000000e-01
1.000000000000000000e+00,9.994572997093200684e-01,9.994572997093200684e-01,9.960937500000000000e-01
0.000000000000000000e+00,1.556956538987649074e-16,1.556957068383241108e-16,0.000000000000000000e+00
0.000000000000000000e+00,2.395271796679028552e-16,2.395289796129157706e-16,0.000000000000000000e+00
0.000000000000000000e+00,7.997519916550389213e-16,7.997551680285911249e-16,0.000000000000000000e+00
0.000000000000000000e+00,3.512848655473128521e-16,3.512848655473128521e-16,0.000000000000000000e+00
0.000000000000000000e+00,1.113123477194792078e-15,1.113123688953028892e-15,0.000000000000000000e+00
0.000000000000000000e+00,3.388353076374671542e-16,3.388353605770263576e-16,0.000000000000000000e+00
0.000000000000000000e+00,2.441331489587026879e-15,2.441332336619974133e-15,0.000000000000000000e+00
0.000000000000000000e+00,4.026458359166883855e-15,4.026473605759934432e-15,0.000000000000000000e+00
0.000000000000000000e+00,6.248398574536153521e-15,6.248397303986732640e-15,0.000000000000000000e+00
0.000000000000000000e+00,7.910023954197861751e-15,7.910021413099019988e-15,0.000000000000000000e+00
0.000000000000000000e+00,1.094415695763496787e-13,1.094417796405205978e-13,0.000000000000000000e+00
0.000000000000000000e+00,1.159582599076980011e-14,1.159587342461484635e-14,0.000000000000000000e+00
0.000000000000000000e+00,4.699468895627556542e-14,4.699478382396565790e-14,0.000000000000000000e+00
0.000000000000000000e+00,4.049587949044378132e-14,4.049581511593979000e-14,0.000000000000000000e+00
0.000000000000000000e+00,3.711435794654695253e-14,3.711416143490318953e-14,0.000000000000000000e+00
0.000000000000000000e+00,4.408851552611427194e-14,4.408844776347849159e-14,0.000000000000000000e+00
0.000000000000000000e+00,7.582760916564901255e-14,7.582734489136946920e-14,0.000000000000000000e+00
0.000000000000000000e+00,7.885971064526542396e-13,7.885986785458043435e-13,0.000000000000000000e+00
0.000000000000000000e+00,2.245534894097442336e-13,2.245539501956675399e-13,0.000000000000000000e+00
0.000000000000000000e+00,4.737103924726780713e-14,4.737095793210487071e-14,0.000000000000000000e+00
0.000000000000000000e+00,9.434713427181051770e-12,9.434732509139287515e-12,0.000000000000000000e+00
0.000000000000000000e+00,1.833688908180197696e-13,1.833689450281283939e-13,0.000000000000000000e+00
0.000000000000000000e+00,2.023418238517038503e-11,2.023418585461733699e-11,0.000000000000000000e+00
0.000000000000000000e+00,1.150948477149360549e-12,1.150946525585450075e-12,0.000000000000000000e+00
0.000000000000000000e+00,1.267508233787628669e-11,1.267510749136668835e-11,0.000000000000000000e+00
0.000000000000000000e+00,9.455971596017409553e-12,9.455955116144387773e-12,0.000000000000000000e+00
0.000000000000000000e+00,2.335959117111263694e-12,2.335946106685193868e-12,0.000000000000000000e+00
0.000000000000000000e+00,8.420421027111046897e-10,8.420420471999534584e-10,0.000000000000000000e+00
0.000000000000000000e+00,1.116422232438907258e-10,1.116422163049968219e-10,0.000000000000000000e+00
0.000000000000000000e+00,1.709422707552032961e-11,1.709429299501241672e-11,0.000000000000000000e+00
0.000000000000000000e+00,1.541203970001348011e-11,1.541201020971438851e-11,0.000000000000000000e+00
0.000000000000000000e+00,2.426108480779731735e-10,2.426108203223975579e-10,0.000000000000000000e+00
0.000000000000000000e+00,8.117918781636035419e-09,8.117916117100776319e-09,0.000000000000000000e+00
0.000000000000000000e+00,2.254222850051057492e-11,2.254205849760992919e-11,0.000000000000000000e+00
0.000000000000000000e+00,3.108251711569920417e-10,3.108246715566309604e-10,0.000000000000000000e+00
0.000000000000000000e+00,3.679037630099912803e-10,3.679044291438060554e-10,0.000000000000000000e+00
0.000000000000000000e+00,1.039585129092301941e-08,1.039585395545827851e-08,0.000000000000000000e+00
0.000000000000000000e+00,5.260572359666593201e-12,5.260562818687475328e-12,0.000000000000000000e+00
0.000000000000000000e+00,1.911544533772513432e-10,1.911548419553099620e-10,0.000000000000000000e+00
0.000000000000000000e+00,3.199135123477248044e-10,3.199135678588760356e-10,0.000000000000000000e+00
0.000000000000000000e+00,7.573762061952038493e-09,7.573762061952038493e-09,0.000000000000000000e+00
0.000000000000000000e+00,5.114098033942582333e-09,5.114089152158385332e-09,0.000000000000000000e+00
0.000000000000000000e+00,6.377693373416093436e-10,6.377683381408871810e-10,0.000000000000000000e+00
0.000000000000000000e+00,2.212984830107789236e-11,2.212989166916479178e-11,0.000000000000000000e+00
0.000000000000000000e+00,1.880983008240022514e-10,1.880983147017900592e-10,0.000000000000000000e+00
0.000000000000000000e+00,1.605631183565492393e-10,1.605628546785808908e-10,0.000000000000000000e+00
0.000000000000000000e+00,1.285384160221170191e-10,1.285383743887535957e-10,0.000000000000000000e+00
0.000000000000000000e+00,7.329205992112619583e-11,7.329192808214202159e-11,0.000000000000000000e+00
0.000000000000000000e+00,2.403695020802842919e-10,2.403690579910744418e-10,0.000000000000000000e+00
0.000000000000000000e+00,4.590455446318308930e-11,4.590447119645624241e-11,0.000000000000000000e+00
0.000000000000000000e+00,6.871166829958141875e-11,6.871153646059724451e-11,0.000000000000000000e+00
0.000000000000000000e+00,2.805683463336094974e-10,2.805689292006974256e-10,0.000000000000000000e+00
0.000000000000000000e+00,1.975113475549683528e-11,1.975110353047426770e-11,0.000000000000000000e+00
0.000000000000000000e+00,1.104435900373124113e-11,1.104434078913474337e-11,0.000000000000000000e+00
0.000000000000000000e+00,9.267848988248061914e-11,9.267848294358671524e-11,0.000000000000000000e+00
0.000000000000000000e+00,3.388676492188658074e-12,3.388670637496926652e-12,0.000000000000000000e+00
0.000000000000000000e+00,1.912287515837274299e-11,1.912291679173616643e-11,0.000000000000000000e+00
0.000000000000000000e+00,6.908664178933987543e-13,6.908679899865488583e-13,0.000000000000000000e+00
0.000000000000000000e+00,3.346207859411531871e-13,3.346208130462074992e-13,0.000000000000000000e+00
0.000000000000000000e+00,1.794247937074791577e-13,1.794245091044088802e-13,0.000000000000000000e+00
0.000000000000000000e+00,1.539076808707018351e-12,1.539073447680283646e-12,0.000000000000000000e+00
0.000000000000000000e+00,1.458991618925181699e-13,1.458997582037130369e-13,0.000000000000000000e+00
0.000000000000000000e+00,1.321644210088360194e-13,1.321636349622609674e-13,0.000000000000000000e+00
0.000000000000000000e+00,7.906360028481218549e-14,7.906360706107576353e-14,0.000000000000000000e+00
0.000000000000000000e+00,6.226080103408949962e-15,6.226126690221048948e-15,0.000000000000000000e+00
0.000000000000000000e+00,1.867088806424468256e-14,1.867093041589204527e-14,0.000000000000000000e+00
0.000000000000000000e+00,3.931279225647608651e-16,3.931293519328593567e-16,0.000000000000000000e+00
0.000000000000000000e+00,3.013791507208794102e-15,3.013803153911818848e-15,0.000000000000000000e+00
0.000000000000000000e+00,2.596701790189817529e-16,2.596702054887613546e-16,0.000000000000000000e+00
0.000000000000000000e+00,6.555782490050884436e-16,6.555785137028844606e-16,0.000000000000000000e+00
0.000000000000000000e+00,1.950226127812838221e-16,1.950226260161736229e-16,0.000000000000000000e+00
0.000000000000000000e+00,1.890295899816636302e-16,1.890296164514432319e-16,0.000000000000000000e+00
0.000000000000000000e+00,3.869352382176050736e-17,3.869353705665030821e-17,0.000000000000000000e+00
0.000000000000000000e+00,1.049481928018081140e-17,1.049486312075327671e-17,0.000000000000000000e+00
0.000000000000000000e+00,1.325794497888152079e-17,1.325804754927747736e-17,0.000000000000000000e+00
0.000000000000000000e+00,7.969586589747290004e-18,7.969646146751393822e-18,0.000000000000000000e+00
0.000000000000000000e+00,1.688396605385315365e-18,1.688390298133144648e-18,0.000000000000000000e+00
0.000000000000000000e+00,3.852429094023828343e-18,3.852443569684548021e-18,0.000000000000000000e+00
0.000000000000000000e+00,4.516693072814510436e-19,4.516710133414644342e-19,0.000000000000000000e+00
0.000000000000000000e+00,2.844495041967244443e-18,2.844484702209587531e-18,0.000000000000000000e+00
0.000000000000000000e+00,5.729575080303943775e-19,5.729577665243358003e-19,0.000000000000000000e+00
0.000000000000000000e+00,2.636371630635683429e-20,2.636371953753110208e-20,0.000000000000000000e+00
0.000000000000000000e+00,4.297050447670112528e-20,4.297067896011158568e-20,0.000000000000000000e+00
0.000000000000000000e+00,3.698104475756950558e-20,3.698120308510862706e-20,0.000000000000000000e+00
0.000000000000000000e+00,6.791892465045092431e-22,6.791945981368902625e-22,0.000000000000000000e+00
0.000000000000000000e+00,6.286411096689621066e-22,6.286462088658534552e-22,0.000000000000000000e+00
0.000000000000000000e+00,9.839041967679770230e-21,9.839046814441171908e-21,0.000000000000000000e+00
0.000000000000000000e+00,2.105115286120284878e-21,2.105123566004346078e-21,0.000000000000000000e+00
0.000000000000000000e+00,4.444270683882204420e-22,4.444286839753543346e-22,0.000000000000000000e+00
0.000000000000000000e+00,1.013105093602905746e-22,1.013105093602905746e-22,0.000000000000000000e+00
0.000000000000000000e+00,7.386493153802936778e-22,7.386493658673916119e-22,0.000000000000000000e+00
0.000000000000000000e+00,9.812836437548660658e-23,9.812835175371212305e-23,0.000000000000000000e+00
0.000000000000000000e+00,1.273091648210826434e-21,1.273101543682021526e-21,0.000000000000000000e+00
0.000000000000000000e+00,4.491354320326863642e-24,4.491373647419041557e-24,0.000000000000000000e+00
0.000000000000000000e+00,4.485352540342197349e-21,4.485370715697453641e-21,0.000000000000000000e+00
1.000000000000000000e+00,9.999997615814208984e-01,9.999997615814208984e-01,9.960937500000000000e-01
1.000000000000000000e+00,9.999997019767761230e-01,9.999997019767761230e-01,9.960937500000000000e-01
1.000000000000000000e+00,9.999997615814208984e-01,9.999997615814208984e-01,9.960937500000000000e-01
1.000000000000000000e+00,9.999997615814208984e-01,9.999997615814208984e-01,9.960937500000000000e-01
1.000000000000000000e+00,9.999997615814208984e-01,9.999997615814208984e-01,9.960937500000000000e-01
0.000000000000000000e+00,2.073530355704292183e-21,2.073546309627239372e-21,0.000000000000000000e+00
0.000000000000000000e+00,1.958973742096524543e-22,1.958981441378959500e-22,0.000000000000000000e+00
0.000000000000000000e+00,9.831523763532441207e-24,9.831490631374421925e-24,0.000000000000000000e+00
0.000000000000000000e+00,1.597800403072688145e-22,1.597801160379157157e-22,0.000000000000000000e+00
0.000000000000000000e+00,3.268546332289056327e-22,3.268559963805498546e-22,0.000000000000000000e+00
0.000000000000000000e+00,1.947671473161046195e-21,1.947663799122160205e-21,0.000000000000000000e+00
0.000000000000000000e+00,3.534785136529938221e-24,3.534799336026232199e-24,0.000000000000000000e+00
0.000000000000000000e+00,1.774395310186443189e-22,1.774402504597898805e-22,0.000000000000000000e+00
0.000000000000000000e+00,2.462554586759137447e-23,2.462563895317819055e-23,0.000000000000000000e+00
0.000000000000000000e+00,1.262302151485516226e-22,1.262302151485516226e-22,0.000000000000000000e+00
0.000000000000000000e+00,5.848280526720257487e-22,5.848304760527265877e-22,0.000000000000000000e+00
0.000000000000000000e+00,9.735619955355241645e-22,9.735695686002142862e-22,0.000000000000000000e+00
0.000000000000000000e+00,1.131559374280061778e-22,1.131567830868965748e-22,0.000000000000000000e+00
0.000000000000000000e+00,1.055110039595447568e-24,1.055114575545652589e-24,0.000000000000000000e+00
0.000000000000000000e+00,1.681816866269112280e-22,1.681810934035105018e-22,0.000000000000000000e+00
0.000000000000000000e+00,1.807721504322582897e-24,1.807728012425050970e-24,0.000000000000000000e+00
0.000000000000000000e+00,1.642763581404113287e-22,1.642764086275092629e-22,0.000000000000000000e+00
0.000000000000000000e+00,4.063957433596044073e-22,4.063972832160913988e-22,0.000000000000000000e+00
0.000000000000000000e+00,9.384106943867869339e-23,9.384141022658974887e-23,0.000000000000000000e+00
0.000000000000000000e+00,1.756761839263165494e-23,1.756769412327855616e-23,0.000000000000000000e+00
0.000000000000000000e+00,2.310551661059178434e-23,2.310568700454731208e-23,0.000000000000000000e+00
0.000000000000000000e+00,4.864974937802001341e-23,4.864993870463726646e-23,0.000000000000000000e+00
0.000000000000000000e+00,8.756423101130174826e-24,8.756426256573795710e-24,0.000000000000000000e+00
0.000000000000000000e+00,4.411063804957979389e-22,4.411064309828958731e-22,0.000000000000000000e+00
0.000000000000000000e+00,3.455450073712239554e-21,3.455477134796732255e-21,0.000000000000000000e+00
0.000000000000000000e+00,3.103025896324900771e-22,3.103038770534873978e-22,0.000000000000000000e+00
0.000000000000000000e+00,1.000179702334168094e-22,1.000168216519388076e-22,0.000000000000000000e+00
0.000000000000000000e+00,1.419313965280394158e-23,1.419314123052575203e-23,0.000000000000000000e+00
0.000000000000000000e+00,7.054476208499377602e-24,7.054529062180027410e-24,0.000000000000000000e+00
0.000000000000000000e+00,1.300326635512362184e-22,1.300331684222155599e-22,0.000000000000000000e+00
0.000000000000000000e+00,2.391228497390567520e-22,2.391228749826057191e-22,0.000000000000000000e+00
0.000000000000000000e+00,1.650521050219439464e-22,1.650521681308163641e-22,0.000000000000000000e+00
0.000000000000000000e+00,1.064713257546678186e-23,1.064721698358364051e-23,0.000000000000000000e+00
0.000000000000000000e+00,1.996536900265997254e-22,1.996544725766177046e-22,0.000000000000000000e+00
0.000000000000000000e+00,8.929987488635996622e-23,8.929985595369824092e-23,0.000000000000000000e+00
0.000000000000000000e+00,1.230894935654251720e-21,1.230885847976623574e-21,0.000000000000000000e+00
0.000000000000000000e+00,5.328354799645827307e-22,5.328355809387785990e-22,0.000000000000000000e+00
0.000000000000000000e+00,2.375101151261973990e-22,2.375119579052719953e-22,0.000000000000000000e+00
0.000000000000000000e+00,1.769805401895505254e-22,1.769798964790518650e-22,0.000000000000000000e+00
0.000000000000000000e+00,2.532636396355571410e-21,2.532618221000315118e-21,0.000000000000000000e+00
0.000000000000000000e+00,1.033587519908171020e-21,1.033595799792232220e-21,0.000000000000000000e+00
0.000000000000000000e+00,2.082076125018052303e-20,2.082076125018052303e-20,0.000000000000000000e+00
0.000000000000000000e+00,9.455368296155113209e-21,9.455334368825301464e-21,0.000000000000000000e+00
0.000000000000000000e+00,1.160539488511369590e-20,1.160544092934701184e-20,0.000000000000000000e+00
0.000000000000000000e+00,9.986815481900702828e-22,9.986817501384620193e-22,0.000000000000000000e+00
0.000000000000000000e+00,4.536735885238869042e-21,4.536737096929219461e-21,0.000000000000000000e+00
0.000000000000000000e+00,2.051712941982387563e-20,2.051713265099814341e-20,0.000000000000000000e+00
0.000000000000000000e+00,3.613596020839867975e-20,3.613611207358926566e-20,0.000000000000000000e+00
0.000000000000000000e+00,1.148104475900511389e-20,1.148100194594606574e-20,0.000000000000000000e+00
0.000000000000000000e+00,8.127809349157405784e-22,8.127809854028385126e-22,0.000000000000000000e+00
0.000000000000000000e+00,3.892144568473125146e-20,3.892175587746095884e-20,0.000000000000000000e+00
0.000000000000000000e+00,1.026061246660414672e-20,1.026065527966319488e-20,0.000000000000000000e+00
0.000000000000000000e+00,2.581488003122333976e-19,2.581498084386049466e-19,0.000000000000000000e+00
0.000000000000000000e+00,2.676745605476057797e-19,2.676746122463940643e-19,0.000000000000000000e+00
0.000000000000000000e+00,1.645431551899603993e-19,1.645432198134457550e-19,0.000000000000000000e+00
0.000000000000000000e+00,6.936864002684023248e-18,6.936866070635554630e-18,0.000000000000000000e+00
0.000000000000000000e+00,3.349995208486812217e-20,3.350008456301310136e-20,0.000000000000000000e+00
0.000000000000000000e+00,7.240124493569119693e-20,7.240126432273680364e-20,0.000000000000000000e+00
0.000000000000000000e+00,1.637697413172233184e-20,1.637703713962055366e-20,0.000000000000000000e+00
0.000000000000000000e+00,6.171556583960493005e-21,6.171579202180367502e-21,0.000000000000000000e+00
0.000000000000000000e+00,2.056493787429002640e-19,2.056493916675973351e-19,0.000000000000000000e+00
0.000000000000000000e+00,5.747662418373181416e-18,5.747661177602262587e-18,0.000000000000000000e+00
0.000000000000000000e+00,2.472291631965267370e-19,2.472291631965267370e-19,0.000000000000000000e+00
0.000000000000000000e+00,5.938482128943625142e-20,5.938481482708771585e-20,0.000000000000000000e+00
0.000000000000000000e+00,1.831058894668687511e-19,1.831059023915658222e-19,0.000000000000000000e+00
0.000000000000000000e+00,1.235304992059852361e-17,1.235305074777913616e-17,0.000000000000000000e+00
0.000000000000000000e+00,2.362970956241649357e-17,2.362970459933281826e-17,0.000000000000000000e+00
0.000000000000000000e+00,2.882982845970663013e-17,2.882982845970663013e-17,0.000000000000000000e+00
0.000000000000000000e+00,5.806172625411813552e-17,5.806172625411813552e-17,0.000000000000000000e+00
0.000000000000000000e+00,8.559384564471074903e-18,8.559385391651687456e-18,0.000000000000000000e+00
0.000000000000000000e+00,1.605864246177530752e-18,1.605857835527783466e-18,0.000000000000000000e+00
0.000000000000000000e+00,3.159641739819597653e-16,3.159642269215189687e-16,0.000000000000000000e+00
0.000000000000000000e+00,2.020532112366211293e-16,2.020540185648989811e-16,0.000000000000000000e+00
0.000000000000000000e+00,6.945476408698578359e-16,6.945504996060548192e-16,0.000000000000000000e+00
0.000000000000000000e+00,6.052523687791254263e-16,6.052549098779671892e-16,0.000000000000000000e+00
0.000000000000000000e+00,4.715762230818527131e-16,4.715761701422935097e-16,0.000000000000000000e+00
0.000000000000000000e+00,4.335701591410176764e-17,4.335686040414660767e-17,0.000000000000000000e+00
0.000000000000000000e+00,7.394772991819903202e-17,7.394830563590536893e-17,0.000000000000000000e+00
0.000000000000000000e+00,2.251169886393472179e-17,2.251169720957349669e-17,0.000000000000000000e+00
0.000000000000000000e+00,1.927952701633071849e-17,1.927953197941439380e-17,0.000000000000000000e+00
0.000000000000000000e+00,1.541185050207570018e-16,1.541179623902751671e-16,0.000000000000000000e+00
0.000000000000000000e+00,3.393812203719725508e-16,3.393825703307322373e-16,0.000000000000000000e+00
0.000000000000000000e+00,3.173352026862092572e-16,3.173340380159067825e-16,0.000000000000000000e+00
0.000000000000000000e+00,4.314061196627029873e-15,4.314077713769501332e-15,0.000000000000000000e+00
0.000000000000000000e+00,1.233285926902671675e-16,1.233285794553773667e-16,0.000000000000000000e+00
0.000000000000000000e+00,9.667187027013329770e-16,9.667185968222145702e-16,0.000000000000000000e+00
0.000000000000000000e+00,9.620797573591053503e-15,9.620839078205468964e-15,0.000000000000000000e+00
0.000000000000000000e+00,1.881797364146949730e-14,1.881787030344993228e-14,0.000000000000000000e+00
0.000000000000000000e+00,4.507785254960613650e-15,4.507768737818142191e-15,0.000000000000000000e+00
0.000000000000000000e+00,1.321043426559531664e-14,1.321051049856056953e-14,0.000000000000000000e+00
0.000000000000000000e+00,2.038362764710845154e-15,2.038362341194371527e-15,0.000000000000000000e+00
0.000000000000000000e+00,5.330892380191176987e-16,5.330892380191176987e-16,0.000000000000000000e+00
0.000000000000000000e+00,1.065038983790117869e-14,1.065039492009886221e-14,0.000000000000000000e+00
0.000000000000000000e+00,8.007800694244393558e-14,8.007786464090879686e-14,0.000000000000000000e+00
0.000000000000000000e+00,6.096132649685049882e-16,6.096158060673467511e-16,0.000000000000000000e+00
1.000000000000000000e+00,1.000000000000000000e+00,1.000000000000000000e+00,9.960937500000000000e-01
1.000000000000000000e+00,1.000000000000000000e+00,1.000000000000000000e+00,9.960937500000000000e-01
1.000000000000000000e+00,1.000000000000000000e+00,1.000000000000000000e+00,9.960937500000000000e-01
1.000000000000000000e+00,1.000000000000000000e+00,1.000000000000000000e+00,9.960937500000000000e-01
1.000000000000000000e+00,1.000000000000000000e+00,1.000000000000000000e+00,9.960937500000000000e-01
0.000000000000000000e+00,5.548069192647456238e-14,5.548069870273814042e-14,0.000000000000000000e+00
0.000000000000000000e+00,3.698930267984068543e-13,3.698922949619404266e-13,0.000000000000000000e+00
0.000000000000000000e+00,1.992691900159701546e-13,1.992688376502640968e-13,0.000000000000000000e+00
0.000000000000000000e+00,9.777893772433543518e-12,9.777897241880495471e-12,0.000000000000000000e+00
0.000000000000000000e+00,1.606111424412581812e-11,1.606114546914838570e-11,0.000000000000000000e+00
0.000000000000000000e+00,1.959773315851620623e-11,1.959769846404668669e-11,0.000000000000000000e+00
0.000000000000000000e+00,7.976044824609118677e-11,7.976062865733268836e-11,0.000000000000000000e+00
0.000000000000000000e+00,1.488882107880673544e-11,1.488879505795459579e-11,0.000000000000000000e+00
0.000000000000000000e+00,1.279706917690914825e-12,1.279709628196346038e-12,0.000000000000000000e+00
0.000000000000000000e+00,3.261074743576841684e-11,3.261079947747269614e-11,0.000000000000000000e+00
0.000000000000000000e+00,2.188998426966293209e-10,2.188998565744171287e-10,0.000000000000000000e+00
0.000000000000000000e+00,2.421984834910517748e-09,2.421985278999727598e-09,0.000000000000000000e+00
0.000000000000000000e+00,2.139473598283814226e-10,2.139469296169593804e-10,0.000000000000000000e+00
0.000000000000000000e+00,2.386472963689101334e-10,2.386477404581199835e-10,0.000000000000000000e+00
0.000000000000000000e+00,7.192527906596524190e-09,7.192528350685734040e-09,0.000000000000000000e+00
0.000000000000000000e+00,1.429325013901916464e-08,1.429327767255017534e-08,0.000000000000000000e+00
0.000000000000000000e+00,3.854864871755125932e-09,3.854864427665916082e-09,0.000000000000000000e+00
0.000000000000000000e+00,7.971053861410837271e-08,7.971055282496308791e-08,0.000000000000000000e+00
0.000000000000000000e+00,8.475291579657096008e-09,8.475272927910282306e-09,0.000000000000000000e+00
0.000000000000000000e+00,3.755441753128252458e-07,3.755445163733384106e-07,0.000000000000000000e+00
0.000000000000000000e+00,9.824045577033757581e-09,9.824048241569016682e-09,0.000000000000000000e+00
0.000000000000000000e+00,1.646050229453521752e-08,1.646053071624464792e-08,0.000000000000000000e+00
0.000000000000000000e+00,1.805678664368315367e-07,1.805668858878561878e-07,0.000000000000000000e+00
0.000000000000000000e+00,1.142116730079578701e-07,1.142117724839408766e-07,0.000000000000000000e+00
0.000000000000000000e+00,1.145724695561511908e-06,1.145724695561511908e-06,0.000000000000000000e+00
0.000000000000000000e+00,2.333867143988754833e-07,2.333862738623793120e-07,0.000000000000000000e+00
0.000000000000000000e+00,1.587732434416011529e-08,1.587732256780327589e-08,0.000000000000000000e+00
0.000000000000000000e+00,2.087548551799045526e-07,2.087544572759725270e-07,0.000000000000000000e+00
0.000000000000000000e+00,1.899335728694495629e-07,1.899330470678251004e-07,0.000000000000000000e+00
0.000000000000000000e+00,5.642963856189453509e-07,5.642962719321076293e-07,0.000000000000000000e+00
0.000000000000000000e+00,7.754346853516835836e-08,7.754319142350141192e-08,0.000000000000000000e+00
0.000000000000000000e+00,9.489053098832300748e-08,9.489035335263906745e-08,0.000000000000000000e+00
0.000000000000000000e+00,1.333866180175391492e-06,1.333867430730606429e-06,0.000000000000000000e+00
0.000000000000000000e+00,6.921646900082123466e-08,6.921634110312879784e-08,0.000000000000000000e+00
0.000000000000000000e+00,4.227431915637680504e-08,4.227432270909048384e-08,0.000000000000000000e+00
0.000000000000000000e+00,2.467647277626383584e-07,2.467644719672534848e-07,0.000000000000000000e+00
0.000000000000000000e+00,1.259979512724385131e-06,1.259979967471736018e-06,0.000000000000000000e+00
0.000000000000000000e+00,2.235759893665090203e-06,2.235761712654493749e-06,0.000000000000000000e+00
0.000000000000000000e+00,2.069959847972313582e-08,2.069956117622950842e-08,0.000000000000000000e+00
0.000000000000000000e+00,1.372910674035665579e-07,1.372906410779251019e-07,0.000000000000000000e+00
0.000000000000000000e+00,4.827750288427523628e-08,4.827741051371958747e-08,0.000000000000000000e+00
0.000000000000000000e+00,1.315685835834301542e-06,1.315683562097547110e-06,0.000000000000000000e+00
0.000000000000000000e+00,3.176835861040672171e-08,3.176835150497936411e-08,0.000000000000000000e+00
0.000000000000000000e+00,1.696303209008931390e-09,1.696299767317555052e-09,0.000000000000000000e+00
0.000000000000000000e+00,7.903149801258280149e-10,7.903149246146767837e-10,0.000000000000000000e+00
0.000000000000000000e+00,4.839643352738676185e-08,4.839634470954479184e-08,0.000000000000000000e+00
0.000000000000000000e+00,1.544749927973043668e-08,1.544749750337359728e-08,0.000000000000000000e+00
0.000000000000000000e+00,6.460586288170588887e-09,6.460573409583503235e-09,0.000000000000000000e+00
0.000000000000000000e+00,3.170318729761589793e-10,3.170313178646466667e-10,0.000000000000000000e+00
0.000000000000000000e+00,4.533506209325466330e-11,4.533515576832236604e-11,0.000000000000000000e+00
0.000000000000000000e+00,2.662789988505664951e-10,2.662785270057810294e-10,0.000000000000000000e+00
0.000000000000000000e+00,6.952321357500679255e-11,6.952294295814454017e-11,0.000000000000000000e+00
0.000000000000000000e+00,2.701453470643766508e-11,2.701453123699071313e-11,0.000000000000000000e+00
0.000000000000000000e+00,1.153714554447127227e-10,1.153714832002883384e-10,0.000000000000000000e+00
0.000000000000000000e+00,3.698519268624522738e-10,3.698505113280958767e-10,0.000000000000000000e+00
0.000000000000000000e+00,2.563677915790041340e-11,2.563672191202570616e-11,0.000000000000000000e+00
0.000000000000000000e+00,4.146433196794419018e-12,4.146424956857908128e-12,0.000000000000000000e+00
0.000000000000000000e+00,2.260982416915635618e-12,2.260978080106945676e-12,0.000000000000000000e+00
0.000000000000000000e+00,1.482573612487936288e-12,1.482579033498798715e-12,0.000000000000000000e+00
0.000000000000000000e+00,2.157072670440005058e-13,2.157060744216107717e-13,0.000000000000000000e+00
0.000000000000000000e+00,2.760854424851272304e-13,2.760854424851272304e-13,0.000000000000000000e+00
0.000000000000000000e+00,1.289369950868354819e-13,1.289369408767268577e-13,0.000000000000000000e+00
0.000000000000000000e+00,7.148634169427264817e-14,7.148634847053622621e-14,0.000000000000000000e+00
0.000000000000000000e+00,2.489451685430427857e-14,2.489436777650556182e-14,0.000000000000000000e+00
0.000000000000000000e+00,2.026172774753729616e-14,2.026169047808761697e-14,0.000000000000000000e+00
0.000000000000000000e+00,4.544023865542994381e-15,4.544007348400522922e-15,0.000000000000000000e+00
0.000000000000000000e+00,5.105262390679536633e-15,5.105263237712483887e-15,0.000000000000000000e+00
0.000000000000000000e+00,3.304577494484721781e-15,3.304577918001195408e-15,0.000000000000000000e+00
0.000000000000000000e+00,1.824278998940583388e-15,1.824286198720635049e-15,0.000000000000000000e+00
0.000000000000000000e+00,5.862659135081834706e-17,5.862659135081834706e-17,0.000000000000000000e+00
0.000000000000000000e+00,6.250299528228028985e-16,6.250325468612038648e-16,0.000000000000000000e+00
0.000000000000000000e+00,1.053810564163571134e-17,1.053806924568875900e-17,0.000000000000000000e+00
0.000000000000000000e+00,1.121167964161825432e-17,1.121172596373255729e-17,0.000000000000000000e+00
0.000000000000000000e+00,1.390640329392511619e-17,1.390645788784554469e-17,0.000000000000000000e+00
0.000000000000000000e+00,3.003274221703176350e-18,3.003274635293482626e-18,0.000000000000000000e+00
0.000000000000000000e+00,8.081291954798594797e-19,8.081324008047331227e-19,0.000000000000000000e+00
0.000000000000000000e+00,4.508620720614182008e-18,4.508621961385100838e-18,0.000000000000000000e+00
0.000000000000000000e+00,2.160323048880307210e-19,2.160323436621219345e-19,0.000000000000000000e+00
0.000000000000000000e+00,5.754806027691371790e-20,5.754807966395932461e-20,0.000000000000000000e+00
0.000000000000000000e+00,1.142883528362752620e-19,1.142879133965748432e-19,0.000000000000000000e+00
0.000000000000000000e+00,6.360376553088347109e-20,6.360400463777928720e-20,0.000000000000000000e+00
0.000000000000000000e+00,2.436507184743112513e-20,2.436506700066972346e-20,0.000000000000000000e+00
0.000000000000000000e+00,2.637747908925368215e-21,2.637748716718935162e-21,0.000000000000000000e+00
0.000000000000000000e+00,4.520479443600857904e-21,4.520498022852897669e-21,0.000000000000000000e+00
0.000000000000000000e+00,2.451317736480807267e-22,2.451317988916296937e-22,0.000000000000000000e+00
0.000000000000000000e+00,1.930596174970753921e-23,1.930604379124168220e-23,0.000000000000000000e+00
0.000000000000000000e+00,1.968779093821804467e-23,1.968779724910528644e-23,0.000000000000000000e+00
0.000000000000000000e+00,5.328169133343174490e-23,5.328149569592725008e-23,0.000000000000000000e+00
0.000000000000000000e+00,1.048686364965755500e-23,1.048686680510117588e-23,0.000000000000000000e+00
0.000000000000000000e+00,1.556730813399771402e-24,1.556737025679400018e-24,0.000000000000000000e+00
0.000000000000000000e+00,2.630157907391611407e-24,2.630148638275975060e-24,0.000000000000000000e+00
0.000000000000000000e+00,1.676057463797575143e-24,1.676070677217737595e-24,0.000000000000000000e+00
0.000000000000000000e+00,9.733893992775642752e-26,9.733931586928157191e-26,0.000000000000000000e+00
0.000000000000000000e+00,1.143551503654877712e-25,1.143542875488726857e-25,0.000000000000000000e+00
0.000000000000000000e+00,8.528290813575596692e-26,8.528290813575596692e-26,0.000000000000000000e+00
1.000000000000000000e+00,9.994572997093200684e-01,9.994572997093200684e-01,9.960937500000000000e-01
1.000000000000000000e+00,9.994572997093200684e-01,9.994572997093200684e-01,9.960937500000000000e-01
1.000000000000000000e+00,9.994572997093200684e-01,9.994572997093200684e-01,9.960937500000000000e-01
1.000000000000000000e+00,9.994572997093200684e-01,9.994572997093200684e-01,9.960937500000000000e-01
1.000000000000000000e+00,9.994572997093200684e-01,9.994572997093200684e-01,9.960937500000000000e-01
0.000000000000000000e+00,8.028554946059693684e-29,8.028616936929778649e-29,0.000000000000000000e+00
0.000000000000000000e+00,1.605953174902445432e-28,1.605960036027872311e-28,0.000000000000000000e+00
0.000000000000000000e+00,1.916247331591829025e-28,1.916262257548898026e-28,0.000000000000000000e+00
0.000000000000000000e+00,4.999499394440465098e-28,4.999481579588479516e-28,0.000000000000000000e+00
0.000000000000000000e+00,8.671894540705405717e-30,8.671965258445551186e-30,0.000000000000000000e+00
0.000000000000000000e+00,9.238722806728412174e-30,9.238798038366864800e-30,0.000000000000000000e+00
0.000000000000000000e+00,6.228307447069155825e-31,6.228310268255597798e-31,0.000000000000000000e+00
0.000000000000000000e+00,8.730578227963992414e-30,8.730583494178684098e-30,0.000000000000000000e+00
0.000000000000000000e+00,3.665837625638200511e-30,3.665838377954585037e-30,0.000000000000000000e+00
0.000000000000000000e+00,4.437033671952795308e-31,4.436999817715491626e-31,0.000000000000000000e+00
0.000000000000000000e+00,5.282348116550013767e-31,5.282310500730787454e-31,0.000000000000000000e+00
0.000000000000000000e+00,2.872949335711949450e-31,2.872972375401225566e-31,0.000000000000000000e+00
0.000000000000000000e+00,1.966211050117244737e-32,1.966211197054038590e-32,0.000000000000000000e+00
0.000000000000000000e+00,6.007686038797822543e-33,6.007733425913840066e-33,0.000000000000000000e+00
0.000000000000000000e+00,4.387328716174320457e-32,4.387363099384082009e-32,0.000000000000000000e+00
0.000000000000000000e+00,1.760739192634118317e-32,1.760739780381293729e-32,0.000000000000000000e+00
0.000000000000000000e+00,2.489573608134768602e-33,2.489593444601938728e-33,0.000000000000000000e+00
0.000000000000000000e+00,1.806389809621889558e-32,1.806404503301274837e-32,0.000000000000000000e+00
0.000000000000000000e+00,3.264763597442347715e-34,3.264764056619828505e-34,0.000000000000000000e+00
0.000000000000000000e+00,4.221471128516500515e-34,4.221471128516500515e-34,0.000000000000000000e+00
0.000000000000000000e+00,6.006879447635066906e-34,6.006928120448030641e-34,0.000000000000000000e+00
0.000000000000000000e+00,7.172726938763438227e-33,7.172726938763438227e-33,0.000000000000000000e+00
0.000000000000000000e+00,2.256171306926333830e-33,2.256172592623280042e-33,0.000000000000000000e+00
0.000000000000000000e+00,3.914796958343450875e-33,3.914798427711389403e-33,0.000000000000000000e+00
0.000000000000000000e+00,6.392339657304041838e-34,6.392341494013964998e-34,0.000000000000000000e+00
0.000000000000000000e+00,3.491548829728362667e-33,3.491549931754316563e-33,0.000000000000000000e+00
0.000000000000000000e+00,1.639110470730299676e-34,1.639110929907780466e-34,0.000000000000000000e+00
0.000000000000000000e+00,9.332642707101696728e-34,9.332646380521543048e-34,0.000000000000000000e+00
0.000000000000000000e+00,2.135912035941223153e-34,2.135896194318135900e-34,0.000000000000000000e+00
0.000000000000000000e+00,2.232269098670301141e-33,2.232270384367247353e-33,0.000000000000000000e+00
0.000000000000000000e+00,5.230027832777753179e-34,5.230070995460947435e-34,0.000000000000000000e+00
0.000000000000000000e+00,8.756644965069006370e-34,8.756647720133891110e-34,0.000000000000000000e+00
0.000000000000000000e+00,5.354830435346540075e-34,5.354833190411424815e-34,0.000000000000000000e+00
0.000000000000000000e+00,6.818434318958043142e-34,6.818435696490485512e-34,0.000000000000000000e+00
0.000000000000000000e+00,5.275955682761326164e-34,5.275958897003691693e-34,0.000000000000000000e+00
0.000000000000000000e+00,4.552241096171483889e-33,4.552242565539422417e-33,0.000000000000000000e+00
0.000000000000000000e+00,4.063219283182088480e-34,4.063250507250782197e-34,0.000000000000000000e+00
0.000000000000000000e+00,4.389669217262303789e-34,4.389702278040920666e-34,0.000000000000000000e+00
0.000000000000000000e+00,2.296058585314618785e-33,2.296059871011564996e-33,0.000000000000000000e+00
0.000000000000000000e+00,9.548163512223342676e-35,9.548239276507673019e-35,0.000000000000000000e+00
0.000000000000000000e+00,1.293467606719285388e-33,1.293467514883789230e-33,0.000000000000000000e+00
0.000000000000000000e+00,2.685389293804668415e-33,2.685389844817645363e-33,0.000000000000000000e+00
0.000000000000000000e+00,1.340935997150908676e-33,1.340946282726478371e-33,0.000000000000000000e+00
0.000000000000000000e+00,5.637777435719234158e-34,5.637823353467313154e-34,0.000000000000000000e+00
0.000000000000000000e+00,2.888727592306853920e-33,2.888728326990823184e-33,0.000000000000000000e+00
0.000000000000000000e+00,1.164701475971815749e-32,1.164701696377006528e-32,0.000000000000000000e+00
0.000000000000000000e+00,3.552517680943683768e-33,3.552518415627653032e-33,0.000000000000000000e+00
0.000000000000000000e+00,1.581648771195504180e-33,1.581649138537488812e-33,0.000000000000000000e+00
0.000000000000000000e+00,6.440784810072801520e-33,6.440834768582711467e-33,0.000000000000000000e+00
0.000000000000000000e+00,1.129802885405825193e-31,1.129794304297064190e-31,0.000000000000000000e+00
0.000000000000000000e+00,1.889819198740356739e-32,1.889834186293329723e-32,0.000000000000000000e+00
0.000000000000000000e+00,1.369482892154307313e-31,1.369494059350640125e-31,0.000000000000000000e+00
0.000000000000000000e+00,4.324221714203250541e-32,4.324256097413012093e-32,0.000000000000000000e+00
0.000000000000000000e+00,1.660549963587403962e-30,1.660549963587403962e-30,0.000000000000000000e+00
0.000000000000000000e+00,1.764224051431622563e-30,1.764210697815797222e-30,0.000000000000000000e+00
0.000000000000000000e+00,3.460777244075107678e-30,3.460777620233299941e-30,0.000000000000000000e+00
0.000000000000000000e+00,9.441736135409209042e-30,9.441740649307516200e-30,0.000000000000000000e+00
0.000000000000000000e+00,1.730589490512222352e-30,1.730589302433126220e-30,0.000000000000000000e+00
0.000000000000000000e+00,3.381924330705564106e-30,3.381950285620830262e-30,0.000000000000000000e+00
0.000000000000000000e+00,3.311039200164538196e-29,3.311040704797307248e-29,0.000000000000000000e+00
0.000000000000000000e+00,5.424748442604106334e-30,5.424789443847063015e-30,0.000000000000000000e+00
0.000000000000000000e+00,1.757004372015877818e-29,1.757005274795539249e-29,0.000000000000000000e+00
0.000000000000000000e+00,1.259988749342444319e-28,1.259989230824930416e-28,0.000000000000000000e+00
0.000000000000000000e+00,2.072976200273970363e-29,2.072992149381322320e-29,0.000000000000000000e+00
0.000000000000000000e+00,1.575607428252578084e-27,1.575625917180044201e-27,0.000000000000000000e+00
0.000000000000000000e+00,3.586555335215352418e-28,3.586569298207449226e-28,0.000000000000000000e+00
0.000000000000000000e+00,1.499148683535885356e-27,1.499148779832382575e-27,0.000000000000000000e+00
0.000000000000000000e+00,1.703585954539596003e-27,1.703592695294401359e-27,0.000000000000000000e+00
0.000000000000000000e+00,6.702713355611302706e-28,6.702740800113010224e-28,0.000000000000000000e+00
0.000000000000000000e+00,2.747016433884108195e-26,2.747016742032899297e-26,0.000000000000000000e+00
0.000000000000000000e+00,1.976051886003924789e-26,1.976044952656124995e-26,0.000000000000000000e+00
0.000000000000000000e+00,3.359520704469558568e-25,3.359534016497334172e-25,0.000000000000000000e+00
0.000000000000000000e+00,7.585135248047726339e-25,7.585164830331672127e-25,0.000000000000000000e+00
0.000000000000000000e+00,4.102641728772625938e-25,4.102658738585894766e-25,0.000000000000000000e+00
0.000000000000000000e+00,2.675330252192055901e-24,2.675330646622508511e-24,0.000000000000000000e+00
0.000000000000000000e+00,6.294446591642383336e-24,6.294493923296696597e-24,0.000000000000000000e+00
0.000000000000000000e+00,8.973072704696452624e-24,8.973110570019903233e-24,0.000000000000000000e+00
0.000000000000000000e+00,1.839022203421259031e-22,1.839036466026425427e-22,0.000000000000000000e+00
0.000000000000000000e+00,2.460995797610420728e-23,2.460995482066058640e-23,0.000000000000000000e+00
0.000000000000000000e+00,3.373717015737631951e-22,3.373743016593068035e-22,0.000000000000000000e+00
0.000000000000000000e+00,1.402345535654653986e-22,1.402335438235067157e-22,0.000000000000000000e+00
0.000000000000000000e+00,2.097363295155084556e-22,2.097355469654904764e-22,0.000000000000000000e+00
0.000000000000000000e+00,4.440881888894668755e-21,4.440900468146708521e-21,0.000000000000000000e+00
0.000000000000000000e+00,7.152327935132621304e-22,7.152328944874579987e-22,0.000000000000000000e+00
0.000000000000000000e+00,3.325864233599495000e-21,3.325864839444670210e-21,0.000000000000000000e+00
0.000000000000000000e+00,1.625795867432986331e-20,1.625802168222808512e-20,0.000000000000000000e+00
0.000000000000000000e+00,4.725275307660922690e-21,4.725294290809745929e-21,0.000000000000000000e+00
0.000000000000000000e+00,2.207474411747361170e-19,2.207482942047428124e-19,0.000000000000000000e+00
0.000000000000000000e+00,3.915763159900928314e-20,3.915779962007120797e-20,0.000000000000000000e+00
0.000000000000000000e+00,2.744397347355531434e-19,2.744407945607129770e-19,0.000000000000000000e+00
0.000000000000000000e+00,1.731489871865972456e-19,1.731490388853855301e-19,0.000000000000000000e+00
0.000000000000000000e+00,2.927834109067421396e-18,2.927845482800844001e-18,0.000000000000000000e+00
0.000000000000000000e+00,5.160392721191664847e-18,5.160412987116672396e-18,0.000000000000000000e+00
0.000000000000000000e+00,3.789117186247387137e-17,3.789133068115148155e-17,0.000000000000000000e+00
0.000000000000000000e+00,2.046869179110430171e-17,2.046869509982675192e-17,0.000000000000000000e+00
1.000000000000000000e+00,9.999998211860656738e-01,9.999998211860656738e-01,9.960937500000000000e-01
1.000000000000000000e+00,9.999996423721313477e-01,9.999996423721313477e-01,9.960937500000000000e-01
1.000000000000000000e+00,9.999997615814208984e-01,9.999997615814208984e-01,9.960937500000000000e-01
1.000000000000000000e+00,9.999994635581970215e-01,9.999994635581970215e-01,9.960937500000000000e-01
1.000000000000000000e+00,9.999998807907104492e-01,9.999998807907104492e-01,9.960937500000000000e-01
0.000000000000000000e+00,3.838082466862263731e-14,3.838076707038222402e-14,0.000000000000000000e+00
0.000000000000000000e+00,4.994130990373414625e-14,4.994131667999772428e-14,0.000000000000000000e+00
0.000000000000000000e+00,1.515318090190148625e-13,1.515318767816506429e-13,0.000000000000000000e+00
0.000000000000000000e+00,3.137755626072408210e-14,3.137748849808830176e-14,0.000000000000000000e+00
0.000000000000000000e+00,1.706784019672724639e-11,1.706783846200377042e-11,0.000000000000000000e+00
0.000000000000000000e+00,2.021456325896828221e-13,2.021449007532163944e-13,0.000000000000000000e+00
0.000000000000000000e+00,3.295839295924807288e-12,3.295839512765241786e-12,0.000000000000000000e+00
0.000000000000000000e+00,6.576902650962113128e-12,6.576913492983837983e-12,0.000000000000000000e+00
0.000000000000000000e+00,2.077203548056516524e-10,2.077203548056516524e-10,0.000000000000000000e+00
0.000000000000000000e+00,1.484215181313253140e-11,1.484215354785600738e-11,0.000000000000000000e+00
0.000000000000000000e+00,1.069450708546249018e-10,1.069448557489138807e-10,0.000000000000000000e+00
0.000000000000000000e+00,4.261462571708563019e-10,4.261478392386663927e-10,0.000000000000000000e+00
0.000000000000000000e+00,1.423588191773461631e-10,1.423588191773461631e-10,0.000000000000000000e+00
0.000000000000000000e+00,2.817377797725839628e-08,2.817377442454471748e-08,0.000000000000000000e+00
0.000000000000000000e+00,1.992408193984829268e-08,1.992408726891881088e-08,0.000000000000000000e+00
0.000000000000000000e+00,1.215756939565437733e-09,1.215757272632345121e-09,0.000000000000000000e+00
0.000000000000000000e+00,2.028266443687698484e-08,2.028263246245387563e-08,0.000000000000000000e+00
0.000000000000000000e+00,5.048103091098710138e-08,5.048103091098710138e-08,0.000000000000000000e+00
0.000000000000000000e+00,8.333953083194955980e-09,8.333966405871251482e-09,0.000000000000000000e+00
0.000000000000000000e+00,3.490475819489802234e-08,3.490468358791076753e-08,0.000000000000000000e+00
0.000000000000000000e+00,3.682999238918682749e-09,3.682992133491325148e-09,0.000000000000000000e+00
0.000000000000000000e+00,1.525973232219257625e-07,1.525970390048314584e-07,0.000000000000000000e+00
0.000000000000000000e+00,6.806218522115159431e-08,6.806218522115159431e-08,0.000000000000000000e+00
0.000000000000000000e+00,1.173119130726263393e-07,1.173115933283952472e-07,0.000000000000000000e+00
0.000000000000000000e+00,4.148387233726680279e-08,4.148403576209602761e-08,0.000000000000000000e+00
0.000000000000000000e+00,1.285734043676711735e-07,1.285728785660467111e-07,0.000000000000000000e+00
0.000000000000000000e+00,7.124140665837330744e-06,7.124132025637663901e-06,0.000000000000000000e+00
0.000000000000000000e+00,3.964207451190304710e-07,3.964203187933890149e-07,0.000000000000000000e+00
0.000000000000000000e+00,1.169107477494435443e-07,1.169107477494435443e-07,0.000000000000000000e+00
0.000000000000000000e+00,6.763408464394160546e-07,6.763390274500125088e-07,0.000000000000000000e+00
0.000000000000000000e+00,1.675192891070764745e-07,1.675188343597255880e-07,0.000000000000000000e+00
0.000000000000000000e+00,2.756983121798839420e-06,2.756973344730795361e-06,0.000000000000000000e+00
0.000000000000000000e+00,3.919749644865078153e-07,3.919749360647983849e-07,0.000000000000000000e+00
0.000000000000000000e+00,1.951523927345988341e-06,1.951523699972312897e-06,0.000000000000000000e+00
0.000000000000000000e+00,5.238716198618931230e-07,5.238719609224062879e-07,0.000000000000000000e+00
0.000000000000000000e+00,1.600614723429316655e-06,1.600615973984531593e-06,0.000000000000000000e+00
0.000000000000000000e+00,4.659249270844156854e-07,4.659258365791174583e-07,0.000000000000000000e+00
0.000000000000000000e+00,2.214800360889057629e-07,2.214798087152303196e-07,0.000000000000000000e+00
0.000000000000000000e+00,2.793735802697483450e-06,2.793726025629439391e-06,0.000000000000000000e+00
0.000000000000000000e+00,1.935201652258911054e-07,1.935196252134119277e-07,0.000000000000000000e+00
0.000000000000000000e+00,1.011130166261864360e-07,1.011127963579383504e-07,0.000000000000000000e+00
0.000000000000000000e+00,1.655022714430742781e-07,1.655019872259799740e-07,0.000000000000000000e+00
0.000000000000000000e+00,1.015990136465916294e-07,1.015988075891982589e-07,0.000000000000000000e+00
0.000000000000000000e+00,8.814219540909107309e-07,8.814218972474918701e-07,0.000000000000000000e+00
0.000000000000000000e+00,5.667632763106666971e-08,5.667611091553226288e-08,0.000000000000000000e+00
0.000000000000000000e+00,2.035311830184127757e-08,2.035308632741816837e-08,0.000000000000000000e+00
0.000000000000000000e+00,1.083681322455731788e-08,1.083679457281050418e-08,0.000000000000000000e+00
0.000000000000000000e+00,2.069217508449128218e-08,2.069213955735449417e-08,0.000000000000000000e+00
0.000000000000000000e+00,3.224034017534904706e-08,3.224045386218676867e-08,0.000000000000000000e+00
0.000000000000000000e+00,6.572121957759691213e-09,6.572107746904976011e-09,0.000000000000000000e+00
0.000000000000000000e+00,1.332572185930303021e-08,1.332569610212885891e-08,0.000000000000000000e+00
0.000000000000000000e+00,1.080035083589336864e-08,1.080029221611766843e-08,0.000000000000000000e+00
0.000000000000000000e+00,7.060600548669526688e-09,7.060599660491106988e-09,0.000000000000000000e+00
0.000000000000000000e+00,1.832036078397436540e-09,1.832022200609628726e-09,0.000000000000000000e+00
0.000000000000000000e+00,8.512261118198694021e-09,8.512242466451880318e-09,0.000000000000000000e+00
0.000000000000000000e+00,9.119122679202007475e-10,9.119122679202007475e-10,0.000000000000000000e+00
0.000000000000000000e+00,4.484607962762510169e-10,4.484591031861384636e-10,0.000000000000000000e+00
0.000000000000000000e+00,2.287366962505643642e-09,2.287362743658150066e-09,0.000000000000000000e+00
0.000000000000000000e+00,4.746204540495568835e-10,4.746221748952450525e-10,0.000000000000000000e+00
0.000000000000000000e+00,8.980279297965410024e-10,8.980295951310779401e-10,0.000000000000000000e+00
0.000000000000000000e+00,1.290164197698118187e-09,1.290164308720420649e-09,0.000000000000000000e+00
0.000000000000000000e+00,4.794563635002191404e-10,4.794554198106482090e-10,0.000000000000000000e+00
0.000000000000000000e+00,6.896033744041574209e-11,6.896033744041574209e-11,0.000000000000000000e+00
0.000000000000000000e+00,1.690542983379117459e-10,1.690546591603947491e-10,0.000000000000000000e+00
0.000000000000000000e+00,2.713139261867336671e-11,2.713143945620721809e-11,0.000000000000000000e+00
0.000000000000000000e+00,1.361483235179372642e-11,1.361488612822148170e-11,0.000000000000000000e+00
0.000000000000000000e+00,5.877781594776365637e-11,5.877758696426482743e-11,0.000000000000000000e+00
0.000000000000000000e+00,4.849448967392255838e-11,4.849449314336951034e-11,0.000000000000000000e+00
0.000000000000000000e+00,2.736500435973621137e-11,2.736505119727006274e-11,0.000000000000000000e+00
0.000000000000000000e+00,1.282096282438638379e-12,1.282098992944069593e-12,0.000000000000000000e+00
0.000000000000000000e+00,8.535919367169686467e-12,8.535934112319232270e-12,0.000000000000000000e+00
0.000000000000000000e+00,2.627792297996145443e-12,2.627787961187455501e-12,0.000000000000000000e+00
0.000000000000000000e+00,8.385835428836863059e-13,8.385835970937949302e-13,0.000000000000000000e+00
0.000000000000000000e+00,2.734921122037048402e-13,2.734926543047910830e-13,0.000000000000000000e+00
0.000000000000000000e+00,9.410729845133608551e-14,9.410693253310287165e-14,0.000000000000000000e+00
0.000000000000000000e+00,3.435021364572854452e-13,3.435034917100010521e-13,0.000000000000000000e+00
0.000000000000000000e+00,6.153019445950119737e-14,6.153018090697404130e-14,0.000000000000000000e+00
0.000000000000000000e+00,6.321270682460924939e-14,6.321270682460924939e-14,0.000000000000000000e+00
0.000000000000000000e+00,1.460951585402492370e-14,1.460951585402492370e-14,0.000000000000000000e+00
0.000000000000000000e+00,1.880979469133080978e-14,1.880979638539670429e-14,0.000000000000000000e+00
0.000000000000000000e+00,5.559000661051541337e-14,5.558969490239082378e-14,0.000000000000000000e+00
0.000000000000000000e+00,3.424383443906969804e-14,3.424363453929414602e-14,0.000000000000000000e+00
0.000000000000000000e+00,1.242841109704278385e-14,1.242846022495372460e-14,0.000000000000000000e+00
0.000000000000000000e+00,9.538067018599778735e-15,9.538070406731567752e-15,0.000000000000000000e+00
0.000000000000000000e+00,1.274174086620988473e-15,1.274183827499881898e-15,0.000000000000000000e+00
0.000000000000000000e+00,7.252020146938971813e-17,7.252022793916931983e-17,0.000000000000000000e+00
0.000000000000000000e+00,1.466470470921975126e-15,1.466470153284619906e-15,0.000000000000000000e+00
0.000000000000000000e+00,9.540173377781363366e-16,9.540174436572547434e-16,0.000000000000000000e+00
0.000000000000000000e+00,4.735374749316608421e-16,4.735356749866479267e-16,0.000000000000000000e+00
0.000000000000000000e+00,5.149397836489610003e-19,5.149416965041275291e-19,0.000000000000000000e+00
0.000000000000000000e+00,2.825787938824051446e-16,2.825788468219643480e-16,0.000000000000000000e+00
0.000000000000000000e+00,5.716592273794770867e-17,5.716614773107432310e-17,0.000000000000000000e+00
0.000000000000000000e+00,1.768237525675005564e-17,1.768231239102350161e-17,0.000000000000000000e+00
0.000000000000000000e+00,6.240408946187344684e-18,6.240384130768968093e-18,0.000000000000000000e+00
0.000000000000000000e+00,6.254352316182844795e-17,6.254376800728976365e-17,0.000000000000000000e+00
1.000000000000000000e+00,1.000000000000000000e+00,1.000000000000000000e+00,9.960937500000000000e-01
1.000000000000000000e+00,1.000000000000000000e+00,1.000000000000000000e+00,9.960937500000000000e-01
1.000000000000000000e+00,1.000000000000000000e+00,1.000000000000000000e+00,9.960937500000000000e-01
1.000000000000000000e+00,1.000000000000000000e+00,9.999999403953552246e-01,9.960937500000000000e-01
1.000000000000000000e+00,1.000000000000000000e+00,1.000000000000000000e+00,9.960937500000000000e-01
0.000000000000000000e+00,4.431748344747791487e-19,4.431748861735674333e-19,0.000000000000000000e+00
0.000000000000000000e+00,2.217095297753177151e-19,2.217112099859369634e-19,0.000000000000000000e+00
0.000000000000000000e+00,1.302114923862158145e-20,1.302115004641514840e-20,0.000000000000000000e+00
0.000000000000000000e+00,3.185923933986919177e-20,3.185911655524701593e-20,0.000000000000000000e+00
0.000000000000000000e+00,2.398373431490207686e-21,2.398383125013011042e-21,0.000000000000000000e+00
0.000000000000000000e+00,7.238621114010385697e-23,7.238679174173009964e-23,0.000000000000000000e+00
0.000000000000000000e+00,1.697907558764605621e-21,1.697921089306851972e-21,0.000000000000000000e+00
0.000000000000000000e+00,1.644991122652065688e-21,1.644997383052209522e-21,0.000000000000000000e+00
0.000000000000000000e+00,7.215841848182087977e-25,7.215842834258219504e-25,0.000000000000000000e+00
0.000000000000000000e+00,3.767978589005548139e-22,3.767991968086500687e-22,0.000000000000000000e+00
0.000000000000000000e+00,5.953168482420401900e-23,5.953193094880644795e-23,0.000000000000000000e+00
0.000000000000000000e+00,1.112787782174385521e-23,1.112792199795454759e-23,0.000000000000000000e+00
0.000000000000000000e+00,5.157365127916902058e-24,5.157366311208259889e-24,0.000000000000000000e+00
0.000000000000000000e+00,2.500395711901478359e-25,2.500406065700859385e-25,0.000000000000000000e+00
0.000000000000000000e+00,1.281762892477993559e-25,1.281763015737510000e-25,0.000000000000000000e+00
0.000000000000000000e+00,3.916174535085782967e-24,3.916174929516235578e-24,0.000000000000000000e+00
0.000000000000000000e+00,1.149008695485776943e-25,1.149008695485776943e-25,0.000000000000000000e+00
0.000000000000000000e+00,1.507069455618166741e-24,1.507069455618166741e-24,0.000000000000000000e+00
0.000000000000000000e+00,1.231583253081658693e-24,1.231583844727337609e-24,0.000000000000000000e+00
0.000000000000000000e+00,2.001246192794179074e-25,2.001254204662747725e-25,0.000000000000000000e+00
0.000000000000000000e+00,2.752059712555079498e-27,2.752060097741068376e-27,0.000000000000000000e+00
0.000000000000000000e+00,7.140454602293674866e-26,7.140484184577620654e-26,0.000000000000000000e+00
0.000000000000000000e+00,5.437414456300318205e-27,5.437394041442907700e-27,0.000000000000000000e+00
0.000000000000000000e+00,1.534661344892468918e-24,1.534661344892468918e-24,0.000000000000000000e+00
0.000000000000000000e+00,7.275426083912265619e-27,7.275510054457840902e-27,0.000000000000000000e+00
0.000000000000000000e+00,1.346347982494327542e-26,1.346358613627620560e-26,0.000000000000000000e+00
0.000000000000000000e+00,1.616378614062577556e-26,1.616379230360159760e-26,0.000000000000000000e+00
0.000000000000000000e+00,7.042420145892498031e-26,7.042369609490757310e-26,0.000000000000000000e+00
0.000000000000000000e+00,1.734961279263608462e-27,1.734961279263608462e-27,0.000000000000000000e+00
0.000000000000000000e+00,1.364095157301663707e-27,1.364089860994316642e-27,0.000000000000000000e+00
0.000000000000000000e+00,1.902095508082505473e-29,1.902096260398889999e-29,0.000000000000000000e+00
0.000000000000000000e+00,1.539132144739331005e-27,1.539138307715153044e-27,0.000000000000000000e+00
0.000000000000000000e+00,6.722246618589764149e-29,6.722250229708409875e-29,0.000000000000000000e+00
0.000000000000000000e+00,2.647293926368212683e-29,2.647314389373871798e-29,0.000000000000000000e+00
0.000000000000000000e+00,8.577863268119852505e-30,8.577933985859997974e-30,0.000000000000000000e+00
0.000000000000000000e+00,8.631168645545460941e-30,8.631239363285606410e-30,0.000000000000000000e+00
0.000000000000000000e+00,1.381131608589035080e-29,1.381142291481695353e-29,0.000000000000000000e+00
0.000000000000000000e+00,4.713784632786097482e-30,4.713786889735251061e-30,0.000000000000000000e+00
0.000000000000000000e+00,1.711922564989525973e-29,1.711923317305910500e-29,0.000000000000000000e+00
0.000000000000000000e+00,6.133224718296679093e-30,6.133226222929448146e-30,0.000000000000000000e+00
0.000000000000000000e+00,1.274834202915928203e-31,1.274834908212538696e-31,0.000000000000000000e+00
0.000000000000000000e+00,3.512599625350882562e-28,3.512613106860493272e-28,0.000000000000000000e+00
0.000000000000000000e+00,7.107830281908071903e-30,7.107830281908071903e-30,0.000000000000000000e+00
0.000000000000000000e+00,7.085172468428740599e-29,7.085229644473964595e-29,0.000000000000000000e+00
0.000000000000000000e+00,2.578303213119017165e-31,2.578323666720721473e-31,0.000000000000000000e+00
0.000000000000000000e+00,6.358422916761674829e-31,6.358376367185382267e-31,0.000000000000000000e+00
0.000000000000000000e+00,3.796411820246184404e-31,3.796441442703825126e-31,0.000000000000000000e+00
0.000000000000000000e+00,9.404279807256415410e-30,9.404356543527637089e-30,0.000000000000000000e+00
0.000000000000000000e+00,5.495942399020980275e-30,5.495984528738513746e-30,0.000000000000000000e+00
0.000000000000000000e+00,2.120789762132085138e-31,2.120790232329825467e-31,0.000000000000000000e+00
0.000000000000000000e+00,7.379277224151367784e-31,7.379279104942329100e-31,0.000000000000000000e+00
0.000000000000000000e+00,5.409767491207396386e-29,5.409810222778037478e-29,0.000000000000000000e+00
0.000000000000000000e+00,4.136747997662358017e-31,4.136748467860098346e-31,0.000000000000000000e+00
0.000000000000000000e+00,3.016356496187408322e-30,3.016357060424696716e-30,0.000000000000000000e+00
0.000000000000000000e+00,5.956465726803079787e-30,5.956466479119464313e-30,0.000000000000000000e+00
0.000000000000000000e+00,5.932021838995244680e-30,5.932067354136508519e-30,0.000000000000000000e+00
0.000000000000000000e+00,1.643691832348024080e-29,1.643692434201131701e-29,0.000000000000000000e+00
0.000000000000000000e+00,1.394966951403298046e-30,1.394966763324201914e-30,0.000000000000000000e+00
0.000000000000000000e+00,7.625296060676772074e-30,7.625297565309541126e-30,0.000000000000000000e+00
0.000000000000000000e+00,5.799539600764915662e-29,5.799496869194274570e-29,0.000000000000000000e+00
0.000000000000000000e+00,1.834342195418623947e-29,1.834342947735008473e-29,0.000000000000000000e+00
0.000000000000000000e+00,2.990225614118911520e-29,2.990225915045465331e-29,0.000000000000000000e+00
0.000000000000000000e+00,1.725862837131520740e-29,1.725876679752996023e-29,0.000000000000000000e+00
0.000000000000000000e+00,6.191312871905274800e-29,6.191267732922203224e-29,0.000000000000000000e+00
0.000000000000000000e+00,4.776033923549146408e-29,4.775998715142350579e-29,0.000000000000000000e+00
0.000000000000000000e+00,1.494202504234178981e-29,1.494202805160732791e-29,0.000000000000000000e+00
0.000000000000000000e+00,1.350848996330157176e-27,1.350854100044509802e-27,0.000000000000000000e+00
0.000000000000000000e+00,9.998677158580217527e-28,9.998719529038994046e-28,0.000000000000000000e+00
0.000000000000000000e+00,5.456322466122334332e-27,5.456343651351722591e-27,0.000000000000000000e+00
0.000000000000000000e+00,4.060582931683427269e-27,4.060584472427382779e-27,0.000000000000000000e+00
0.000000000000000000e+00,2.659494473491374649e-26,2.659505258699063217e-26,0.000000000000000000e+00
0.000000000000000000e+00,1.056647674329655138e-26,1.056656071384212667e-26,0.000000000000000000e+00
0.000000000000000000e+00,5.385970556369801871e-27,5.385970556369801871e-27,0.000000000000000000e+00
0.000000000000000000e+00,4.315449330129956616e-27,4.315451641245889881e-27,0.000000000000000000e+00
0.000000000000000000e+00,3.352275263574136456e-25,3.352275263574136456e-25,0.000000000000000000e+00
0.000000000000000000e+00,5.325641879382640565e-26,5.325642495680222769e-26,0.000000000000000000e+00
0.000000000000000000e+00,3.998183479412621252e-25,3.998199256630725672e-25,0.000000000000000000e+00
0.000000000000000000e+00,2.524104926407895869e-25,2.524125140968592158e-25,0.000000000000000000e+00
0.000000000000000000e+00,1.146487762273246101e-23,1.146487920045427145e-23,0.000000000000000000e+00
0.000000000000000000e+00,1.696209112836672195e-24,1.696215818154366573e-24,0.000000000000000000e+00
0.000000000000000000e+00,3.955044709557462059e-23,3.955076579538032987e-23,0.000000000000000000e+00
0.000000000000000000e+00,7.813748676659540741e-23,7.813752463191885802e-23,0.000000000000000000e+00
0.000000000000000000e+00,6.115400188825127267e-22,6.115402208309044633e-22,0.000000000000000000e+00
0.000000000000000000e+00,7.940709212923258735e-22,7.940771312053717733e-22,0.000000000000000000e+00
0.000000000000000000e+00,2.703617920729067536e-22,2.703629027890613048e-22,0.000000000000000000e+00
0.000000000000000000e+00,1.451134903946567256e-21,1.451134701998175519e-21,0.000000000000000000e+00
0.000000000000000000e+00,3.293040551748590129e-21,3.293053678394053006e-21,0.000000000000000000e+00
0.000000000000000000e+00,7.184490942819959957e-21,7.184518407801236132e-21,0.000000000000000000e+00
0.000000000000000000e+00,1.102786348027060242e-21,1.102790891865874315e-21,0.000000000000000000e+00
0.000000000000000000e+00,5.092995298576460052e-20,5.092995621693886831e-20,0.000000000000000000e+00
0.000000000000000000e+00,3.432670941359206997e-20,3.432671587594060554e-20,0.000000000000000000e+00
0.000000000000000000e+00,1.710521101831694627e-19,1.710528339662054466e-19,0.000000000000000000e+00
0.000000000000000000e+00,3.560127712279293824e-19,3.560140895470306387e-19,0.000000000000000000e+00
0.000000000000000000e+00,3.833517677269334748e-18,3.833503201608615070e-18,0.000000000000000000e+00
0.000000000000000000e+00,2.739899707871139200e-18,2.739911288399714942e-18,0.000000000000000000e+00
1.000000000000000000e+00,9.994572997093200684e-01,9.994572997093200684e-01,9.960937500000000000e-01
1.000000000000000000e+00,9.994572997093200684e-01,9.994572997093200684e-01,9.960937500000000000e-01
1.000000000000000000e+00,9.994572997093200684e-01,9.994572997093200684e-01,9.960937500000000000e-01
1.000000000000000000e+00,9.994572997093200684e-01,9.994572997093200684e-01,9.960937500000000000e-01
1.000000000000000000e+00,9.994572997093200684e-01,9.994572997093200684e-01,9.960937500000000000e-01
0.000000000000000000e+00,9.421941210281157913e-17,9.421939886792177828e-17,0.000000000000000000e+00
0.000000000000000000e+00,3.720924681246311552e-16,3.720937916136112401e-16,0.000000000000000000e+00
0.000000000000000000e+00,2.606487403010768851e-16,2.606477609192316223e-16,0.000000000000000000e+00
0.000000000000000000e+00,5.914392731126575167e-16,5.914372614094077878e-16,0.000000000000000000e+00
0.000000000000000000e+00,1.969869351255257479e-15,1.969861516200495377e-15,0.000000000000000000e+00
0.000000000000000000e+00,4.137680984921425151e-15,4.137696655030949355e-15,0.000000000000000000e+00
0.000000000000000000e+00,3.339269507608710885e-14,3.339262731345132851e-14,0.000000000000000000e+00
0.000000000000000000e+00,5.455294520967639976e-15,5.455295368000587231e-15,0.000000000000000000e+00
0.000000000000000000e+00,3.289908764251420203e-13,3.289903072190014655e-13,0.000000000000000000e+00
0.000000000000000000e+00,8.591327282025332940e-15,8.591292553674495514e-15,0.000000000000000000e+00
0.000000000000000000e+00,1.297367568193694143e-13,1.297367161617879461e-13,0.000000000000000000e+00
0.000000000000000000e+00,8.401392510284586002e-14,8.401378280131072129e-14,0.000000000000000000e+00
0.000000000000000000e+00,1.218280576247010583e-13,1.218275561811962837e-13,0.000000000000000000e+00
0.000000000000000000e+00,2.708889631163578782e-14,2.708879127955032828e-14,0.000000000000000000e+00
0.000000000000000000e+00,5.305346141787695147e-14,5.305346480600874048e-14,0.000000000000000000e+00
0.000000000000000000e+00,1.234490618453112920e-13,1.234487907947681706e-13,0.000000000000000000e+00
0.000000000000000000e+00,1.368526399516713232e-14,1.368531735824280934e-14,0.000000000000000000e+00
0.000000000000000000e+00,1.363316740315284603e-13,1.363316604790013042e-13,0.000000000000000000e+00
0.000000000000000000e+00,3.761597153553730699e-13,3.761603658766765612e-13,0.000000000000000000e+00
0.000000000000000000e+00,8.975332413049819102e-13,8.975384996855184649e-13,0.000000000000000000e+00
0.000000000000000000e+00,2.371568653264377602e-12,2.371560196487432215e-12,0.000000000000000000e+00
0.000000000000000000e+00,3.222341664332883937e-12,3.222329738108986597e-12,0.000000000000000000e+00
0.000000000000000000e+00,3.649736415867188555e-11,3.649743701705787657e-11,0.000000000000000000e+00
0.000000000000000000e+00,1.220225396419971631e-11,1.220225569892319228e-11,0.000000000000000000e+00
0.000000000000000000e+00,2.470004886387378029e-12,2.470005536908681520e-12,0.000000000000000000e+00
0.000000000000000000e+00,9.594181596102660525e-14,9.594178885597229312e-14,0.000000000000000000e+00
0.000000000000000000e+00,1.592506508607538507e-11,1.592512753612052023e-11,0.000000000000000000e+00
0.000000000000000000e+00,4.282305066105607239e-10,4.282288135204481705e-10,0.000000000000000000e+00
0.000000000000000000e+00,2.545368360529209895e-10,2.545363364525599081e-10,0.000000000000000000e+00
0.000000000000000000e+00,5.368710684350297413e-11,5.368711378239687804e-11,0.000000000000000000e+00
0.000000000000000000e+00,3.751177701794006225e-10,3.751170485344346162e-10,0.000000000000000000e+00
0.000000000000000000e+00,1.778623364041831412e-12,1.778620003015096707e-12,0.000000000000000000e+00
0.000000000000000000e+00,5.379837131336273615e-10,5.379804934868559485e-10,0.000000000000000000e+00
0.000000000000000000e+00,3.782096164028914131e-11,3.782082633185801512e-11,0.000000000000000000e+00
0.000000000000000000e+00,4.445526446961167721e-10,4.445517842732726876e-10,0.000000000000000000e+00
0.000000000000000000e+00,2.297800394401861013e-09,2.297804835293959513e-09,0.000000000000000000e+00
0.000000000000000000e+00,2.289678169287157061e-11,2.289678169287157061e-11,0.000000000000000000e+00
0.000000000000000000e+00,3.036480095142124469e-11,3.036485646257247595e-11,0.000000000000000000e+00
0.000000000000000000e+00,1.144885519721583478e-09,1.144878969405738189e-09,0.000000000000000000e+00
0.000000000000000000e+00,6.407933628160833450e-10,6.407922525930587199e-10,0.000000000000000000e+00
0.000000000000000000e+00,5.609472955581118470e-11,5.609484751700755112e-11,0.000000000000000000e+00
0.000000000000000000e+00,7.358372244858912836e-10,7.358358922182617334e-10,0.000000000000000000e+00
0.000000000000000000e+00,3.422868377622734215e-10,3.422862548951854933e-10,0.000000000000000000e+00
0.000000000000000000e+00,3.312442542480198426e-10,3.312436436253562988e-10,0.000000000000000000e+00
0.000000000000000000e+00,1.359527934674531480e-09,1.359523160715525592e-09,0.000000000000000000e+00
0.000000000000000000e+00,2.070389859554211398e-09,2.070385196617507972e-09,0.000000000000000000e+00
0.000000000000000000e+00,1.581645404924447718e-11,1.581651476456613636e-11,0.000000000000000000e+00
0.000000000000000000e+00,2.615319245891090105e-11,2.615313521303619382e-11,0.000000000000000000e+00
0.000000000000000000e+00,7.983153721413671633e-11,7.983124578059275223e-11,0.000000000000000000e+00
0.000000000000000000e+00,2.021705199084511406e-11,2.021705719501554199e-11,0.000000000000000000e+00
0.000000000000000000e+00,1.786805842174388204e-10,1.786802789061070484e-10,0.000000000000000000e+00
0.000000000000000000e+00,6.471480035880050607e-12,6.471465724411373799e-12,0.000000000000000000e+00
0.000000000000000000e+00,5.671916408767074813e-11,5.671917449601160399e-11,0.000000000000000000e+00
0.000000000000000000e+00,6.512068228409217951e-12,6.512054350621410137e-12,0.000000000000000000e+00
0.000000000000000000e+00,8.694153903754386903e-12,8.694102729411845587e-12,0.000000000000000000e+00
0.000000000000000000e+00,2.431116289183798962e-13,2.431102465606099772e-13,0.000000000000000000e+00
0.000000000000000000e+00,9.531622453123889116e-13,9.531585590250024609e-13,0.000000000000000000e+00
0.000000000000000000e+00,9.489034558107789508e-12,9.489000731000007960e-12,0.000000000000000000e+00
0.000000000000000000e+00,1.141238362492580372e-12,1.141236302508452649e-12,0.000000000000000000e+00
0.000000000000000000e+00,2.381649294013604701e-13,2.381644686154371637e-13,0.000000000000000000e+00
0.000000000000000000e+00,5.846801450111460685e-13,5.846814460537530511e-13,0.000000000000000000e+00
0.000000000000000000e+00,1.063373889810537154e-12,1.063373889810537154e-12,0.000000000000000000e+00
0.000000000000000000e+00,5.666936646504805442e-13,5.666937188605891684e-13,0.000000000000000000e+00
0.000000000000000000e+00,2.549566460730012807e-14,2.549565952510244454e-14,0.000000000000000000e+00
0.000000000000000000e+00,2.407407227126429072e-14,2.407411123477986442e-14,0.000000000000000000e+00
0.000000000000000000e+00,2.647039370058364496e-15,2.647050805003152429e-15,0.000000000000000000e+00
0.000000000000000000e+00,1.942880636918425247e-14,1.942877248786636230e-14,0.000000000000000000e+00
0.000000000000000000e+00,3.837838521373454492e-16,3.837852550356643392e-16,0.000000000000000000e+00
0.000000000000000000e+00,2.563367867341808607e-16,2.563377396462465218e-16,0.000000000000000000e+00
0.000000000000000000e+00,3.107145814122328322e-16,3.107146343517920356e-16,0.000000000000000000e+00
0.000000000000000000e+00,2.306517037487762793e-16,2.306517302185558810e-16,0.000000000000000000e+00
0.000000000000000000e+00,1.138755064755621630e-16,1.138755329453417647e-16,0.000000000000000000e+00
0.000000000000000000e+00,6.484423008269363828e-17,6.484447492815495397e-17,0.000000000000000000e+00
0.000000000000000000e+00,1.348816671414789200e-17,1.348821965370709539e-17,0.000000000000000000e+00
0.000000000000000000e+00,9.783290924971885287e-18,9.783332284002512939e-18,0.000000000000000000e+00
0.000000000000000000e+00,1.341304796118011390e-17,1.341299915752397327e-17,0.000000000000000000e+00
0.000000000000000000e+00,1.269959951297429907e-18,1.269955401804060866e-18,0.000000000000000000e+00
0.000000000000000000e+00,8.998706805242888326e-18,8.998777942775567886e-18,0.000000000000000000e+00
0.000000000000000000e+00,1.642690740638697821e-19,1.642697719975116237e-19,0.000000000000000000e+00
0.000000000000000000e+00,9.393472341934073497e-19,9.393507497110107001e-19,0.000000000000000000e+00
0.000000000000000000e+00,1.684110646589554279e-20,1.684110969706981057e-20,0.000000000000000000e+00
0.000000000000000000e+00,3.731804007782816972e-20,3.731805623369950865e-20,0.000000000000000000e+00
0.000000000000000000e+00,3.301683660187167280e-20,3.301696584884238421e-20,0.000000000000000000e+00
0.000000000000000000e+00,2.763041093633681698e-20,2.763031076993451564e-20,0.000000000000000000e+00
0.000000000000000000e+00,2.279971493311834878e-20,2.279962607582598469e-20,0.000000000000000000e+00
0.000000000000000000e+00,4.239570240437235167e-22,4.239555599178834265e-22,0.000000000000000000e+00
0.000000000000000000e+00,6.562398211701448162e-21,6.562423657198806971e-21,0.000000000000000000e+00
0.000000000000000000e+00,7.931083342831134696e-22,7.931083847702114037e-22,0.000000000000000000e+00
0.000000000000000000e+00,7.613464465888615965e-23,7.613495389236100629e-23,0.000000000000000000e+00
0.000000000000000000e+00,3.250343461564390106e-22,3.250344471306348789e-22,0.000000000000000000e+00
0.000000000000000000e+00,6.130558435108874888e-22,6.130584688399800644e-22,0.000000000000000000e+00
0.000000000000000000e+00,5.352764099806635877e-21,5.352805297278550139e-21,0.000000000000000000e+00
0.000000000000000000e+00,5.837244425765087950e-23,5.837246319031260480e-23,0.000000000000000000e+00
0.000000000000000000e+00,8.607631154858827419e-22,8.607599852858108249e-22,0.000000000000000000e+00
0.000000000000000000e+00,1.162745633327217500e-21,1.162746037224000973e-21,0.000000000000000000e+00
1.000000000000000000e+00,9.999997615814208984e-01,9.999997615814208984e-01,9.960937500000000000e-01
1.000000000000000000e+00,9.999998211860656738e-01,9.999998211860656738e-01,9.960937500000000000e-01
1.000000000000000000e+00,9.999997615814208984e-01,9.999997615814208984e-01,9.960937500000000000e-01
1.000000000000000000e+00,9.999998211860656738e-01,9.999998211860656738e-01,9.960937500000000000e-01
1.000000000000000000e+00,9.999997615814208984e-01,9.999997615814208984e-01,9.960937500000000000e-01
0.000000000000000000e+00,9.989063167500730952e-22,9.989066196726607001e-22,0.000000000000000000e+00
0.000000000000000000e+00,5.774614297253567533e-22,5.774616316737484899e-22,0.000000000000000000e+00
0.000000000000000000e+00,4.067866144718105560e-22,4.067881543282975474e-22,0.000000000000000000e+00
0.000000000000000000e+00,6.765693952620595706e-23,6.765721720524459485e-23,0.000000000000000000e+00
0.000000000000000000e+00,1.672450626078114580e-22,1.672444693844107318e-22,0.000000000000000000e+00
0.000000000000000000e+00,8.150372822085080296e-24,8.150373610945985517e-24,0.000000000000000000e+00
0.000000000000000000e+00,8.087442390004160345e-23,8.087414622100296565e-23,0.000000000000000000e+00
0.000000000000000000e+00,2.246008166199262557e-23,2.246007692882719425e-23,0.000000000000000000e+00
0.000000000000000000e+00,7.814135060730917993e-24,7.814164248584411170e-24,0.000000000000000000e+00
0.000000000000000000e+00,3.548012046213869448e-23,3.548040760750819493e-23,0.000000000000000000e+00
0.000000000000000000e+00,4.471768481772036361e-22,4.471785647385333970e-22,0.000000000000000000e+00
0.000000000000000000e+00,4.851257908837656300e-24,4.851240948328194048e-24,0.000000000000000000e+00
0.000000000000000000e+00,1.287816216634206993e-24,1.287816512457046451e-24,0.000000000000000000e+00
0.000000000000000000e+00,3.523142101771509742e-23,3.523143363948958095e-23,0.000000000000000000e+00
0.000000000000000000e+00,9.337604540138176959e-24,9.337572196841062897e-24,0.000000000000000000e+00
0.000000000000000000e+00,9.132972128057673966e-23,9.133004944671331160e-23,0.000000000000000000e+00
0.000000000000000000e+00,1.691512913427364780e-22,1.691513418298344122e-22,0.000000000000000000e+00
0.000000000000000000e+00,3.136263572378865629e-22,3.136264834556313983e-22,0.000000000000000000e+00
0.000000000000000000e+00,9.468744777022117961e-24,9.468784220067379012e-24,0.000000000000000000e+00
0.000000000000000000e+00,3.599612384657462095e-23,3.599613646834910449e-23,0.000000000000000000e+00
0.000000000000000000e+00,2.831335700352925284e-23,2.831346113316874201e-23,0.000000000000000000e+00
0.000000000000000000e+00,2.149090766422162622e-23,2.149082877813110412e-23,0.000000000000000000e+00
0.000000000000000000e+00,1.286702345036034925e-23,1.286707393745828339e-23,0.000000000000000000e+00
0.000000000000000000e+00,5.464789744707866905e-23,5.464791637974039436e-23,0.000000000000000000e+00
0.000000000000000000e+00,3.525412285684554769e-24,3.525426879611301358e-24,0.000000000000000000e+00
0.000000000000000000e+00,1.732017046025697291e-21,1.732017247974089027e-21,0.000000000000000000e+00
0.000000000000000000e+00,5.916269986895232205e-22,5.916339659090381325e-22,0.000000000000000000e+00
0.000000000000000000e+00,3.409400185841330913e-21,3.409401397531681332e-21,0.000000000000000000e+00
0.000000000000000000e+00,1.991372322582823916e-22,1.991380021865258873e-22,0.000000000000000000e+00
0.000000000000000000e+00,5.747099838621417324e-22,5.747124577299405055e-22,0.000000000000000000e+00
0.000000000000000000e+00,1.794647325998511510e-22,1.794647578434001181e-22,0.000000000000000000e+00
0.000000000000000000e+00,2.350683066346124879e-22,2.350692406459242696e-22,0.000000000000000000e+00
0.000000000000000000e+00,3.744394197537885560e-21,3.744394601434669034e-21,0.000000000000000000e+00
0.000000000000000000e+00,1.824265455783832696e-22,1.824272650195288311e-22,0.000000000000000000e+00
0.000000000000000000e+00,4.382968744699586516e-22,4.383002571055202393e-22,0.000000000000000000e+00
0.000000000000000000e+00,1.938144942744994827e-23,1.938153146898409126e-23,0.000000000000000000e+00
0.000000000000000000e+00,3.091093523163655328e-22,3.091059191937060110e-22,0.000000000000000000e+00
0.000000000000000000e+00,1.156985600713589272e-20,1.156994567222182376e-20,0.000000000000000000e+00
0.000000000000000000e+00,2.043909009890832592e-20,2.043917087826502055e-20,0.000000000000000000e+00
0.000000000000000000e+00,5.418175587786897295e-21,5.418196186522854426e-21,0.000000000000000000e+00
0.000000000000000000e+00,1.905699407995439252e-20,1.905728811681276098e-20,0.000000000000000000e+00
0.000000000000000000e+00,3.126039177740732304e-22,3.126076285757713900e-22,0.000000000000000000e+00
0.000000000000000000e+00,1.610733910142418710e-19,1.610734685624242979e-19,0.000000000000000000e+00
0.000000000000000000e+00,8.467276012859946316e-20,8.467341282580155578e-20,0.000000000000000000e+00
0.000000000000000000e+00,9.535490108886250517e-21,9.535493340060518302e-21,0.000000000000000000e+00
0.000000000000000000e+00,2.558650025027433298e-22,2.558651034769391980e-22,0.000000000000000000e+00
0.000000000000000000e+00,3.446918965851719510e-21,3.446906848948215315e-21,0.000000000000000000e+00
0.000000000000000000e+00,1.549214396811253610e-22,1.549226892367992311e-22,0.000000000000000000e+00
0.000000000000000000e+00,2.459348581824285292e-19,2.459357887606176514e-19,0.000000000000000000e+00
0.000000000000000000e+00,3.596609475181211583e-22,3.596595338793790023e-22,0.000000000000000000e+00
0.000000000000000000e+00,3.081732962771175220e-22,3.081734477384113244e-22,0.000000000000000000e+00
0.000000000000000000e+00,1.546842447317080175e-20,1.546842447317080175e-20,0.000000000000000000e+00
0.000000000000000000e+00,1.485565004474379918e-20,1.485559511478124683e-20,0.000000000000000000e+00
0.000000000000000000e+00,1.372347049200142416e-19,1.372347307694083839e-19,0.000000000000000000e+00
0.000000000000000000e+00,2.961982554596659753e-20,2.961982231479232975e-20,0.000000000000000000e+00
0.000000000000000000e+00,2.509940628298647713e-20,2.509940143622507545e-20,0.000000000000000000e+00
0.000000000000000000e+00,1.551371034988609257e-18,1.551376618457743989e-18,0.000000000000000000e+00
0.000000000000000000e+00,5.280749464872085187e-19,5.280749981859968032e-19,0.000000000000000000e+00
0.000000000000000000e+00,2.218203926569151346e-18,2.218204546954610761e-18,0.000000000000000000e+00
0.000000000000000000e+00,5.798571636913669639e-20,5.798549664928648699e-20,0.000000000000000000e+00
0.000000000000000000e+00,4.454049651050103959e-20,4.454033172061338254e-20,0.000000000000000000e+00
0.000000000000000000e+00,3.583232353128063068e-20,3.583233645597770182e-20,0.000000000000000000e+00
0.000000000000000000e+00,1.707463764739516210e-19,1.707464281727399055e-19,0.000000000000000000e+00
0.000000000000000000e+00,2.672665226911910281e-18,2.672666467682829111e-18,0.000000000000000000e+00
0.000000000000000000e+00,4.265715494143290198e-17,4.265700604892264244e-17,0.000000000000000000e+00
0.000000000000000000e+00,4.005540225407393766e-18,4.005540638997700042e-18,0.000000000000000000e+00
0.000000000000000000e+00,3.080561803462977277e-20,3.080549848118186472e-20,0.000000000000000000e+00
0.000000000000000000e+00,3.173651507602867396e-18,3.173651714398020534e-18,0.000000000000000000e+00
0.000000000000000000e+00,4.935890526270791541e-18,4.935909965015186537e-18,0.000000000000000000e+00
0.000000000000000000e+00,1.010687984469956695e-16,1.010683947828567436e-16,0.000000000000000000e+00
0.000000000000000000e+00,3.058740792862501244e-16,3.058729675555068531e-16,0.000000000000000000e+00
0.000000000000000000e+00,8.341396234894321929e-16,8.341396234894321929e-16,0.000000000000000000e+00
0.000000000000000000e+00,6.403987634632462395e-18,6.404011209279920157e-18,0.000000000000000000e+00
0.000000000000000000e+00,5.942003622926901206e-17,5.942002961182411163e-17,0.000000000000000000e+00
0.000000000000000000e+00,1.252180965481036721e-17,1.252181048199097976e-17,0.000000000000000000e+00
0.000000000000000000e+00,7.691107468416820176e-17,7.691108130161310218e-17,0.000000000000000000e+00
0.000000000000000000e+00,5.444042217658958630e-17,5.444063393482639988e-17,0.000000000000000000e+00
0.000000000000000000e+00,1.968529881145738111e-17,1.968537491207373598e-17,0.000000000000000000e+00
0.000000000000000000e+00,4.846909467007543524e-17,4.846928657597754755e-17,0.000000000000000000e+00
0.000000000000000000e+00,1.411075363204491138e-16,1.411075760251185164e-16,0.000000000000000000e+00
0.000000000000000000e+00,1.467207707223441588e-16,1.467202677965317266e-16,0.000000000000000000e+00
0.000000000000000000e+00,8.967118928319080837e-17,8.967118266574590794e-17,0.000000000000000000e+00
0.000000000000000000e+00,3.966303349802304326e-15,3.966302502769357072e-15,0.000000000000000000e+00
0.000000000000000000e+00,2.262136977826945241e-17,2.262145580505315793e-17,0.000000000000000000e+00
0.000000000000000000e+00,6.891739315035785461e-17,6.891739976780275503e-17,0.000000000000000000e+00
0.000000000000000000e+00,5.783074566335780816e-16,5.783076683918148952e-16,0.000000000000000000e+00
0.000000000000000000e+00,1.718843990495953116e-16,1.718851137336445574e-16,0.000000000000000000e+00
0.000000000000000000e+00,2.424967871837257864e-15,2.424968718870205119e-15,0.000000000000000000e+00
0.000000000000000000e+00,2.741711713177385611e-16,2.741712242572977645e-16,0.000000000000000000e+00
0.000000000000000000e+00,2.019838604140646835e-16,2.019838868838442852e-16,0.000000000000000000e+00
0.000000000000000000e+00,1.372852577943167209e-15,1.372847495745483683e-15,0.000000000000000000e+00
0.000000000000000000e+00,9.547382686953681530e-16,9.547419744645123905e-16,0.000000000000000000e+00
0.000000000000000000e+00,1.001587457720096164e-13,1.001587322194824603e-13,0.000000000000000000e+00
0.000000000000000000e+00,1.541684260721737365e-13,1.541681956792120833e-13,0.000000000000000000e+00
0.000000000000000000e+00,1.895601798901531965e-14,1.895602307121300317e-14,0.000000000000000000e+00
1.000000000000000000e+00,1.000000000000000000e+00,1.000000000000000000e+00,9.960937500000000000e-01
1.000000000000000000e+00,1.000000000000000000e+00,1.000000000000000000e+00,9.960937500000000000e-01
1.000000000000000000e+00,1.000000000000000000e+00,1.000000000000000000e+00,9.960937500000000000e-01
1.000000000000000000e+00,1.000000000000000000e+00,1.000000000000000000e+00,9.960937500000000000e-01
1.000000000000000000e+00,1.000000000000000000e+00,1.000000000000000000e+00,9.960937500000000000e-01
0.000000000000000000e+00,1.457962304487678273e-13,1.457957154527358967e-13,0.000000000000000000e+00
0.000000000000000000e+00,3.455181290818593043e-13,3.455181561869136164e-13,0.000000000000000000e+00
0.000000000000000000e+00,1.984243715516531559e-12,1.984239161867407120e-12,0.000000000000000000e+00
0.000000000000000000e+00,1.227517165604957716e-13,1.227512151169909971e-13,0.000000000000000000e+00
0.000000000000000000e+00,7.081028471911388067e-13,7.081017629889663212e-13,0.000000000000000000e+00
0.000000000000000000e+00,3.891233689434780985e-12,3.891233255753911990e-12,0.000000000000000000e+00
0.000000000000000000e+00,2.049183739361026824e-11,2.049180096441727272e-11,0.000000000000000000e+00
0.000000000000000000e+00,8.004574433839728442e-12,8.004571831754514477e-12,0.000000000000000000e+00
0.000000000000000000e+00,2.551669596104200188e-12,2.551670246625503680e-12,0.000000000000000000e+00
0.000000000000000000e+00,9.589475741256237029e-11,9.589473659588065857e-11,0.000000000000000000e+00
0.000000000000000000e+00,2.088406392264374745e-10,2.088398343147446212e-10,0.000000000000000000e+00
0.000000000000000000e+00,1.123284937287749585e-10,1.123285006676688624e-10,0.000000000000000000e+00
0.000000000000000000e+00,3.401215975529225943e-10,3.401217085752250568e-10,0.000000000000000000e+00
0.000000000000000000e+00,2.008647470574942417e-08,2.008648181117678178e-08,0.000000000000000000e+00
0.000000000000000000e+00,8.681319552117372496e-10,8.681336205462741873e-10,0.000000000000000000e+00
0.000000000000000000e+00,3.826033267984030317e-09,3.826047922927955369e-09,0.000000000000000000e+00
0.000000000000000000e+00,1.257771131690788025e-08,1.257773529772521215e-08,0.000000000000000000e+00
0.000000000000000000e+00,9.954572277592887986e-09,9.954555402202913683e-09,0.000000000000000000e+00
0.000000000000000000e+00,1.681152106414174341e-08,1.681149086607547360e-08,0.000000000000000000e+00
0.000000000000000000e+00,4.923935748024632630e-08,4.923936458567368391e-08,0.000000000000000000e+00
0.000000000000000000e+00,1.956355788479413604e-07,1.956355788479413604e-07,0.000000000000000000e+00
0.000000000000000000e+00,4.256688868053970509e-08,4.256689933868074149e-08,0.000000000000000000e+00
0.000000000000000000e+00,1.390845660864670208e-08,1.390845660864670208e-08,0.000000000000000000e+00
0.000000000000000000e+00,8.151275778800481930e-07,8.151267820721841417e-07,0.000000000000000000e+00
0.000000000000000000e+00,1.391154285101947607e-07,1.391153858776306151e-07,0.000000000000000000e+00
0.000000000000000000e+00,1.175080868165423453e-07,1.175085486693205894e-07,0.000000000000000000e+00
0.000000000000000000e+00,4.604432035648642341e-07,4.604432035648642341e-07,0.000000000000000000e+00
0.000000000000000000e+00,3.841820216621272266e-06,3.841816123895114288e-06,0.000000000000000000e+00
0.000000000000000000e+00,1.456659219911671244e-06,1.456659447285346687e-06,0.000000000000000000e+00
0.000000000000000000e+00,1.078851369129552040e-06,1.078853415492631029e-06,0.000000000000000000e+00
0.000000000000000000e+00,1.000076281343353912e-06,1.000073325485573150e-06,0.000000000000000000e+00
0.000000000000000000e+00,6.972673531890904997e-07,6.972689448048186023e-07,0.000000000000000000e+00
0.000000000000000000e+00,4.461910521058598533e-06,4.461893240659264848e-06,0.000000000000000000e+00
0.000000000000000000e+00,3.587602122934185900e-06,3.587595301723922603e-06,0.000000000000000000e+00
0.000000000000000000e+00,2.460845571761183237e-08,2.460845038854131417e-08,0.000000000000000000e+00
0.000000000000000000e+00,1.892693830995995086e-06,1.892695877359074075e-06,0.000000000000000000e+00
0.000000000000000000e+00,7.277339477695932146e-07,7.277341751432686578e-07,0.000000000000000000e+00
0.000000000000000000e+00,1.219912974192993715e-06,1.219911951011454221e-06,0.000000000000000000e+00
0.000000000000000000e+00,1.659101826589903794e-06,1.659106146689737216e-06,0.000000000000000000e+00
0.000000000000000000e+00,1.842451808897749288e-07,1.842452235223390744e-07,0.000000000000000000e+00
0.000000000000000000e+00,1.931071977878673351e-07,1.931072119987220503e-07,0.000000000000000000e+00
0.000000000000000000e+00,1.918678890433511697e-06,1.918677071444108151e-06,0.000000000000000000e+00
0.000000000000000000e+00,9.379201060255581979e-08,9.379200349712846219e-08,0.000000000000000000e+00
0.000000000000000000e+00,2.451676905934618844e-08,2.451667135972002143e-08,0.000000000000000000e+00
0.000000000000000000e+00,2.823594469347767699e-09,2.823584255295941148e-09,0.000000000000000000e+00
0.000000000000000000e+00,2.818237554436109349e-08,2.818242705870943610e-08,0.000000000000000000e+00
0.000000000000000000e+00,6.361700144452697714e-08,6.361700144452697714e-08,0.000000000000000000e+00
0.000000000000000000e+00,8.399839712680545745e-10,8.399839712680545745e-10,0.000000000000000000e+00
0.000000000000000000e+00,8.368779280676363896e-11,8.368795934021733274e-11,0.000000000000000000e+00
0.000000000000000000e+00,6.807957753096616216e-09,6.807956420828986666e-09,0.000000000000000000e+00
0.000000000000000000e+00,1.045941333543964902e-09,1.045939335142520576e-09,0.000000000000000000e+00
0.000000000000000000e+00,1.087744117000966071e-08,1.087740386651603330e-08,0.000000000000000000e+00
0.000000000000000000e+00,6.541772679113933009e-11,6.541798353021377466e-11,0.000000000000000000e+00
0.000000000000000000e+00,5.481221379555201167e-12,5.481221813236070162e-12,0.000000000000000000e+00
0.000000000000000000e+00,1.466160665097859805e-10,1.466158028318176321e-10,0.000000000000000000e+00
0.000000000000000000e+00,5.364899930554445362e-12,5.364891256937065478e-12,0.000000000000000000e+00
0.000000000000000000e+00,4.963463667850831484e-12,4.963473642510818351e-12,0.000000000000000000e+00
0.000000000000000000e+00,2.905429369315370991e-12,2.905441078698833834e-12,0.000000000000000000e+00
0.000000000000000000e+00,1.241679068592071999e-12,1.241679285432506497e-12,0.000000000000000000e+00
0.000000000000000000e+00,2.375950185293934647e-13,2.375950456344477768e-13,0.000000000000000000e+00
0.000000000000000000e+00,3.233421898827561203e-14,3.233414444937625365e-14,0.000000000000000000e+00
0.000000000000000000e+00,1.135468079288418433e-14,1.135472737969628332e-14,0.000000000000000000e+00
0.000000000000000000e+00,7.104701619771794374e-14,7.104688744870996109e-14,0.000000000000000000e+00
0.000000000000000000e+00,2.814192640111291312e-15,2.814182687474161074e-15,0.000000000000000000e+00
0.000000000000000000e+00,1.004339332240453825e-14,1.004343397998600645e-14,0.000000000000000000e+00
0.000000000000000000e+00,1.687695020899122184e-14,1.687698070217732299e-14,0.000000000000000000e+00
0.000000000000000000e+00,7.801543597610056252e-15,7.801541056511214489e-15,0.000000000000000000e+00
0.000000000000000000e+00,1.712854938163273178e-16,1.712855467558865212e-16,0.000000000000000000e+00
0.000000000000000000e+00,4.763093902515505400e-16,4.763093373119913366e-16,0.000000000000000000e+00
0.000000000000000000e+00,2.139951482568777354e-17,2.139951648004899864e-17,0.000000000000000000e+00
0.000000000000000000e+00,6.398399003890707128e-16,6.398426003065900858e-16,0.000000000000000000e+00
0.000000000000000000e+00,5.209310329733478784e-16,5.209309800337886751e-16,0.000000000000000000e+00
0.000000000000000000e+00,2.934030146804780478e-17,2.934041396461111199e-17,0.000000000000000000e+00
0.000000000000000000e+00,1.220061211423357635e-17,1.220061376859480146e-17,0.000000000000000000e+00
0.000000000000000000e+00,5.096109620658025130e-18,5.096110861428943960e-18,0.000000000000000000e+00
0.000000000000000000e+00,1.616164092369887914e-18,1.616163782177158207e-18,0.000000000000000000e+00
0.000000000000000000e+00,6.153598848291136231e-20,6.153621466511010728e-20,0.000000000000000000e+00
0.000000000000000000e+00,3.210289611679525512e-18,3.210277824355796632e-18,0.000000000000000000e+00
0.000000000000000000e+00,1.076838843317104662e-19,1.076839037187560729e-19,0.000000000000000000e+00
0.000000000000000000e+00,2.328429413805810488e-19,2.328429155311869065e-19,0.000000000000000000e+00
0.000000000000000000e+00,1.950572017521880332e-20,1.950572179080593721e-20,0.000000000000000000e+00
0.000000000000000000e+00,6.256082891115405101e-21,6.256106317128846545e-21,0.000000000000000000e+00
0.000000000000000000e+00,9.365909197583643434e-21,9.365912428757911219e-21,0.000000000000000000e+00
0.000000000000000000e+00,6.260517778772136245e-22,6.260520303127032952e-22,0.000000000000000000e+00
0.000000000000000000e+00,3.049340693172117616e-22,3.049318731284516263e-22,0.000000000000000000e+00
0.000000000000000000e+00,1.256680791783783714e-22,1.256680791783783714e-22,0.000000000000000000e+00
0.000000000000000000e+00,2.099130785344886546e-23,2.099147351423896187e-23,0.000000000000000000e+00
0.000000000000000000e+00,1.152482079633749004e-23,1.152490914875887479e-23,0.000000000000000000e+00
0.000000000000000000e+00,4.588366856729133232e-24,4.588369223311848895e-24,0.000000000000000000e+00
0.000000000000000000e+00,1.320207831478713264e-24,1.320208127301552722e-24,0.000000000000000000e+00
0.000000000000000000e+00,4.477872786064249703e-25,4.477872786064249703e-25,0.000000000000000000e+00
0.000000000000000000e+00,8.530437994351995133e-26,8.530437994351995133e-26,0.000000000000000000e+00
0.000000000000000000e+00,2.433750030919045585e-25,2.433769505922643229e-25,0.000000000000000000e+00
0.000000000000000000e+00,4.518502820468625034e-26,4.518537949430810657e-26,0.000000000000000000e+00
0.000000000000000000e+00,8.761653896044251448e-27,8.761691644271161438e-27,0.000000000000000000e+00
1.000000000000000000e+00,9.994572997093200684e-01,9.994572997093200684e-01,9.960937500000000000e-01
1.000000000000000000e+00,9.994572997093200684e-01,9.994572997093200684e-01,9.960937500000000000e-01
1.000000000000000000e+00,9.994572997093200684e-01,9.994572997093200684e-01,9.960937500000000000e-01
1.000000000000000000e+00,9.994572997093200684e-01,9.994572997093200684e-01,9.960937500000000000e-01
1.000000000000000000e+00,9.994572997093200684e-01,9.994572997093200684e-01,9.960937500000000000e-01
0.000000000000000000e+00,9.527672935087090369e-29,9.527674138793305611e-29,0.000000000000000000e+00
0.000000000000000000e+00,1.278819890485555090e-29,1.278820341875385806e-29,0.000000000000000000e+00
0.000000000000000000e+00,5.509946542824021322e-29,5.509947144677128943e-29,0.000000000000000000e+00
0.000000000000000000e+00,3.805519907826638138e-29,3.805551204188234431e-29,0.000000000000000000e+00
0.000000000000000000e+00,5.505510734957577564e-30,5.505511111115769827e-30,0.000000000000000000e+00
0.000000000000000000e+00,7.403896871874537839e-30,7.403954800236146362e-30,0.000000000000000000e+00
0.000000000000000000e+00,7.654265507695724922e-30,7.654208331650500926e-30,0.000000000000000000e+00
0.000000000000000000e+00,1.516730862871642927e-30,1.516742805894247282e-30,0.000000000000000000e+00
0.000000000000000000e+00,7.607947080612308031e-31,7.607890656883468561e-31,0.000000000000000000e+00
0.000000000000000000e+00,1.954561601349536409e-30,1.954562165586824803e-30,0.000000000000000000e+00
0.000000000000000000e+00,9.589828087560548043e-32,9.589903906946176080e-32,0.000000000000000000e+00
0.000000000000000000e+00,1.865218364804271595e-31,1.865233176033091955e-31,0.000000000000000000e+00
0.000000000000000000e+00,1.282189035970153091e-31,1.282199380320440328e-31,0.000000000000000000e+00
0.000000000000000000e+00,3.255464013677152972e-32,3.255490168426458768e-32,0.000000000000000000e+00
0.000000000000000000e+00,4.518109809542992581e-32,4.518145074373517250e-32,0.000000000000000000e+00
0.000000000000000000e+00,8.320418203326489285e-32,8.320481092274258278e-32,0.000000000000000000e+00
0.000000000000000000e+00,1.619583333061882536e-32,1.619584067745851800e-32,0.000000000000000000e+00
0.000000000000000000e+00,5.276987362725165037e-33,5.276987362725165037e-33,0.000000000000000000e+00
0.000000000000000000e+00,1.010220579780643148e-32,1.010220947122627780e-32,0.000000000000000000e+00
0.000000000000000000e+00,1.108667772484528937e-33,1.108668323497505885e-33,0.000000000000000000e+00
0.000000000000000000e+00,6.255732611894602909e-33,6.255734815946510701e-33,0.000000000000000000e+00
0.000000000000000000e+00,4.403338288016947675e-33,4.403339757384886203e-33,0.000000000000000000e+00
0.000000000000000000e+00,9.101302663794985807e-34,9.101375213836950620e-34,0.000000000000000000e+00
0.000000000000000000e+00,1.095890093789792977e-32,1.095898689592233365e-32,0.000000000000000000e+00
0.000000000000000000e+00,1.686755231232294386e-33,1.686755231232294386e-33,0.000000000000000000e+00
0.000000000000000000e+00,3.344520567721403369e-33,3.344547016344296871e-33,0.000000000000000000e+00
0.000000000000000000e+00,8.769215407783112207e-34,8.769216326138073787e-34,0.000000000000000000e+00
0.000000000000000000e+00,2.654468098577280458e-33,2.654468649590257406e-33,0.000000000000000000e+00
0.000000000000000000e+00,3.679645145015458292e-34,3.679645604192939082e-34,0.000000000000000000e+00
0.000000000000000000e+00,3.887962259024101211e-34,3.887993023915314138e-34,0.000000000000000000e+00
0.000000000000000000e+00,3.888169807245418271e-34,3.888200572136631198e-34,0.000000000000000000e+00
0.000000000000000000e+00,1.148355400504166419e-33,1.148364492218286060e-33,0.000000000000000000e+00
0.000000000000000000e+00,3.211171386538169178e-33,3.211172121222138442e-33,0.000000000000000000e+00
0.000000000000000000e+00,1.463422416671094876e-33,1.463433804272618467e-33,0.000000000000000000e+00
0.000000000000000000e+00,3.384615945343982332e-33,3.384642761308860466e-33,0.000000000000000000e+00
0.000000000000000000e+00,4.991594874925279806e-34,4.991596711635202966e-34,0.000000000000000000e+00
0.000000000000000000e+00,1.087240806356442586e-33,1.087241173698427218e-33,0.000000000000000000e+00
0.000000000000000000e+00,1.209873519822008466e-33,1.209864611778881141e-33,0.000000000000000000e+00
0.000000000000000000e+00,6.199403381780679682e-34,6.199452513771124207e-34,0.000000000000000000e+00
0.000000000000000000e+00,1.602418654348580104e-33,1.602431143976057591e-33,0.000000000000000000e+00
0.000000000000000000e+00,4.714192258962132127e-33,4.714193360988086023e-33,0.000000000000000000e+00
0.000000000000000000e+00,8.981212140534065439e-34,8.981282853866107092e-34,0.000000000000000000e+00
0.000000000000000000e+00,1.766760295104220853e-33,1.766760478775213169e-33,0.000000000000000000e+00
0.000000000000000000e+00,1.778661991735304198e-33,1.778662175406296514e-33,0.000000000000000000e+00
0.000000000000000000e+00,7.182802394717923759e-33,7.182803129401893023e-33,0.000000000000000000e+00
0.000000000000000000e+00,2.354420961477983779e-33,2.354422063503937675e-33,0.000000000000000000e+00
0.000000000000000000e+00,5.345467990184225187e-33,5.345508397802534703e-33,0.000000000000000000e+00
0.000000000000000000e+00,5.278678605222410603e-33,5.278678605222410603e-33,0.000000000000000000e+00
0.000000000000000000e+00,1.835544420510983933e-31,1.835545008258159344e-31,0.000000000000000000e+00
0.000000000000000000e+00,9.424340082673466321e-33,9.424345225461251168e-33,0.000000000000000000e+00
0.000000000000000000e+00,6.219306686824909569e-32,6.219261430292402911e-32,0.000000000000000000e+00
0.000000000000000000e+00,4.753144321391742563e-32,4.753181349463793465e-32,0.000000000000000000e+00
0.000000000000000000e+00,3.349974053356852593e-32,3.350001383600509211e-32,0.000000000000000000e+00
0.000000000000000000e+00,2.196263376096828306e-32,2.196280273828121376e-32,0.000000000000000000e+00
0.000000000000000000e+00,3.205593783392952506e-31,3.205594488689563000e-31,0.000000000000000000e+00
0.000000000000000000e+00,2.385223799117923317e-30,2.385206871999271476e-30,0.000000000000000000e+00
0.000000000000000000e+00,7.032904083907563166e-30,7.032850669444261801e-30,0.000000000000000000e+00
0.000000000000000000e+00,2.232527082946108170e-31,2.232544950460240669e-31,0.000000000000000000e+00
0.000000000000000000e+00,1.632113532726887972e-30,1.632113720805984104e-30,0.000000000000000000e+00
0.000000000000000000e+00,3.141256250425554803e-30,3.141280888787148039e-30,0.000000000000000000e+00
0.000000000000000000e+00,4.470131549171384096e-29,4.470132451951045527e-29,0.000000000000000000e+00
0.000000000000000000e+00,3.229925049438024032e-29,3.229951230048205546e-29,0.000000000000000000e+00
0.000000000000000000e+00,1.389974455743378311e-28,1.389975177967107456e-28,0.000000000000000000e+00
0.000000000000000000e+00,5.176076355461664430e-29,5.176076957314772051e-29,0.000000000000000000e+00
0.000000000000000000e+00,3.325396923640509972e-27,3.325398079198476604e-27,0.000000000000000000e+00
0.000000000000000000e+00,7.214647683023790449e-28,7.214648645988762643e-28,0.000000000000000000e+00
0.000000000000000000e+00,9.621139037511932070e-28,9.621178519075792008e-28,0.000000000000000000e+00
0.000000000000000000e+00,1.106718886951608914e-27,1.106715227684714578e-27,0.000000000000000000e+00
0.000000000000000000e+00,2.470802796822397399e-26,2.470812503509317111e-26,0.000000000000000000e+00
0.000000000000000000e+00,4.257681677745643680e-26,4.257682294043225884e-26,0.000000000000000000e+00
0.000000000000000000e+00,5.071343938418496554e-26,5.071344862864869860e-26,0.000000000000000000e+00
0.000000000000000000e+00,7.853691480095190815e-26,7.853693945285519631e-26,0.000000000000000000e+00
0.000000000000000000e+00,4.619081846327205395e-25,4.619099595697572867e-25,0.000000000000000000e+00
0.000000000000000000e+00,5.044604758478931714e-25,5.044643215448061239e-25,0.000000000000000000e+00
0.000000000000000000e+00,2.623733128356652029e-25,2.623734114432783555e-25,0.000000000000000000e+00
0.000000000000000000e+00,3.315206097992122196e-24,3.315194265078543880e-24,0.000000000000000000e+00
0.000000000000000000e+00,4.342886359229290504e-24,4.342904897460563198e-24,0.000000000000000000e+00
0.000000000000000000e+00,4.604234004976748663e-25,4.604269010679417845e-25,0.000000000000000000e+00
0.000000000000000000e+00,8.358881381109477253e-24,8.358850615534173633e-24,0.000000000000000000e+00
0.000000000000000000e+00,2.499598390463048852e-23,2.499607541249549416e-23,0.000000000000000000e+00
0.000000000000000000e+00,7.134451463496099329e-22,7.134480241141921792e-22,0.000000000000000000e+00
0.000000000000000000e+00,4.853633705448692317e-22,4.853670056159204901e-22,0.000000000000000000e+00
0.000000000000000000e+00,9.115953432215053110e-22,9.115988773183607011e-22,0.000000000000000000e+00
0.000000000000000000e+00,9.204287678244550140e-22,9.204289697728467506e-22,0.000000000000000000e+00
0.000000000000000000e+00,8.781317878913830890e-22,8.781354229624343474e-22,0.000000000000000000e+00
0.000000000000000000e+00,2.585912482358955016e-20,2.585922337440471761e-20,0.000000000000000000e+00
0.000000000000000000e+00,1.755290992328162813e-20,1.755291638563016371e-20,0.000000000000000000e+00
0.000000000000000000e+00,1.418899093864007566e-20,1.418899578540147733e-20,0.000000000000000000e+00
0.000000000000000000e+00,1.388735565086349277e-19,1.388735952827261412e-19,0.000000000000000000e+00
0.000000000000000000e+00,4.115368045564568040e-19,4.115383296707111986e-19,0.000000000000000000e+00
0.000000000000000000e+00,3.274119003647179893e-18,3.274119417237486169e-18,0.000000000000000000e+00
0.000000000000000000e+00,2.233077978151350182e-19,2.233077978151350182e-19,0.000000000000000000e+00
0.000000000000000000e+00,4.298596667954824346e-18,4.298613211567075407e-18,0.000000000000000000e+00
0.000000000000000000e+00,2.215947543294229197e-17,2.215947377858106687e-17,0.000000000000000000e+00
0.000000000000000000e+00,4.140837823776282725e-16,4.140837294380690691e-16,0.000000000000000000e+00
1.000000000000000000e+00,9.999995231628417969e-01,9.999995231628417969e-01,9.960937500000000000e-01
1.000000000000000000e+00,9.999997019767761230e-01,9.999997019767761230e-01,9.960937500000000000e-01
1.000000000000000000e+00,9.999998807907104492e-01,9.999998807907104492e-01,9.960937500000000000e-01
1.000000000000000000e+00,9.999997615814208984e-01,9.999997615814208984e-01,9.960937500000000000e-01
1.000000000000000000e+00,9.999997615814208984e-01,9.999997615814208984e-01,9.960937500000000000e-01
0.000000000000000000e+00,9.281500103601740721e-16,9.281535043710814961e-16,0.000000000000000000e+00
0.000000000000000000e+00,4.276923460571138702e-14,4.276909230417624830e-14,0.000000000000000000e+00
0.000000000000000000e+00,3.699646790094809901e-14,3.699655260424282444e-14,0.000000000000000000e+00
0.000000000000000000e+00,3.452993912935603538e-13,3.453007465462759606e-13,0.000000000000000000e+00
0.000000000000000000e+00,4.083206483432993972e-13,4.083205670281364608e-13,0.000000000000000000e+00
0.000000000000000000e+00,1.598275548367333876e-12,1.598278367292982338e-12,0.000000000000000000e+00
0.000000000000000000e+00,6.285690284241196579e-12,6.285689416879458591e-12,0.000000000000000000e+00
0.000000000000000000e+00,2.888484243457334344e-11,2.888473835116478483e-11,0.000000000000000000e+00
0.000000000000000000e+00,4.442347600885909742e-10,4.442347878441665898e-10,0.000000000000000000e+00
0.000000000000000000e+00,6.186898771076698722e-10,6.186900436411235660e-10,0.000000000000000000e+00
0.000000000000000000e+00,3.597351028172823817e-10,3.597351583284336130e-10,0.000000000000000000e+00
0.000000000000000000e+00,1.316840414489206523e-09,1.316848075028076437e-09,0.000000000000000000e+00
0.000000000000000000e+00,1.665436677456000325e-09,1.665433235764623987e-09,0.000000000000000000e+00
0.000000000000000000e+00,2.611781457773076909e-09,2.611776794836373483e-09,0.000000000000000000e+00
0.000000000000000000e+00,3.756936539645039375e-09,3.756950750499754577e-09,0.000000000000000000e+00
0.000000000000000000e+00,1.272497751614309891e-08,1.272495442350418671e-08,0.000000000000000000e+00
0.000000000000000000e+00,4.964514843663891952e-08,4.964514843663891952e-08,0.000000000000000000e+00
0.000000000000000000e+00,7.984824179629868013e-08,7.984811389860624331e-08,0.000000000000000000e+00
0.000000000000000000e+00,4.188088986722959817e-09,4.188080549027972665e-09,0.000000000000000000e+00
0.000000000000000000e+00,4.981189150043974223e-08,4.981179912988409342e-08,0.000000000000000000e+00
0.000000000000000000e+00,8.976843446362181567e-08,8.976844867447653087e-08,0.000000000000000000e+00
0.000000000000000000e+00,1.218060141638943605e-08,1.218057921192894355e-08,0.000000000000000000e+00
0.000000000000000000e+00,1.620196599105838686e-08,1.620196599105838686e-08,0.000000000000000000e+00
0.000000000000000000e+00,6.322060244201566093e-07,6.322061949504131917e-07,0.000000000000000000e+00
0.000000000000000000e+00,6.063353197305332287e-08,6.063329749395052204e-08,0.000000000000000000e+00
0.000000000000000000e+00,4.278977172589293332e-08,4.278961540649106610e-08,0.000000000000000000e+00
0.000000000000000000e+00,3.704351911437697709e-06,3.704337586896144785e-06,0.000000000000000000e+00
0.000000000000000000e+00,1.724462663332815282e-06,1.724460616969736293e-06,0.000000000000000000e+00
0.000000000000000000e+00,7.867989779697381891e-07,7.867982390052929986e-07,0.000000000000000000e+00
0.000000000000000000e+00,1.266138554001372540e-07,1.266137132915901020e-07,0.000000000000000000e+00
0.000000000000000000e+00,8.250106475315988064e-06,8.250103746831882745e-06,0.000000000000000000e+00
0.000000000000000000e+00,4.001613831405848032e-07,4.001609568149433471e-07,0.000000000000000000e+00
0.000000000000000000e+00,6.357805659717996605e-08,6.357818449487240287e-08,0.000000000000000000e+00
0.000000000000000000e+00,5.978396302452892996e-07,5.978396870887081604e-07,0.000000000000000000e+00
0.000000000000000000e+00,3.144636480101326015e-07,3.144634206364571583e-07,0.000000000000000000e+00
0.000000000000000000e+00,3.466219880010612542e-07,3.466220732661895454e-07,0.000000000000000000e+00
0.000000000000000000e+00,3.526646139562217286e-07,3.526646707996405894e-07,0.000000000000000000e+00
0.000000000000000000e+00,1.973716337033692980e-07,1.973724010895239189e-07,0.000000000000000000e+00
0.000000000000000000e+00,4.134350106710371620e-08,4.134351172524475260e-08,0.000000000000000000e+00
0.000000000000000000e+00,1.634116415516473353e-07,1.634118405036133481e-07,0.000000000000000000e+00
0.000000000000000000e+00,1.781003504675027216e-07,1.781002509915197152e-07,0.000000000000000000e+00
0.000000000000000000e+00,4.095228689493524143e-07,4.095227836842241231e-07,0.000000000000000000e+00
0.000000000000000000e+00,3.319986419114684395e-08,3.319991748185202596e-08,0.000000000000000000e+00
0.000000000000000000e+00,3.775535972749821667e-08,3.775536683292557427e-08,0.000000000000000000e+00
0.000000000000000000e+00,1.412547021573118400e-07,1.412542616208156687e-07,0.000000000000000000e+00
0.000000000000000000e+00,3.238739765265563619e-08,3.238738699451459979e-08,0.000000000000000000e+00
0.000000000000000000e+00,2.739282649599772412e-07,2.739272417784377467e-07,0.000000000000000000e+00
0.000000000000000000e+00,1.874588662076348555e-07,1.874590793704555836e-07,0.000000000000000000e+00
0.000000000000000000e+00,3.589363473111006897e-08,3.589349617527659575e-08,0.000000000000000000e+00
0.000000000000000000e+00,4.739341719073308923e-08,4.739333547831847682e-08,0.000000000000000000e+00
0.000000000000000000e+00,2.772474250178902366e-09,2.772480245383235342e-09,0.000000000000000000e+00
0.000000000000000000e+00,5.840305572490933628e-09,5.840283368030441125e-09,0.000000000000000000e+00
0.000000000000000000e+00,1.718093933789077710e-08,1.718090913982450729e-08,0.000000000000000000e+00
0.000000000000000000e+00,6.678082531408335853e-10,6.678096964307655981e-10,0.000000000000000000e+00
0.000000000000000000e+00,5.415893511440117436e-09,5.415904613670363688e-09,0.000000000000000000e+00
0.000000000000000000e+00,1.986450337554401813e-09,1.986449893465191963e-09,0.000000000000000000e+00
0.000000000000000000e+00,5.610206521566851734e-09,5.610197195693444883e-09,0.000000000000000000e+00
0.000000000000000000e+00,1.097536617145067339e-09,1.097536617145067339e-09,0.000000000000000000e+00
0.000000000000000000e+00,8.409730134495418952e-10,8.409746787840788329e-10,0.000000000000000000e+00
0.000000000000000000e+00,8.084674596453567119e-10,8.084674596453567119e-10,0.000000000000000000e+00
0.000000000000000000e+00,1.326383863853308753e-10,1.326375953514258299e-10,0.000000000000000000e+00
0.000000000000000000e+00,1.170041064035842737e-09,1.170036734166046699e-09,0.000000000000000000e+00
0.000000000000000000e+00,3.607321108489713879e-10,3.607334986277521693e-10,0.000000000000000000e+00
0.000000000000000000e+00,2.620907380013193233e-10,2.620912653572560203e-10,0.000000000000000000e+00
0.000000000000000000e+00,7.585750604055530033e-12,7.585721113756438427e-12,0.000000000000000000e+00
0.000000000000000000e+00,7.997219206301586780e-12,7.997200991705089024e-12,0.000000000000000000e+00
0.000000000000000000e+00,5.076027445594100129e-11,5.076046874497031069e-11,0.000000000000000000e+00
0.000000000000000000e+00,7.495572738880351693e-12,7.495543248581260087e-12,0.000000000000000000e+00
0.000000000000000000e+00,4.603816460002629896e-12,4.603816893683498890e-12,0.000000000000000000e+00
0.000000000000000000e+00,2.541760638768986169e-12,2.541746544140743858e-12,0.000000000000000000e+00
0.000000000000000000e+00,1.067898265476319164e-12,1.067898265476319164e-12,0.000000000000000000e+00
0.000000000000000000e+00,1.124745912725599872e-12,1.124743852741472150e-12,0.000000000000000000e+00
0.000000000000000000e+00,2.808827931528867783e-13,2.808828202579410904e-13,0.000000000000000000e+00
0.000000000000000000e+00,1.385757827931932695e-13,1.385760673962635470e-13,0.000000000000000000e+00
0.000000000000000000e+00,1.688178270136189707e-13,1.688178947762547510e-13,0.000000000000000000e+00
0.000000000000000000e+00,6.418906476225033630e-14,6.418917995873116289e-14,0.000000000000000000e+00
0.000000000000000000e+00,6.427996833814966782e-14,6.427984636540526320e-14,0.000000000000000000e+00
0.000000000000000000e+00,5.146022293727771368e-14,5.146042622518505472e-14,0.000000000000000000e+00
0.000000000000000000e+00,2.350527609465587198e-14,2.350517953289988499e-14,0.000000000000000000e+00
0.000000000000000000e+00,3.134430174721487827e-14,3.134434918105992451e-14,0.000000000000000000e+00
0.000000000000000000e+00,2.927779207766677272e-14,2.927778868953498370e-14,0.000000000000000000e+00
0.000000000000000000e+00,1.501439421468069024e-14,1.501433492237438244e-14,0.000000000000000000e+00
0.000000000000000000e+00,1.383862947466289045e-15,1.383862947466289045e-15,0.000000000000000000e+00
0.000000000000000000e+00,1.448698846185853049e-16,1.448699375581445083e-16,0.000000000000000000e+00
0.000000000000000000e+00,8.100385291730845955e-15,8.100382750632004192e-15,0.000000000000000000e+00
0.000000000000000000e+00,4.467418629309789085e-15,4.467436840518155053e-15,0.000000000000000000e+00
0.000000000000000000e+00,3.060293245436140766e-16,3.060293510133936783e-16,0.000000000000000000e+00
0.000000000000000000e+00,3.198851159645795233e-16,3.198863600442208030e-16,0.000000000000000000e+00
0.000000000000000000e+00,8.395500729097986380e-17,8.395502714331456507e-17,0.000000000000000000e+00
0.000000000000000000e+00,1.488386839627249309e-16,1.488393192374353716e-16,0.000000000000000000e+00
0.000000000000000000e+00,5.394504893674026089e-19,5.394526090177222761e-19,0.000000000000000000e+00
0.000000000000000000e+00,3.034643133579083396e-19,3.034643650566966241e-19,0.000000000000000000e+00
0.000000000000000000e+00,5.842853536085171288e-18,5.842875042781097667e-18,0.000000000000000000e+00
0.000000000000000000e+00,8.456535408648069101e-18,8.456568495872571222e-18,0.000000000000000000e+00
0.000000000000000000e+00,2.777946790044189516e-17,2.777958039700520237e-17,0.000000000000000000e+00
1.000000000000000000e+00,1.000000000000000000e+00,1.000000000000000000e+00,9.960937500000000000e-01
1.000000000000000000e+00,1.000000000000000000e+00,1.000000000000000000e+00,9.960937500000000000e-01
1.000000000000000000e+00,1.000000000000000000e+00,1.000000000000000000e+00,9.960937500000000000e-01
1.000000000000000000e+00,1.000000000000000000e+00,1.000000000000000000e+00,9.960937500000000000e-01
1.000000000000000000e+00,9.999998807907104492e-01,9.999998807907104492e-01,9.960937500000000000e-01
0.000000000000000000e+00,5.541423544196866409e-19,5.541425095160514946e-19,0.000000000000000000e+00
0.000000000000000000e+00,3.314541391171608487e-21,3.314567038617359033e-21,0.000000000000000000e+00
0.000000000000000000e+00,2.977475843359717946e-22,2.977476853101676629e-22,0.000000000000000000e+00
0.000000000000000000e+00,1.258837060395582482e-19,1.258832149010695449e-19,0.000000000000000000e+00
0.000000000000000000e+00,5.868057837594000012e-22,5.868059857077917378e-22,0.000000000000000000e+00
0.000000000000000000e+00,1.487509545343572264e-21,1.487520753479313644e-21,0.000000000000000000e+00
0.000000000000000000e+00,3.542970467723038170e-22,3.542983594368501048e-22,0.000000000000000000e+00
0.000000000000000000e+00,2.160137501222334538e-23,2.160145863147929881e-23,0.000000000000000000e+00
0.000000000000000000e+00,5.144671172660538146e-24,5.144692471904979114e-24,0.000000000000000000e+00
0.000000000000000000e+00,2.373950203201256534e-23,2.373949887656894445e-23,0.000000000000000000e+00
0.000000000000000000e+00,2.576180849369723634e-23,2.576190631244948375e-23,0.000000000000000000e+00
0.000000000000000000e+00,6.544318882905426794e-22,6.544320902389344159e-22,0.000000000000000000e+00
0.000000000000000000e+00,2.536860235321163345e-23,2.536860235321163345e-23,0.000000000000000000e+00
0.000000000000000000e+00,1.766849634746950749e-24,1.766842534998803760e-24,0.000000000000000000e+00
0.000000000000000000e+00,2.447252894008384437e-23,2.447252578464022349e-23,0.000000000000000000e+00
0.000000000000000000e+00,2.755696985329450344e-25,2.755708818243028659e-25,0.000000000000000000e+00
0.000000000000000000e+00,1.254284697781656360e-24,1.254289825377540297e-24,0.000000000000000000e+00
0.000000000000000000e+00,2.655999412924841312e-24,2.656020317738829668e-24,0.000000000000000000e+00
0.000000000000000000e+00,9.221710617969442451e-24,9.221748483292893060e-24,0.000000000000000000e+00
0.000000000000000000e+00,1.870126047211417919e-25,1.870133319522887925e-25,0.000000000000000000e+00
0.000000000000000000e+00,1.074890283059605252e-25,1.074890406319121693e-25,0.000000000000000000e+00
0.000000000000000000e+00,1.398816631229653437e-26,1.398822331982288823e-26,0.000000000000000000e+00
0.000000000000000000e+00,1.184712212647989391e-27,1.184712597833978269e-27,0.000000000000000000e+00
0.000000000000000000e+00,1.630018704744909052e-27,1.630013119548070329e-27,0.000000000000000000e+00
0.000000000000000000e+00,1.671655576805611143e-27,1.671655961991600020e-27,0.000000000000000000e+00
0.000000000000000000e+00,8.144609823393891483e-27,8.144612134509824748e-27,0.000000000000000000e+00
0.000000000000000000e+00,1.335249079336417229e-26,1.335249387485208331e-26,0.000000000000000000e+00
0.000000000000000000e+00,1.653605183587830652e-27,1.653611924342636007e-27,0.000000000000000000e+00
0.000000000000000000e+00,4.721944963470070796e-27,4.721928785658537944e-27,0.000000000000000000e+00
0.000000000000000000e+00,1.596746688100477585e-29,1.596735252891432786e-29,0.000000000000000000e+00
0.000000000000000000e+00,4.009629361479689773e-29,4.009631167039012636e-29,0.000000000000000000e+00
0.000000000000000000e+00,1.574283875028015490e-29,1.574296513943275531e-29,0.000000000000000000e+00
0.000000000000000000e+00,7.579044702599035699e-29,7.579105489762905421e-29,0.000000000000000000e+00
0.000000000000000000e+00,6.533966353056975825e-30,6.533967105373360351e-30,0.000000000000000000e+00
0.000000000000000000e+00,3.266876723760077446e-29,3.266902904370258960e-29,0.000000000000000000e+00
0.000000000000000000e+00,8.673757727463323462e-28,8.673792394202322433e-28,0.000000000000000000e+00
0.000000000000000000e+00,6.232850591675761867e-30,6.232900620715332864e-30,0.000000000000000000e+00
0.000000000000000000e+00,3.627625069055681078e-29,3.627627175541557751e-29,0.000000000000000000e+00
0.000000000000000000e+00,7.380241787795878520e-29,7.380244195208309004e-29,0.000000000000000000e+00
0.000000000000000000e+00,9.544114960134188774e-29,9.544116765693511637e-29,0.000000000000000000e+00
0.000000000000000000e+00,5.388429992982908676e-29,5.388472724553549768e-29,0.000000000000000000e+00
0.000000000000000000e+00,5.337020076688114162e-30,5.336979451603349744e-30,0.000000000000000000e+00
0.000000000000000000e+00,3.836772033219520576e-29,3.836832519456836488e-29,0.000000000000000000e+00
0.000000000000000000e+00,4.987547769098253599e-31,4.987549649889214914e-31,0.000000000000000000e+00
0.000000000000000000e+00,7.202900954810486601e-29,7.202903362222917085e-29,0.000000000000000000e+00
0.000000000000000000e+00,3.367491328947523863e-31,3.367517189823241953e-31,0.000000000000000000e+00
0.000000000000000000e+00,1.168948728079168682e-30,1.168949292316457077e-30,0.000000000000000000e+00
0.000000000000000000e+00,5.679214720076892618e-29,5.679215923783107860e-29,0.000000000000000000e+00
0.000000000000000000e+00,3.997289868140689990e-29,3.997321766355393904e-29,0.000000000000000000e+00
0.000000000000000000e+00,2.160032296268749865e-29,2.160032145805472960e-29,0.000000000000000000e+00
0.000000000000000000e+00,6.184082998602519724e-31,6.184038800014928806e-31,0.000000000000000000e+00
0.000000000000000000e+00,2.590685870610579142e-31,2.590687046104929964e-31,0.000000000000000000e+00
0.000000000000000000e+00,1.041005924595274512e-31,1.041005924595274512e-31,0.000000000000000000e+00
0.000000000000000000e+00,9.784321155769918177e-29,9.784323563182348661e-29,0.000000000000000000e+00
0.000000000000000000e+00,2.195538168963020706e-29,2.195554870386757189e-29,0.000000000000000000e+00
0.000000000000000000e+00,5.587561745277742285e-30,5.587604251153468019e-30,0.000000000000000000e+00
0.000000000000000000e+00,1.187411606590471925e-30,1.187411888709116122e-30,0.000000000000000000e+00
0.000000000000000000e+00,8.968561479146723612e-30,8.968565240728646244e-30,0.000000000000000000e+00
0.000000000000000000e+00,1.395983989115629489e-29,1.395984290042183299e-29,0.000000000000000000e+00
0.000000000000000000e+00,1.124858267160616709e-29,1.124858568087170520e-29,0.000000000000000000e+00
0.000000000000000000e+00,1.367250468514864077e-29,1.367261151407524350e-29,0.000000000000000000e+00
0.000000000000000000e+00,9.527120283471017375e-30,9.527125549685709059e-30,0.000000000000000000e+00
0.000000000000000000e+00,1.567590696710817605e-28,1.567591539305168274e-28,0.000000000000000000e+00
0.000000000000000000e+00,5.702921112132976628e-29,5.702922917692299491e-29,0.000000000000000000e+00
0.000000000000000000e+00,1.872657277678026619e-28,1.872664861027182644e-28,0.000000000000000000e+00
0.000000000000000000e+00,2.306757162596014755e-29,2.306792521466087490e-29,0.000000000000000000e+00
0.000000000000000000e+00,1.306218530986272480e-28,1.306229123600966610e-28,0.000000000000000000e+00
0.000000000000000000e+00,9.660376128639554750e-29,9.660377934198877613e-29,0.000000000000000000e+00
0.000000000000000000e+00,2.505969584272128346e-27,2.505970739830094979e-27,0.000000000000000000e+00
0.000000000000000000e+00,8.215818386785687386e-27,8.215821468273598406e-27,0.000000000000000000e+00
0.000000000000000000e+00,6.436725578404412047e-27,6.436752156237644591e-27,0.000000000000000000e+00
0.000000000000000000e+00,1.958446421121896637e-26,1.958447191493874392e-26,0.000000000000000000e+00
0.000000000000000000e+00,9.555779523361240202e-27,9.555821123448038966e-27,0.000000000000000000e+00
0.000000000000000000e+00,5.656586285455156727e-26,5.656608472168116068e-26,0.000000000000000000e+00
0.000000000000000000e+00,2.661900930660606277e-25,2.661902163255770685e-25,0.000000000000000000e+00
0.000000000000000000e+00,4.636609472824601191e-26,4.636627345454485105e-26,0.000000000000000000e+00
0.000000000000000000e+00,4.818647385091951198e-25,4.818666120538450197e-25,0.000000000000000000e+00
0.000000000000000000e+00,1.116682210969757982e-24,1.116682802615436897e-24,0.000000000000000000e+00
0.000000000000000000e+00,1.217541430361111530e-24,1.217546557956995467e-24,0.000000000000000000e+00
0.000000000000000000e+00,2.125398591311297886e-23,2.125390702702245676e-23,0.000000000000000000e+00
0.000000000000000000e+00,2.688991114259949206e-23,2.688991429804311295e-23,0.000000000000000000e+00
0.000000000000000000e+00,2.124628505295621134e-23,2.124628820839983222e-23,0.000000000000000000e+00
0.000000000000000000e+00,2.307785914725473567e-23,2.307785125864568346e-23,0.000000000000000000e+00
0.000000000000000000e+00,1.934652213755474484e-22,1.934645145561763704e-22,0.000000000000000000e+00
0.000000000000000000e+00,3.616130816468427994e-22,3.616144195549380543e-22,0.000000000000000000e+00
0.000000000000000000e+00,1.221586225511349978e-21,1.221591173246947525e-21,0.000000000000000000e+00
0.000000000000000000e+00,2.156302741076972090e-21,2.156311626806208499e-21,0.000000000000000000e+00
0.000000000000000000e+00,2.074796370172088797e-21,2.074796572120480533e-21,0.000000000000000000e+00
0.000000000000000000e+00,2.230148563248433384e-20,2.230131438024814122e-20,0.000000000000000000e+00
0.000000000000000000e+00,3.259436056635874948e-20,3.259436056635874948e-20,0.000000000000000000e+00
0.000000000000000000e+00,2.386175150862078773e-19,2.386184456643969994e-19,0.000000000000000000e+00
0.000000000000000000e+00,3.350327696318967320e-20,3.350315094739322958e-20,0.000000000000000000e+00
0.000000000000000000e+00,3.439515473187171167e-19,3.439515214693229744e-19,0.000000000000000000e+00
0.000000000000000000e+00,3.347035388234035559e-18,3.347035595029188697e-18,0.000000000000000000e+00
0.000000000000000000e+00,1.855466409605713129e-18,1.855473027050613554e-18,0.000000000000000000e+00
1.000000000000000000e+00,9.994572997093200684e-01,9.994572997093200684e-01,9.960937500000000000e-01
1.000000000000000000e+00,9.994572997093200684e-01,9.994572997093200684e-01,9.960937500000000000e-01
1.000000000000000000e+00,9.994572997093200684e-01,9.994572997093200684e-01,9.960937500000000000e-01
1.000000000000000000e+00,9.994572997093200684e-01,9.994572997093200684e-01,9.960937500000000000e-01
1.000000000000000000e+00,9.994572997093200684e-01,9.994572997093200684e-01,9.960937500000000000e-01
0.000000000000000000e+00,5.909091760714641340e-17,5.909091760714641340e-17,0.000000000000000000e+00
0.000000000000000000e+00,4.455536768763060981e-16,4.455555297608782168e-16,0.000000000000000000e+00
0.000000000000000000e+00,9.062170451030896259e-16,9.062206449931154567e-16,0.000000000000000000e+00
0.000000000000000000e+00,4.516630078874961460e-16,4.516630608270553494e-16,0.000000000000000000e+00
0.000000000000000000e+00,2.457252320863618708e-15,2.457262697017222573e-15,0.000000000000000000e+00
0.000000000000000000e+00,1.343836405543787083e-15,1.343836511422905489e-15,0.000000000000000000e+00
0.000000000000000000e+00,4.428850678122459028e-15,4.428851101638932655e-15,0.000000000000000000e+00
0.000000000000000000e+00,4.536119269375922525e-14,4.536120624628638132e-14,0.000000000000000000e+00
0.000000000000000000e+00,1.820226369804445188e-15,1.820219593540867153e-15,0.000000000000000000e+00
0.000000000000000000e+00,5.478547269435665029e-15,5.478568868775820014e-15,0.000000000000000000e+00
0.000000000000000000e+00,1.167228070924827832e-13,1.167225766995211300e-13,0.000000000000000000e+00
0.000000000000000000e+00,2.616628159805844955e-13,2.616623009845525649e-13,0.000000000000000000e+00
0.000000000000000000e+00,2.362970184647573968e-14,2.362969507021216164e-14,0.000000000000000000e+00
0.000000000000000000e+00,6.190052268505163990e-13,6.190019200338903183e-13,0.000000000000000000e+00
0.000000000000000000e+00,5.982531364832205378e-14,5.982530687205847575e-14,0.000000000000000000e+00
0.000000000000000000e+00,3.860136494303334498e-14,3.860145642259164844e-14,0.000000000000000000e+00
0.000000000000000000e+00,2.453438046798837868e-14,2.453437369172480065e-14,0.000000000000000000e+00
0.000000000000000000e+00,1.841343511043216918e-13,1.841343782093760040e-13,0.000000000000000000e+00
0.000000000000000000e+00,1.164528976721479481e-12,1.164529085141696729e-12,0.000000000000000000e+00
0.000000000000000000e+00,4.601707469936711092e-13,4.601716143554090976e-13,0.000000000000000000e+00
0.000000000000000000e+00,1.276221207706373928e-12,1.276221532967025674e-12,0.000000000000000000e+00
0.000000000000000000e+00,1.589338903540404857e-11,1.589332658535891341e-11,0.000000000000000000e+00
0.000000000000000000e+00,4.113944699225130508e-13,4.113927894091456983e-13,0.000000000000000000e+00
0.000000000000000000e+00,8.093146920858107496e-13,8.093132826229865184e-13,0.000000000000000000e+00
0.000000000000000000e+00,2.472219911425765915e-12,2.472220778787503903e-12,0.000000000000000000e+00
0.000000000000000000e+00,1.127478492513045438e-11,1.127476497581048065e-11,0.000000000000000000e+00
0.000000000000000000e+00,9.713838240721361927e-12,9.713821760848340148e-12,0.000000000000000000e+00
0.000000000000000000e+00,8.768562265171198078e-12,8.768561397809460090e-12,0.000000000000000000e+00
0.000000000000000000e+00,1.498735441307630367e-10,1.498732804527946882e-10,0.000000000000000000e+00
0.000000000000000000e+00,9.462945982363635267e-10,9.462945982363635267e-10,0.000000000000000000e+00
0.000000000000000000e+00,1.378978736754632450e-10,1.378970687637703918e-10,0.000000000000000000e+00
0.000000000000000000e+00,3.600000575421091753e-10,3.600007791870751817e-10,0.000000000000000000e+00
0.000000000000000000e+00,1.426229828682679113e-10,1.426227191902995628e-10,0.000000000000000000e+00
0.000000000000000000e+00,2.155653294755310867e-10,2.155653155977432789e-10,0.000000000000000000e+00
0.000000000000000000e+00,1.556360040844140258e-09,1.556359707777232870e-09,0.000000000000000000e+00
0.000000000000000000e+00,1.588444220601559209e-08,1.588444042965875269e-08,0.000000000000000000e+00
0.000000000000000000e+00,1.506848867904864164e-08,1.506843183562978084e-08,0.000000000000000000e+00
0.000000000000000000e+00,1.033032681618806237e-08,1.033034990882697457e-08,0.000000000000000000e+00
0.000000000000000000e+00,2.349813572888326263e-11,2.349817909697016205e-11,0.000000000000000000e+00
0.000000000000000000e+00,2.748364313909235079e-10,2.748364591464991236e-10,0.000000000000000000e+00
0.000000000000000000e+00,1.067821352174203042e-11,1.067821612382724439e-11,0.000000000000000000e+00
0.000000000000000000e+00,6.956565878901699307e-11,6.956552695003281883e-11,0.000000000000000000e+00
0.000000000000000000e+00,5.856128776349223131e-11,5.856128082459832740e-11,0.000000000000000000e+00
0.000000000000000000e+00,6.421610465601190754e-11,6.421609771711800363e-11,0.000000000000000000e+00
0.000000000000000000e+00,2.559374379096368557e-10,2.559369105537001587e-10,0.000000000000000000e+00
0.000000000000000000e+00,1.442924224548391976e-09,1.442921560013132876e-09,0.000000000000000000e+00
0.000000000000000000e+00,3.403006695879007282e-11,3.403005655044921696e-11,0.000000000000000000e+00
0.000000000000000000e+00,1.427019613586821833e-09,1.427017171096167658e-09,0.000000000000000000e+00
0.000000000000000000e+00,6.791711637532671375e-11,6.791685269735836528e-11,0.000000000000000000e+00
0.000000000000000000e+00,2.810912058670567149e-10,2.810911781114810992e-10,0.000000000000000000e+00
0.000000000000000000e+00,2.406038042412905753e-11,2.406028501433787881e-11,0.000000000000000000e+00
0.000000000000000000e+00,7.077715497016967561e-11,7.077703007007940528e-11,0.000000000000000000e+00
0.000000000000000000e+00,2.854759831305564433e-12,2.854760698667302421e-12,0.000000000000000000e+00
0.000000000000000000e+00,5.212095338658073729e-11,5.212095685602768924e-11,0.000000000000000000e+00
0.000000000000000000e+00,1.436757223610696244e-11,1.436757483819217640e-11,0.000000000000000000e+00
0.000000000000000000e+00,9.995535215495676695e-13,9.995534131293504210e-13,0.000000000000000000e+00
0.000000000000000000e+00,5.320328812924435269e-12,5.320319271945317396e-12,0.000000000000000000e+00
0.000000000000000000e+00,3.061157013636850444e-12,3.061151592625988016e-12,0.000000000000000000e+00
0.000000000000000000e+00,5.051232002117878039e-12,5.051204246542262410e-12,0.000000000000000000e+00
0.000000000000000000e+00,3.344662396977289565e-14,3.344668156801330894e-14,0.000000000000000000e+00
0.000000000000000000e+00,1.182434141919208592e-13,1.182427230130358997e-13,0.000000000000000000e+00
0.000000000000000000e+00,2.803378189308869395e-14,2.803373107111185869e-14,0.000000000000000000e+00
0.000000000000000000e+00,1.061347258452145781e-13,1.061345090047800810e-13,0.000000000000000000e+00
0.000000000000000000e+00,8.265634643476581916e-15,8.265632949410687408e-15,0.000000000000000000e+00
0.000000000000000000e+00,1.239545643319690804e-14,1.239545897429574980e-14,0.000000000000000000e+00
0.000000000000000000e+00,1.244510675170787655e-15,1.244510675170787655e-15,0.000000000000000000e+00
0.000000000000000000e+00,1.773380047986243633e-15,1.773373589360020819e-15,0.000000000000000000e+00
0.000000000000000000e+00,1.569403079342620178e-15,1.569402655826146551e-15,0.000000000000000000e+00
0.000000000000000000e+00,1.125247800922671727e-16,1.125243698106833464e-16,0.000000000000000000e+00
0.000000000000000000e+00,4.199600999189845828e-16,4.199616881057606846e-16,0.000000000000000000e+00
0.000000000000000000e+00,2.418611260145028764e-16,2.418620524567889358e-16,0.000000000000000000e+00
0.000000000000000000e+00,2.234052839454565365e-16,2.234044369125092822e-16,0.000000000000000000e+00
0.000000000000000000e+00,3.317609678713380429e-17,3.317609347841135408e-17,0.000000000000000000e+00
0.000000000000000000e+00,4.795393899228659790e-18,4.795431535946530953e-18,0.000000000000000000e+00
0.000000000000000000e+00,4.890254558285934728e-18,4.890273583440023447e-18,0.000000000000000000e+00
0.000000000000000000e+00,1.897157346454151415e-18,1.897164377489358116e-18,0.000000000000000000e+00
0.000000000000000000e+00,6.118027988150430516e-18,6.118027160969817963e-18,0.000000000000000000e+00
0.000000000000000000e+00,1.079871261593329919e-18,1.079871261593329919e-18,0.000000000000000000e+00
0.000000000000000000e+00,4.691367768791567599e-20,4.691368091908994378e-20,0.000000000000000000e+00
0.000000000000000000e+00,1.205027798326271629e-19,1.205032063476305106e-19,0.000000000000000000e+00
0.000000000000000000e+00,5.376831097443450945e-21,5.376831501340234418e-21,0.000000000000000000e+00
0.000000000000000000e+00,1.971517943154084919e-20,1.971518266271511697e-20,0.000000000000000000e+00
0.000000000000000000e+00,1.612744023654407923e-20,1.612756302116625507e-20,0.000000000000000000e+00
0.000000000000000000e+00,3.611804334708381046e-20,3.611819521227439637e-20,0.000000000000000000e+00
0.000000000000000000e+00,3.259572735307402265e-20,3.259560456845184681e-20,0.000000000000000000e+00
0.000000000000000000e+00,8.899279973495001429e-22,8.899248671494282259e-22,0.000000000000000000e+00
0.000000000000000000e+00,2.160230233399465079e-21,2.160247197064370951e-21,0.000000000000000000e+00
0.000000000000000000e+00,9.243097110426527214e-22,9.243134470878998481e-22,0.000000000000000000e+00
0.000000000000000000e+00,8.301251008839036916e-21,8.301220312683492956e-21,0.000000000000000000e+00
0.000000000000000000e+00,3.981235636295494179e-21,3.981237251882628072e-21,0.000000000000000000e+00
0.000000000000000000e+00,1.893552434375714934e-22,1.893567075634115836e-22,0.000000000000000000e+00
0.000000000000000000e+00,3.414697696053364853e-21,3.414698907743715273e-21,0.000000000000000000e+00
0.000000000000000000e+00,2.545926418067363939e-21,2.545937121332125977e-21,0.000000000000000000e+00
0.000000000000000000e+00,9.352506122637801872e-24,9.352508489220517535e-24,0.000000000000000000e+00
0.000000000000000000e+00,4.910136442075886288e-21,4.910156233018276473e-21,0.000000000000000000e+00
1.000000000000000000e+00,9.999998211860656738e-01,9.999998211860656738e-01,9.960937500000000000e-01
1.000000000000000000e+00,9.999997019767761230e-01,9.999997019767761230e-01,9.960937500000000000e-01
1.000000000000000000e+00,9.999996423721313477e-01,9.999996423721313477e-01,9.960937500000000000e-01
1.000000000000000000e+00,9.999998211860656738e-01,9.999998211860656738e-01,9.960937500000000000e-01
1.000000000000000000e+00,9.999997019767761230e-01,9.999997019767761230e-01,9.960937500000000000e-01
0.000000000000000000e+00,6.456396308672484780e-21,6.456395904775701307e-21,0.000000000000000000e+00
0.000000000000000000e+00,1.363474963597078663e-21,1.363474963597078663e-21,0.000000000000000000e+00
0.000000000000000000e+00,2.270568877166775627e-22,2.270577964844403773e-22,0.000000000000000000e+00
0.000000000000000000e+00,2.525967801714052658e-23,2.525977110272734266e-23,0.000000000000000000e+00
0.000000000000000000e+00,3.636920456764622539e-23,3.636935602894002783e-23,0.000000000000000000e+00
0.000000000000000000e+00,4.004230818086716321e-23,4.004232711352888852e-23,0.000000000000000000e+00
0.000000000000000000e+00,6.429400655458705842e-23,6.429427161185121268e-23,0.000000000000000000e+00
0.000000000000000000e+00,1.298863424750922043e-23,1.298873522170508872e-23,0.000000000000000000e+00
0.000000000000000000e+00,6.001348319978956240e-23,6.001349582156404593e-23,0.000000000000000000e+00
0.000000000000000000e+00,6.263310093941128956e-23,6.263334706401371852e-23,0.000000000000000000e+00
0.000000000000000000e+00,8.602004565009293291e-25,8.602071618186237077e-25,0.000000000000000000e+00
0.000000000000000000e+00,6.879371175645659170e-24,6.879397208055531463e-24,0.000000000000000000e+00
0.000000000000000000e+00,1.227490792588944076e-21,1.227495740324541622e-21,0.000000000000000000e+00
0.000000000000000000e+00,7.893535078355552558e-22,7.893566380356271728e-22,0.000000000000000000e+00
0.000000000000000000e+00,4.319114745825270013e-23,4.319115692458356278e-23,0.000000000000000000e+00
0.000000000000000000e+00,3.126919199412160656e-24,3.126931426756191581e-24,0.000000000000000000e+00
0.000000000000000000e+00,9.136563275333729682e-22,9.136564285075688365e-22,0.000000000000000000e+00
0.000000000000000000e+00,3.725140033972936643e-24,3.725141217264294475e-24,0.000000000000000000e+00
0.000000000000000000e+00,7.952433421468834456e-24,7.952433421468834456e-24,0.000000000000000000e+00
0.000000000000000000e+00,4.405733377158092386e-22,4.405716211544794777e-22,0.000000000000000000e+00
0.000000000000000000e+00,1.922959094218173523e-24,1.922966193966320512e-24,0.000000000000000000e+00
0.000000000000000000e+00,2.796044650917106340e-22,2.796046165530044365e-22,0.000000000000000000e+00
0.000000000000000000e+00,4.341732397719915104e-22,4.341749563333212713e-22,0.000000000000000000e+00
0.000000000000000000e+00,7.776131686621895749e-24,7.776131686621895749e-24,0.000000000000000000e+00
0.000000000000000000e+00,6.066394634779859989e-23,6.066419247240102885e-23,0.000000000000000000e+00
0.000000000000000000e+00,5.825188737867138359e-23,5.825167280850516347e-23,0.000000000000000000e+00
0.000000000000000000e+00,1.118952241054926491e-22,1.118947949651602089e-22,0.000000000000000000e+00
0.000000000000000000e+00,1.150365818260530700e-22,1.150369983446110267e-22,0.000000000000000000e+00
0.000000000000000000e+00,9.746655425221687006e-23,9.746690766190240907e-23,0.000000000000000000e+00
0.000000000000000000e+00,2.597913588655328003e-21,2.597924493868481779e-21,0.000000000000000000e+00
0.000000000000000000e+00,5.963354254428615604e-22,5.963378488235623993e-22,0.000000000000000000e+00
0.000000000000000000e+00,1.265609813706671720e-22,1.265614609980975464e-22,0.000000000000000000e+00
0.000000000000000000e+00,1.222644157405011015e-22,1.222648701243825088e-22,0.000000000000000000e+00
0.000000000000000000e+00,2.949260308263879720e-23,2.949271036772190725e-23,0.000000000000000000e+00
0.000000000000000000e+00,4.378303610632726705e-23,4.378304241721450882e-23,0.000000000000000000e+00
0.000000000000000000e+00,1.255210632735490386e-21,1.255210834683882122e-21,0.000000000000000000e+00
0.000000000000000000e+00,5.368014939427994720e-22,5.368037153751085743e-22,0.000000000000000000e+00
0.000000000000000000e+00,1.556196951782163083e-23,1.556191429755826536e-23,0.000000000000000000e+00
0.000000000000000000e+00,1.888560522567476371e-22,1.888546259962309975e-22,0.000000000000000000e+00
0.000000000000000000e+00,1.398399009696239824e-21,1.398393557089662937e-21,0.000000000000000000e+00
0.000000000000000000e+00,3.986342507225728789e-21,3.986373607278056223e-21,0.000000000000000000e+00
0.000000000000000000e+00,1.425132029026565341e-20,1.425132352143992119e-20,0.000000000000000000e+00
0.000000000000000000e+00,2.806849142310502989e-22,2.806861006778517513e-22,0.000000000000000000e+00
0.000000000000000000e+00,8.698340515923538355e-21,8.698310627561561341e-21,0.000000000000000000e+00
0.000000000000000000e+00,4.326587782952609702e-22,4.326588287823589043e-22,0.000000000000000000e+00
0.000000000000000000e+00,2.752865762357320775e-21,2.752866570150887721e-21,0.000000000000000000e+00
0.000000000000000000e+00,4.765115686382715000e-22,4.765132851996012609e-22,0.000000000000000000e+00
0.000000000000000000e+00,4.083403977237929090e-19,4.083419228380473037e-19,0.000000000000000000e+00
0.000000000000000000e+00,2.269516576604018166e-19,2.269516318110076743e-19,0.000000000000000000e+00
0.000000000000000000e+00,1.794389719620270371e-19,1.794383257271734801e-19,0.000000000000000000e+00
0.000000000000000000e+00,6.401437669448508692e-21,6.401436861654941745e-21,0.000000000000000000e+00
0.000000000000000000e+00,6.045727387830832295e-21,6.045725772243698402e-21,0.000000000000000000e+00
0.000000000000000000e+00,1.612178503534060146e-19,1.612179279015884415e-19,0.000000000000000000e+00
0.000000000000000000e+00,6.700235986217976113e-20,6.700263128081825510e-20,0.000000000000000000e+00
0.000000000000000000e+00,5.429125504236667372e-19,5.429146700739864043e-19,0.000000000000000000e+00
0.000000000000000000e+00,2.033416942756872018e-21,2.033401392730708302e-21,0.000000000000000000e+00
0.000000000000000000e+00,5.496976415698007292e-20,5.496977061932860849e-20,0.000000000000000000e+00
0.000000000000000000e+00,3.746896176552788385e-20,3.746897145905068721e-20,0.000000000000000000e+00
0.000000000000000000e+00,3.920924249935376361e-19,3.920938467102154616e-19,0.000000000000000000e+00
0.000000000000000000e+00,1.217438092453981273e-19,1.217442616097956172e-19,0.000000000000000000e+00
0.000000000000000000e+00,1.570934063270641499e-18,1.570927652620894213e-18,0.000000000000000000e+00
0.000000000000000000e+00,5.252262398551524605e-19,5.252262398551524605e-19,0.000000000000000000e+00
0.000000000000000000e+00,1.235337913848231971e-17,1.235333364354862930e-17,0.000000000000000000e+00
0.000000000000000000e+00,9.432756183199982473e-19,9.432755149224216782e-19,0.000000000000000000e+00
0.000000000000000000e+00,7.631304667593982051e-19,7.631334135903304252e-19,0.000000000000000000e+00
0.000000000000000000e+00,7.194448614119707196e-20,7.194423410960418471e-20,0.000000000000000000e+00
0.000000000000000000e+00,3.931168364833962763e-19,3.931182582000741018e-19,0.000000000000000000e+00
0.000000000000000000e+00,1.979901050308443327e-18,1.979900843513290189e-18,0.000000000000000000e+00
0.000000000000000000e+00,1.450781478105156903e-19,1.450787681959751051e-19,0.000000000000000000e+00
0.000000000000000000e+00,1.286563120552594279e-18,1.286563430745323986e-18,0.000000000000000000e+00
0.000000000000000000e+00,7.937879929687519901e-18,7.937879102506907348e-18,0.000000000000000000e+00
0.000000000000000000e+00,4.621990455776004748e-17,4.621991117520494791e-17,0.000000000000000000e+00
0.000000000000000000e+00,1.361357060373338121e-17,1.361357308527521887e-17,0.000000000000000000e+00
0.000000000000000000e+00,3.676110996964781453e-18,3.676111410555087729e-18,0.000000000000000000e+00
0.000000000000000000e+00,5.896726982200137428e-18,5.896726155019524874e-18,0.000000000000000000e+00
0.000000000000000000e+00,4.711950582555882779e-16,4.711949523764698711e-16,0.000000000000000000e+00
0.000000000000000000e+00,5.007968480588763458e-16,5.007947834160674135e-16,0.000000000000000000e+00
0.000000000000000000e+00,3.998534171055192132e-17,3.998535825416417238e-17,0.000000000000000000e+00
0.000000000000000000e+00,2.804022950788319368e-15,2.804013209909425944e-15,0.000000000000000000e+00
0.000000000000000000e+00,1.079374402323510142e-15,1.079374508202628549e-15,0.000000000000000000e+00
0.000000000000000000e+00,2.042433393297112508e-15,2.042441016593637797e-15,0.000000000000000000e+00
0.000000000000000000e+00,1.722132066518075903e-16,1.722145830803468785e-16,0.000000000000000000e+00
0.000000000000000000e+00,7.117732205225765080e-15,7.117733899291659588e-15,0.000000000000000000e+00
0.000000000000000000e+00,9.152180407170874485e-17,9.152214817884356691e-17,0.000000000000000000e+00
0.000000000000000000e+00,6.599365511560670392e-16,6.599368687934222596e-16,0.000000000000000000e+00
0.000000000000000000e+00,1.118827291182484130e-16,1.118827688229178156e-16,0.000000000000000000e+00
0.000000000000000000e+00,1.191449884376818112e-15,1.191459095860119503e-15,0.000000000000000000e+00
0.000000000000000000e+00,1.409890491166224460e-14,1.409888034770677423e-14,0.000000000000000000e+00
0.000000000000000000e+00,1.505327472102555714e-14,1.505327472102555714e-14,0.000000000000000000e+00
0.000000000000000000e+00,1.608487953561835854e-14,1.608484904243225738e-14,0.000000000000000000e+00
0.000000000000000000e+00,5.721747369251319743e-15,5.721768968591474727e-15,0.000000000000000000e+00
0.000000000000000000e+00,5.201480590103120527e-14,5.201461616565102031e-14,0.000000000000000000e+00
0.000000000000000000e+00,2.982849563052183961e-14,2.982848885425826158e-14,0.000000000000000000e+00
0.000000000000000000e+00,1.911527707081851399e-16,1.911535383317935891e-16,0.000000000000000000e+00
0.000000000000000000e+00,2.058303190838632266e-15,2.058302979080395452e-15,0.000000000000000000e+00
1.000000000000000000e+00,1.000000000000000000e+00,1.000000000000000000e+00,9.960937500000000000e-01
1.000000000000000000e+00,1.000000000000000000e+00,1.000000000000000000e+00,9.960937500000000000e-01
1.000000000000000000e+00,1.000000000000000000e+00,1.000000000000000000e+00,9.960937500000000000e-01
1.000000000000000000e+00,1.000000000000000000e+00,1.000000000000000000e+00,9.960937500000000000e-01
1.000000000000000000e+00,1.000000000000000000e+00,1.000000000000000000e+00,9.960937500000000000e-01
0.000000000000000000e+00,1.718350837326149821e-14,1.718351176139328723e-14,0.000000000000000000e+00
0.000000000000000000e+00,1.217704539632769034e-12,1.217707250138200248e-12,0.000000000000000000e+00
0.000000000000000000e+00,5.587407164546476235e-13,5.587418006568201090e-13,0.000000000000000000e+00
0.000000000000000000e+00,7.315312635161608235e-14,7.315299760260809969e-14,0.000000000000000000e+00
0.000000000000000000e+00,1.428090978805585110e-11,1.428091152277932707e-11,0.000000000000000000e+00
0.000000000000000000e+00,1.672533639363038560e-11,1.672530343388434204e-11,0.000000000000000000e+00
0.000000000000000000e+00,5.641700214636946598e-13,5.641701298839119083e-13,0.000000000000000000e+00
0.000000000000000000e+00,3.027325959359394858e-11,3.027325265470004467e-11,0.000000000000000000e+00
0.000000000000000000e+00,1.372623265050165742e-10,1.372622987494409585e-10,0.000000000000000000e+00
0.000000000000000000e+00,6.177487688052707426e-11,6.177463401924043751e-11,0.000000000000000000e+00
0.000000000000000000e+00,4.523271340817203168e-11,4.523271687761898363e-11,0.000000000000000000e+00
0.000000000000000000e+00,2.650740182907895814e-10,2.650734909348528845e-10,0.000000000000000000e+00
0.000000000000000000e+00,7.230472887087557865e-10,7.230446796846479174e-10,0.000000000000000000e+00
0.000000000000000000e+00,2.333994331138455891e-09,2.333994553183060816e-09,0.000000000000000000e+00
0.000000000000000000e+00,3.736546072552471287e-10,3.736546072552471287e-10,0.000000000000000000e+00
0.000000000000000000e+00,2.475418092728887132e-09,2.475414095925998481e-09,0.000000000000000000e+00
0.000000000000000000e+00,3.886721611223720174e-09,3.886714505796362573e-09,0.000000000000000000e+00
0.000000000000000000e+00,8.398004780474366271e-08,8.398021122957288753e-08,0.000000000000000000e+00
0.000000000000000000e+00,1.262720505934566972e-08,1.262720417116725002e-08,0.000000000000000000e+00
0.000000000000000000e+00,6.165042520933639025e-08,6.165030441707131104e-08,0.000000000000000000e+00
0.000000000000000000e+00,2.730670587425265694e-07,2.730667745254322654e-07,0.000000000000000000e+00
0.000000000000000000e+00,1.730591847604046052e-08,1.730592025239729992e-08,0.000000000000000000e+00
0.000000000000000000e+00,2.179826736892209738e-07,2.179822473635795177e-07,0.000000000000000000e+00
0.000000000000000000e+00,8.378404636744107847e-09,8.378401972208848747e-09,0.000000000000000000e+00
0.000000000000000000e+00,4.692102706371770182e-08,4.692112653970070824e-08,0.000000000000000000e+00
0.000000000000000000e+00,2.211773590943266754e-07,2.211771317206512322e-07,0.000000000000000000e+00
0.000000000000000000e+00,3.977295079948817147e-07,3.977301901159080444e-07,0.000000000000000000e+00
0.000000000000000000e+00,3.311208445211377693e-07,3.311208729428471997e-07,0.000000000000000000e+00
0.000000000000000000e+00,1.589570842952525709e-06,1.589567546034231782e-06,0.000000000000000000e+00
0.000000000000000000e+00,2.799395737440590892e-08,2.799384724028186611e-08,0.000000000000000000e+00
0.000000000000000000e+00,3.368282364135666285e-07,3.368279521964723244e-07,0.000000000000000000e+00
0.000000000000000000e+00,7.561490292573580518e-06,7.561476650153053924e-06,0.000000000000000000e+00
0.000000000000000000e+00,1.221496290781942662e-06,1.221495267600403167e-06,0.000000000000000000e+00
0.000000000000000000e+00,3.042397906938276719e-07,3.042398191155371023e-07,0.000000000000000000e+00
0.000000000000000000e+00,2.942432274721795693e-06,2.942432729469146580e-06,0.000000000000000000e+00
0.000000000000000000e+00,1.795552748262707610e-06,1.795554226191597991e-06,0.000000000000000000e+00
0.000000000000000000e+00,2.108965418301522732e-06,2.108962917191092856e-06,0.000000000000000000e+00
0.000000000000000000e+00,9.228028829966206104e-07,9.228003250427718740e-07,0.000000000000000000e+00
0.000000000000000000e+00,9.241503562407160643e-07,9.241503562407160643e-07,0.000000000000000000e+00
0.000000000000000000e+00,1.619884812953387154e-07,1.619882397108085570e-07,0.000000000000000000e+00
0.000000000000000000e+00,1.883038081018639787e-08,1.883038436290007667e-08,0.000000000000000000e+00
0.000000000000000000e+00,1.680411898519196257e-08,1.680408523441201396e-08,0.000000000000000000e+00
0.000000000000000000e+00,6.184899348227190785e-08,6.184887979543418624e-08,0.000000000000000000e+00
0.000000000000000000e+00,3.654715641232542112e-08,3.654708891076552391e-08,0.000000000000000000e+00
0.000000000000000000e+00,3.731877882273693103e-07,3.731881577095919056e-07,0.000000000000000000e+00
0.000000000000000000e+00,2.720786973497979488e-08,2.720786440590927668e-08,0.000000000000000000e+00
0.000000000000000000e+00,3.887091482024374045e-10,3.887082877795933200e-10,0.000000000000000000e+00
0.000000000000000000e+00,7.061300877353460237e-09,7.061299989175040537e-09,0.000000000000000000e+00
0.000000000000000000e+00,2.236776985853339283e-09,2.236780760611623009e-09,0.000000000000000000e+00
0.000000000000000000e+00,1.593394305388073917e-10,1.593394860499586230e-10,0.000000000000000000e+00
0.000000000000000000e+00,1.354801271169492338e-09,1.354798939701140625e-09,0.000000000000000000e+00
0.000000000000000000e+00,1.507623331731267058e-10,1.507615005058582369e-10,0.000000000000000000e+00
0.000000000000000000e+00,2.669533483157238152e-10,2.669533483157238152e-10,0.000000000000000000e+00
0.000000000000000000e+00,6.557340781476739267e-10,6.557329679246493015e-10,0.000000000000000000e+00
0.000000000000000000e+00,2.542303607216966910e-12,2.542304040897835904e-12,0.000000000000000000e+00
0.000000000000000000e+00,1.901579761709459859e-11,1.901583751573454606e-11,0.000000000000000000e+00
0.000000000000000000e+00,4.513218412275504798e-13,4.513192933524451389e-13,0.000000000000000000e+00
0.000000000000000000e+00,1.011189287684899352e-12,1.011189179264682103e-12,0.000000000000000000e+00
0.000000000000000000e+00,2.422848976568053869e-13,2.422848976568053869e-13,0.000000000000000000e+00
0.000000000000000000e+00,8.769392547194887477e-13,8.769376826263386437e-13,0.000000000000000000e+00
0.000000000000000000e+00,1.809210028699045208e-14,1.809210198105634659e-14,0.000000000000000000e+00
0.000000000000000000e+00,3.499325666473512841e-13,3.499339219000668910e-13,0.000000000000000000e+00
0.000000000000000000e+00,5.800636799233385710e-14,5.800636121607027906e-14,0.000000000000000000e+00
0.000000000000000000e+00,1.029377033238227865e-14,1.029381353106258862e-14,0.000000000000000000e+00
0.000000000000000000e+00,1.511282791348111249e-14,1.511276862117480468e-14,0.000000000000000000e+00
0.000000000000000000e+00,1.630346570501975054e-15,1.630346358743738240e-15,0.000000000000000000e+00
0.000000000000000000e+00,8.163792484096408369e-15,8.163759449811465452e-15,0.000000000000000000e+00
0.000000000000000000e+00,5.837176148863689081e-16,5.837201030456514676e-16,0.000000000000000000e+00
0.000000000000000000e+00,8.529015620897925556e-16,8.529017209084701658e-16,0.000000000000000000e+00
0.000000000000000000e+00,7.508644660177423119e-17,7.508646645410893246e-17,0.000000000000000000e+00
0.000000000000000000e+00,1.060987249332530206e-16,1.060995388789757728e-16,0.000000000000000000e+00
0.000000000000000000e+00,3.222733716814773261e-17,3.222745628215594024e-17,0.000000000000000000e+00
0.000000000000000000e+00,9.947066068812484343e-18,9.947031327226757116e-18,0.000000000000000000e+00
0.000000000000000000e+00,1.668637121707801778e-18,1.668630814455631061e-18,0.000000000000000000e+00
0.000000000000000000e+00,3.729588637156640968e-18,3.729603112817360646e-18,0.000000000000000000e+00
0.000000000000000000e+00,3.736451599602628585e-19,3.736436348460084639e-19,0.000000000000000000e+00
0.000000000000000000e+00,1.912721266667219477e-19,1.912728762991520739e-19,0.000000000000000000e+00
0.000000000000000000e+00,5.581179395399813456e-19,5.581202659854541510e-19,0.000000000000000000e+00
0.000000000000000000e+00,2.471405514734069939e-19,2.471414820515961160e-19,0.000000000000000000e+00
0.000000000000000000e+00,2.517026108791760630e-20,2.517016253710243885e-20,0.000000000000000000e+00
0.000000000000000000e+00,1.749956000494622563e-20,1.749956323612049342e-20,0.000000000000000000e+00
0.000000000000000000e+00,2.625462540072786820e-20,2.625472718271730343e-20,0.000000000000000000e+00
0.000000000000000000e+00,7.757680356266521118e-22,7.757740940784042092e-22,0.000000000000000000e+00
0.000000000000000000e+00,1.839002437722417813e-21,1.839009303967736857e-21,0.000000000000000000e+00
0.000000000000000000e+00,1.303425659801304825e-22,1.303425659801304825e-22,0.000000000000000000e+00
0.000000000000000000e+00,2.718623948412543711e-22,2.718645910300145064e-22,0.000000000000000000e+00
0.000000000000000000e+00,6.367408052776348839e-22,6.367435315809233277e-22,0.000000000000000000e+00
0.000000000000000000e+00,4.968237776928518052e-23,4.968238408017242229e-23,0.000000000000000000e+00
0.000000000000000000e+00,1.992358146278860510e-24,1.992365640457460110e-24,0.000000000000000000e+00
0.000000000000000000e+00,1.352769347240681511e-24,1.352769347240681511e-24,0.000000000000000000e+00
0.000000000000000000e+00,5.056800548073648557e-25,5.056800548073648557e-25,0.000000000000000000e+00
0.000000000000000000e+00,4.294878651120255389e-24,4.294879834411613220e-24,0.000000000000000000e+00
0.000000000000000000e+00,1.408374697987416632e-25,1.408369890866275441e-25,0.000000000000000000e+00
0.000000000000000000e+00,1.235238834516452862e-25,1.235243641637594052e-25,0.000000000000000000e+00
0.000000000000000000e+00,2.672206535570703711e-26,2.672196674809388448e-26,0.000000000000000000e+00
1.000000000000000000e+00,9.994572997093200684e-01,9.994572997093200684e-01,9.960937500000000000e-01
1.000000000000000000e+00,9.994572997093200684e-01,9.994572997093200684e-01,9.960937500000000000e-01
1.000000000000000000e+00,9.994572997093200684e-01,9.994572997093200684e-01,9.960937500000000000e-01
1.000000000000000000e+00,9.994572997093200684e-01,9.994572997093200684e-01,9.960937500000000000e-01
1.000000000000000000e+00,9.994572997093200684e-01,9.994572997093200684e-01,9.960937500000000000e-01
0.000000000000000000e+00,2.632280640413295797e-28,2.632281603378267990e-28,0.000000000000000000e+00
0.000000000000000000e+00,4.496112344121167907e-28,4.496146529377680781e-28,0.000000000000000000e+00
0.000000000000000000e+00,4.303313214993084126e-29,4.303314418699299368e-29,0.000000000000000000e+00
0.000000000000000000e+00,1.729144441200824304e-29,1.729145343980485735e-29,0.000000000000000000e+00
0.000000000000000000e+00,1.018075156625704870e-30,1.018075438744349067e-30,0.000000000000000000e+00
0.000000000000000000e+00,4.388021030625203348e-29,4.388022234331418590e-29,0.000000000000000000e+00
0.000000000000000000e+00,4.290884929512800631e-31,4.290884929512800631e-31,0.000000000000000000e+00
0.000000000000000000e+00,1.274801053975235014e-30,1.274801336093879212e-30,0.000000000000000000e+00
0.000000000000000000e+00,9.783489018616993676e-31,9.783492780198916307e-31,0.000000000000000000e+00
0.000000000000000000e+00,5.947083589171652748e-31,5.947041741572763475e-31,0.000000000000000000e+00
0.000000000000000000e+00,4.333059786029342991e-31,4.333092699871166016e-31,0.000000000000000000e+00
0.000000000000000000e+00,3.160507873891316292e-32,3.160509343259254820e-32,0.000000000000000000e+00
0.000000000000000000e+00,4.023398016148441889e-32,4.023399191642792711e-32,0.000000000000000000e+00
0.000000000000000000e+00,2.126071258250329675e-31,2.126071493349199840e-31,0.000000000000000000e+00
0.000000000000000000e+00,9.529613683313264070e-33,9.529618091417079654e-33,0.000000000000000000e+00
0.000000000000000000e+00,9.625408391381618599e-33,9.625486267882360576e-33,0.000000000000000000e+00
0.000000000000000000e+00,3.135386384119893186e-32,3.135387559614244008e-32,0.000000000000000000e+00
0.000000000000000000e+00,4.672440903672832266e-33,4.672442373040770794e-33,0.000000000000000000e+00
0.000000000000000000e+00,7.803462677268122299e-33,7.803406106602488976e-33,0.000000000000000000e+00
0.000000000000000000e+00,1.479995142143262128e-33,1.479984030048227011e-33,0.000000000000000000e+00
0.000000000000000000e+00,1.436974987639043461e-32,1.436975134575837314e-32,0.000000000000000000e+00
0.000000000000000000e+00,1.572954851711021005e-32,1.572967488275292344e-32,0.000000000000000000e+00
0.000000000000000000e+00,5.371319957859188187e-34,5.371322712924072927e-34,0.000000000000000000e+00
0.000000000000000000e+00,1.066810273728769670e-32,1.066818796062813132e-32,0.000000000000000000e+00
0.000000000000000000e+00,2.017364486769001275e-33,2.017365405123962855e-33,0.000000000000000000e+00
0.000000000000000000e+00,1.666892774616755572e-34,1.666893233794236362e-34,0.000000000000000000e+00
0.000000000000000000e+00,1.516549159362996634e-33,1.516549526704981266e-33,0.000000000000000000e+00
0.000000000000000000e+00,1.190284342684161795e-34,1.190293755822517989e-34,0.000000000000000000e+00
0.000000000000000000e+00,8.938557307633563261e-34,8.938627102610643335e-34,0.000000000000000000e+00
0.000000000000000000e+00,8.401291186105505696e-34,8.401292104460467276e-34,0.000000000000000000e+00
0.000000000000000000e+00,1.452248883689048243e-34,1.452238552195730469e-34,0.000000000000000000e+00
0.000000000000000000e+00,4.352817010186544286e-34,4.352817469364025076e-34,0.000000000000000000e+00
0.000000000000000000e+00,2.523255791636398485e-34,2.523276454623034033e-34,0.000000000000000000e+00
0.000000000000000000e+00,5.144075318503642884e-34,5.144078073568527624e-34,0.000000000000000000e+00
0.000000000000000000e+00,6.458420347742005204e-34,6.458471316442372890e-34,0.000000000000000000e+00
0.000000000000000000e+00,1.315351178934269272e-33,1.315351178934269272e-33,0.000000000000000000e+00
0.000000000000000000e+00,1.704569113435036889e-33,1.704582154075491324e-33,0.000000000000000000e+00
0.000000000000000000e+00,7.451199713763314978e-34,7.451201091295757348e-34,0.000000000000000000e+00
0.000000000000000000e+00,2.460099923997822902e-33,2.460100842352784482e-33,0.000000000000000000e+00
0.000000000000000000e+00,9.690536655888927439e-35,9.690540099720033363e-35,0.000000000000000000e+00
0.000000000000000000e+00,1.436409923831183341e-33,1.436420944090722300e-33,0.000000000000000000e+00
0.000000000000000000e+00,1.832324778218280151e-33,1.832338920884688481e-33,0.000000000000000000e+00
0.000000000000000000e+00,2.254836707578417822e-34,2.254837625933379402e-34,0.000000000000000000e+00
0.000000000000000000e+00,2.207339985896229795e-33,2.207341087922183691e-33,0.000000000000000000e+00
0.000000000000000000e+00,8.489370610470635067e-34,8.489306325623324473e-34,0.000000000000000000e+00
0.000000000000000000e+00,1.191275803292458276e-32,1.191276170634442908e-32,0.000000000000000000e+00
0.000000000000000000e+00,3.572930507687697423e-33,3.572986343669361482e-33,0.000000000000000000e+00
0.000000000000000000e+00,7.548099753863427089e-33,7.548101223231365617e-33,0.000000000000000000e+00
0.000000000000000000e+00,1.955962061809219065e-32,1.955962355682806771e-32,0.000000000000000000e+00
0.000000000000000000e+00,1.799031655796123597e-32,1.799032537416886714e-32,0.000000000000000000e+00
0.000000000000000000e+00,3.530377171377549057e-32,3.530405677115556497e-32,0.000000000000000000e+00
0.000000000000000000e+00,2.129698657492814631e-32,2.129698804429608484e-32,0.000000000000000000e+00
0.000000000000000000e+00,2.394055993472261657e-31,2.394056698768872150e-31,0.000000000000000000e+00
0.000000000000000000e+00,8.168116218157680262e-31,8.168055092451437503e-31,0.000000000000000000e+00
0.000000000000000000e+00,1.673379978964058377e-32,1.673393644085886686e-32,0.000000000000000000e+00
0.000000000000000000e+00,1.166908352004785388e-30,1.166908822202525717e-30,0.000000000000000000e+00
0.000000000000000000e+00,8.575045561141157449e-32,8.575110213330452675e-32,0.000000000000000000e+00
0.000000000000000000e+00,5.952739879908713464e-30,5.952741008383290254e-30,0.000000000000000000e+00
0.000000000000000000e+00,5.834843626973218106e-30,5.834844003131410369e-30,0.000000000000000000e+00
0.000000000000000000e+00,6.029226194011633541e-31,6.029229015198075515e-31,0.000000000000000000e+00
0.000000000000000000e+00,1.658701334151526800e-30,1.658714123530063746e-30,0.000000000000000000e+00
0.000000000000000000e+00,1.068975077643429030e-29,1.068975378569982840e-29,0.000000000000000000e+00
0.000000000000000000e+00,4.239668452568377433e-29,4.239637156206781140e-29,0.000000000000000000e+00
0.000000000000000000e+00,8.276495194869596129e-28,8.276496157834568323e-28,0.000000000000000000e+00
0.000000000000000000e+00,1.817424856879781848e-28,1.817439301354364752e-28,0.000000000000000000e+00
0.000000000000000000e+00,5.458878464048027852e-28,5.458944427148623115e-28,0.000000000000000000e+00
0.000000000000000000e+00,8.379615261881921899e-28,8.379617187811866286e-28,0.000000000000000000e+00
0.000000000000000000e+00,2.665077301436266036e-28,2.665109079280348426e-28,0.000000000000000000e+00
0.000000000000000000e+00,2.247639208227624117e-27,2.247631889693835446e-27,0.000000000000000000e+00
0.000000000000000000e+00,1.454750104972129745e-26,1.454755805724765131e-26,0.000000000000000000e+00
0.000000000000000000e+00,4.418090996144096596e-27,4.418075973890530375e-27,0.000000000000000000e+00
0.000000000000000000e+00,1.977333784974908933e-26,1.977326851627109139e-26,0.000000000000000000e+00
0.000000000000000000e+00,9.016953166505081270e-26,9.016952550207499066e-26,0.000000000000000000e+00
0.000000000000000000e+00,4.950883645596083644e-25,4.950903367118714169e-25,0.000000000000000000e+00
0.000000000000000000e+00,1.179406612303756835e-24,1.179411444076801314e-24,0.000000000000000000e+00
0.000000000000000000e+00,3.258434934086986860e-24,3.258435328517439470e-24,0.000000000000000000e+00
0.000000000000000000e+00,8.052894759141117157e-25,8.052895745217248683e-25,0.000000000000000000e+00
0.000000000000000000e+00,2.247516626022226176e-23,2.247533349873416862e-23,0.000000000000000000e+00
0.000000000000000000e+00,1.083867431414168529e-23,1.083867510300259052e-23,0.000000000000000000e+00
0.000000000000000000e+00,1.032031002678861338e-22,1.032035104755568487e-22,0.000000000000000000e+00
0.000000000000000000e+00,6.166653807123657175e-23,6.166654438212381352e-23,0.000000000000000000e+00
0.000000000000000000e+00,5.076909866836571449e-22,5.076909866836571449e-22,0.000000000000000000e+00
0.000000000000000000e+00,5.133993104115812217e-22,5.134012289213027192e-22,0.000000000000000000e+00
0.000000000000000000e+00,1.972322828664190228e-20,1.972338176741962208e-20,0.000000000000000000e+00
0.000000000000000000e+00,1.988564608848961291e-21,1.988572282887847281e-21,0.000000000000000000e+00
0.000000000000000000e+00,6.405394646236195221e-21,6.405418476146420137e-21,0.000000000000000000e+00
0.000000000000000000e+00,8.036405386599316885e-20,8.036437052107141180e-20,0.000000000000000000e+00
0.000000000000000000e+00,1.965353185768577413e-20,1.965353347327290802e-20,0.000000000000000000e+00
0.000000000000000000e+00,3.475933133630583902e-19,3.475919691945629915e-19,0.000000000000000000e+00
0.000000000000000000e+00,1.733983045930995566e-18,1.733983356123725273e-18,0.000000000000000000e+00
0.000000000000000000e+00,9.698602855539605058e-20,9.698600916835044386e-20,0.000000000000000000e+00
0.000000000000000000e+00,1.950455074862780648e-18,1.950462312693140487e-18,0.000000000000000000e+00
0.000000000000000000e+00,2.296820826347416202e-18,2.296830545719613701e-18,0.000000000000000000e+00
0.000000000000000000e+00,4.126940726264248830e-17,4.126942711497718957e-17,0.000000000000000000e+00
0.000000000000000000e+00,1.247428465446062304e-16,1.247428333097164296e-16,0.000000000000000000e+00
1.000000000000000000e+00,9.999995827674865723e-01,9.999995827674865723e-01,9.960937500000000000e-01
1.000000000000000000e+00,9.999997019767761230e-01,9.999997019767761230e-01,9.960937500000000000e-01
1.000000000000000000e+00,9.999998807907104492e-01,9.999998807907104492e-01,9.960937500000000000e-01
1.000000000000000000e+00,9.999995231628417969e-01,9.999995231628417969e-01,9.960937500000000000e-01
1.000000000000000000e+00,9.999996423721313477e-01,9.999996423721313477e-01,9.960937500000000000e-01
0.000000000000000000e+00,4.617554795694140193e-15,4.617555219210613821e-15,0.000000000000000000e+00
0.000000000000000000e+00,1.988151396986603814e-13,1.988147873329543236e-13,0.000000000000000000e+00
0.000000000000000000e+00,4.267161914073801243e-14,4.267163608139695752e-14,0.000000000000000000e+00
0.000000000000000000e+00,2.482738136171808163e-13,2.482737865121265042e-13,0.000000000000000000e+00
0.000000000000000000e+00,1.715927882639869950e-13,1.715928560266227754e-13,0.000000000000000000e+00
0.000000000000000000e+00,9.585952908189310229e-13,9.585971339626242482e-13,0.000000000000000000e+00
0.000000000000000000e+00,4.714627126201076379e-13,4.714617910482610252e-13,0.000000000000000000e+00
0.000000000000000000e+00,1.077227196333296888e-11,1.077227630014165882e-11,0.000000000000000000e+00
0.000000000000000000e+00,8.461938788562051172e-11,8.461939482451441563e-11,0.000000000000000000e+00
0.000000000000000000e+00,5.338951936800784281e-12,5.338952804162522270e-12,0.000000000000000000e+00
0.000000000000000000e+00,3.677477766750314458e-11,3.677485052588913561e-11,0.000000000000000000e+00
0.000000000000000000e+00,1.792829107394311450e-09,1.792828996372008987e-09,0.000000000000000000e+00
0.000000000000000000e+00,1.958830431192382093e-09,1.958829765058567318e-09,0.000000000000000000e+00
0.000000000000000000e+00,1.699665475030087691e-08,1.699665475030087691e-08,0.000000000000000000e+00
0.000000000000000000e+00,1.002281035944463383e-09,1.002281146966765846e-09,0.000000000000000000e+00
0.000000000000000000e+00,3.711488893998193817e-09,3.711488671953588891e-09,0.000000000000000000e+00
0.000000000000000000e+00,1.812120018485074979e-07,1.812122434330376564e-07,0.000000000000000000e+00
0.000000000000000000e+00,5.800031122049631449e-09,5.800042224279877701e-09,0.000000000000000000e+00
0.000000000000000000e+00,3.070596221732557751e-08,3.070596221732557751e-08,0.000000000000000000e+00
0.000000000000000000e+00,1.254142603102081921e-07,1.254140045148233185e-07,0.000000000000000000e+00
0.000000000000000000e+00,1.704948182634780096e-08,1.704948182634780096e-08,0.000000000000000000e+00
0.000000000000000000e+00,4.997158953301550355e-07,4.997162932340870611e-07,0.000000000000000000e+00
0.000000000000000000e+00,1.336266137741404236e-07,1.336266990392687148e-07,0.000000000000000000e+00
0.000000000000000000e+00,5.505373223968490493e-08,5.505383171566791134e-08,0.000000000000000000e+00
0.000000000000000000e+00,2.445806615014589624e-07,2.445797235850477591e-07,0.000000000000000000e+00
0.000000000000000000e+00,1.019939332991270931e-07,1.019935353951950674e-07,0.000000000000000000e+00
0.000000000000000000e+00,1.227815715765245841e-07,1.227813157811397105e-07,0.000000000000000000e+00
0.000000000000000000e+00,8.566695441913907416e-08,8.566680520516456454e-08,0.000000000000000000e+00
0.000000000000000000e+00,2.744318180702975951e-06,2.744308403634931892e-06,0.000000000000000000e+00
0.000000000000000000e+00,3.057149555729665735e-08,3.057160924413437897e-08,0.000000000000000000e+00
0.000000000000000000e+00,1.328393466337729478e-07,1.328391761035163654e-07,0.000000000000000000e+00
0.000000000000000000e+00,6.898544143041362986e-06,6.898542778799310327e-06,0.000000000000000000e+00
0.000000000000000000e+00,6.151018396849394776e-07,6.151030902401544154e-07,0.000000000000000000e+00
0.000000000000000000e+00,2.261113422719063237e-06,2.261108875245554373e-06,0.000000000000000000e+00
0.000000000000000000e+00,1.879233195722918026e-06,1.879226260825817008e-06,0.000000000000000000e+00
0.000000000000000000e+00,5.449480795505223796e-07,5.449473405860771891e-07,0.000000000000000000e+00
0.000000000000000000e+00,6.087664701226458419e-07,6.087647648200800177e-07,0.000000000000000000e+00
0.000000000000000000e+00,9.026652492138964590e-08,9.026653202681700350e-08,0.000000000000000000e+00
0.000000000000000000e+00,1.150064932176064758e-07,1.150063795307687542e-07,0.000000000000000000e+00
0.000000000000000000e+00,1.748302338455687277e-07,1.748306175386460382e-07,0.000000000000000000e+00
0.000000000000000000e+00,1.014042609881471435e-07,1.014040407198990579e-07,0.000000000000000000e+00
0.000000000000000000e+00,3.999041098268207861e-08,3.999049624781036982e-08,0.000000000000000000e+00
0.000000000000000000e+00,3.299940942724788329e-07,3.299951174540183274e-07,0.000000000000000000e+00
0.000000000000000000e+00,2.671512966401223821e-08,2.671517584929006262e-08,0.000000000000000000e+00
0.000000000000000000e+00,1.674956280339756631e-07,1.674964664744038600e-07,0.000000000000000000e+00
0.000000000000000000e+00,9.022658531421257067e-08,9.022659952506728587e-08,0.000000000000000000e+00
0.000000000000000000e+00,3.594268704887326749e-08,3.594261599459969148e-08,0.000000000000000000e+00
0.000000000000000000e+00,9.684018209554778878e-08,9.683999024900913355e-08,0.000000000000000000e+00
0.000000000000000000e+00,4.559727884156927757e-08,4.559729305242399278e-08,0.000000000000000000e+00
0.000000000000000000e+00,4.296050626351188839e-09,4.296034195050424387e-09,0.000000000000000000e+00
0.000000000000000000e+00,2.230336271225041855e-08,2.230332363239995175e-08,0.000000000000000000e+00
0.000000000000000000e+00,2.877999838446498870e-09,2.878000504580313645e-09,0.000000000000000000e+00
0.000000000000000000e+00,1.115054626410483252e-08,1.115052938871485821e-08,0.000000000000000000e+00
0.000000000000000000e+00,1.894841261673718691e-08,1.894834156246361090e-08,0.000000000000000000e+00
0.000000000000000000e+00,8.921736127653900894e-10,8.921719474308531517e-10,0.000000000000000000e+00
0.000000000000000000e+00,3.125891767652433373e-10,3.125886494093066403e-10,0.000000000000000000e+00
0.000000000000000000e+00,7.513183963858693915e-10,7.513184518970206227e-10,0.000000000000000000e+00
0.000000000000000000e+00,5.874354336299347779e-10,5.874343789180613840e-10,0.000000000000000000e+00
0.000000000000000000e+00,5.145366910319637554e-10,5.145336379186460363e-10,0.000000000000000000e+00
0.000000000000000000e+00,5.196079122526953142e-10,5.196048036282263638e-10,0.000000000000000000e+00
0.000000000000000000e+00,8.601923617845841363e-10,8.601923617845841363e-10,0.000000000000000000e+00
0.000000000000000000e+00,2.786447739211439512e-10,2.786447739211439512e-10,0.000000000000000000e+00
0.000000000000000000e+00,6.161224308520729664e-11,6.161225002410120055e-11,0.000000000000000000e+00
0.000000000000000000e+00,3.655993216500341703e-11,3.655979338712533888e-11,0.000000000000000000e+00
0.000000000000000000e+00,2.939517032563010446e-11,2.939517032563010446e-11,0.000000000000000000e+00
0.000000000000000000e+00,6.291519822482216640e-12,6.291506812056146813e-12,0.000000000000000000e+00
0.000000000000000000e+00,1.697990879845345802e-11,1.697987757343089044e-11,0.000000000000000000e+00
0.000000000000000000e+00,1.260766664679113802e-11,1.260764409538595032e-11,0.000000000000000000e+00
0.000000000000000000e+00,1.362849286548617478e-12,1.362852105474265940e-12,0.000000000000000000e+00
0.000000000000000000e+00,2.504588984125755147e-12,2.504584864157499702e-12,0.000000000000000000e+00
0.000000000000000000e+00,1.743590341551914946e-11,1.743587219049658188e-11,0.000000000000000000e+00
0.000000000000000000e+00,2.863124667906724596e-12,2.863114693246737730e-12,0.000000000000000000e+00
0.000000000000000000e+00,9.840718734679954061e-13,9.840680787603917068e-13,0.000000000000000000e+00
0.000000000000000000e+00,3.445743853008192970e-13,3.445731113632666265e-13,0.000000000000000000e+00
0.000000000000000000e+00,3.521917458192136419e-13,3.521918000293222661e-13,0.000000000000000000e+00
0.000000000000000000e+00,7.866346869679283205e-14,7.866334672404842743e-14,0.000000000000000000e+00
0.000000000000000000e+00,1.086947507911509292e-13,1.086943238865455130e-13,0.000000000000000000e+00
0.000000000000000000e+00,1.711325546061622654e-14,1.711318939204634071e-14,0.000000000000000000e+00
0.000000000000000000e+00,3.949597064873723584e-14,3.949591305049682255e-14,0.000000000000000000e+00
0.000000000000000000e+00,1.069982691586767592e-14,1.069983115103241220e-14,0.000000000000000000e+00
0.000000000000000000e+00,3.340560512875268527e-15,3.340560724633505341e-15,0.000000000000000000e+00
0.000000000000000000e+00,1.213333022920780324e-14,1.213337851008579674e-14,0.000000000000000000e+00
0.000000000000000000e+00,2.667869011374179172e-14,2.667879006362956773e-14,0.000000000000000000e+00
0.000000000000000000e+00,1.760868736080587176e-15,1.760868947838823990e-15,0.000000000000000000e+00
0.000000000000000000e+00,1.180060637016389427e-14,1.180065380400894051e-14,0.000000000000000000e+00
0.000000000000000000e+00,1.031684144522267686e-16,1.031679975531980418e-16,0.000000000000000000e+00
0.000000000000000000e+00,7.376996814281689633e-16,7.377054518401221332e-16,0.000000000000000000e+00
0.000000000000000000e+00,4.678118498455769922e-16,4.678153438564844162e-16,0.000000000000000000e+00
0.000000000000000000e+00,1.644241696015428622e-16,1.644242490108816673e-16,0.000000000000000000e+00
0.000000000000000000e+00,1.835447551866604965e-15,1.835447763624841779e-15,0.000000000000000000e+00
0.000000000000000000e+00,3.089864356764870468e-17,3.089840203090983919e-17,0.000000000000000000e+00
0.000000000000000000e+00,3.476783630396653268e-18,3.476823335066055813e-18,0.000000000000000000e+00
0.000000000000000000e+00,4.020590114908306062e-17,4.020591438397286147e-17,0.000000000000000000e+00
0.000000000000000000e+00,6.356987645817505639e-18,6.357035622293033715e-18,0.000000000000000000e+00
0.000000000000000000e+00,1.027076562394709497e-18,1.027076769189862635e-18,0.000000000000000000e+00
1.000000000000000000e+00,1.000000000000000000e+00,1.000000000000000000e+00,9.960937500000000000e-01
1.000000000000000000e+00,1.000000000000000000e+00,1.000000000000000000e+00,9.960937500000000000e-01
1.000000000000000000e+00,1.000000000000000000e+00,1.000000000000000000e+00,9.960937500000000000e-01
1.000000000000000000e+00,1.000000000000000000e+00,1.000000000000000000e+00,9.960937500000000000e-01
1.000000000000000000e+00,1.000000000000000000e+00,9.999999403953552246e-01,9.960937500000000000e-01
0.000000000000000000e+00,1.453640162603351882e-19,1.453640679591234728e-19,0.000000000000000000e+00
0.000000000000000000e+00,9.312442633857173886e-20,9.312476238069558853e-20,0.000000000000000000e+00
0.000000000000000000e+00,2.036660764042689786e-22,2.036676541260794206e-22,0.000000000000000000e+00
0.000000000000000000e+00,7.476414209320503978e-22,7.476443491837305782e-22,0.000000000000000000e+00
0.000000000000000000e+00,6.026087098940883038e-21,6.026108505470407116e-21,0.000000000000000000e+00
0.000000000000000000e+00,7.784686409822474489e-22,7.784717711823193659e-22,0.000000000000000000e+00
0.000000000000000000e+00,1.008035999643700360e-21,1.008036201592092096e-21,0.000000000000000000e+00
0.000000000000000000e+00,5.260273957823591787e-22,5.260295162404724128e-22,0.000000000000000000e+00
0.000000000000000000e+00,1.233817819924832992e-23,1.233822631976354840e-23,0.000000000000000000e+00
0.000000000000000000e+00,3.010677547356404726e-23,3.010665556670645367e-23,0.000000000000000000e+00
0.000000000000000000e+00,3.627736790541529191e-22,3.627736285670549849e-22,0.000000000000000000e+00
0.000000000000000000e+00,3.280699586503763653e-23,3.280712523822609278e-23,0.000000000000000000e+00
0.000000000000000000e+00,2.172573222861374352e-24,2.172590775016515519e-24,0.000000000000000000e+00
0.000000000000000000e+00,3.621053781833550241e-24,3.621082575256590807e-24,0.000000000000000000e+00
0.000000000000000000e+00,4.329337673182119627e-25,4.329322389002080970e-25,0.000000000000000000e+00
0.000000000000000000e+00,1.292870793580604050e-25,1.292871040099636932e-25,0.000000000000000000e+00
0.000000000000000000e+00,6.927927832337114957e-25,6.927955442468797692e-25,0.000000000000000000e+00
0.000000000000000000e+00,7.114221279409583000e-25,7.114276992711014234e-25,0.000000000000000000e+00
0.000000000000000000e+00,2.946345388332997559e-24,2.946345979978676475e-24,0.000000000000000000e+00
0.000000000000000000e+00,7.511903934361378964e-26,7.511907015849289984e-26,0.000000000000000000e+00
0.000000000000000000e+00,1.745730940845665889e-25,1.745731187364698771e-25,0.000000000000000000e+00
0.000000000000000000e+00,3.453478044215665399e-26,3.453492219060056089e-26,0.000000000000000000e+00
0.000000000000000000e+00,2.580788110751683685e-27,2.580818347851810564e-27,0.000000000000000000e+00
0.000000000000000000e+00,3.008843518705992167e-28,3.008856037250630684e-28,0.000000000000000000e+00
0.000000000000000000e+00,8.028010172700799450e-27,8.027981668937622519e-27,0.000000000000000000e+00
0.000000000000000000e+00,4.165876506934491253e-28,4.165892877339018545e-28,0.000000000000000000e+00
0.000000000000000000e+00,3.390518778036064455e-27,3.390519933594031088e-27,0.000000000000000000e+00
0.000000000000000000e+00,4.219439796472308521e-27,4.219457900213785761e-27,0.000000000000000000e+00
0.000000000000000000e+00,3.132274876246063213e-27,3.132275261432052091e-27,0.000000000000000000e+00
0.000000000000000000e+00,1.923277818483193105e-28,1.923278059224436153e-28,0.000000000000000000e+00
0.000000000000000000e+00,9.876311273633630110e-28,9.876314162528546691e-28,0.000000000000000000e+00
0.000000000000000000e+00,2.484988696050968238e-27,2.484980414552207373e-27,0.000000000000000000e+00
0.000000000000000000e+00,1.630024049200504726e-28,1.630024771424233872e-28,0.000000000000000000e+00
0.000000000000000000e+00,4.079102288842666052e-28,4.079103733290124342e-28,0.000000000000000000e+00
0.000000000000000000e+00,3.846340143461202507e-30,3.846340895777587033e-30,0.000000000000000000e+00
0.000000000000000000e+00,5.560834426779593061e-29,5.560835630485808303e-29,0.000000000000000000e+00
0.000000000000000000e+00,4.928151875203181655e-28,4.928152838168153849e-28,0.000000000000000000e+00
0.000000000000000000e+00,5.949041718257297708e-29,5.949088662799692147e-29,0.000000000000000000e+00
0.000000000000000000e+00,3.633857859838204270e-29,3.633859665397527133e-29,0.000000000000000000e+00
0.000000000000000000e+00,5.870499887712755746e-29,5.870546230402042564e-29,0.000000000000000000e+00
0.000000000000000000e+00,1.982035744322604854e-29,1.982051242040126095e-29,0.000000000000000000e+00
0.000000000000000000e+00,2.932722047956911947e-31,2.932700653959726981e-31,0.000000000000000000e+00
0.000000000000000000e+00,8.018540110348880058e-30,8.018543119614418163e-30,0.000000000000000000e+00
0.000000000000000000e+00,1.515927294933420812e-29,1.515939331995573232e-29,0.000000000000000000e+00
0.000000000000000000e+00,1.312867021710229505e-29,1.312877403676335967e-29,0.000000000000000000e+00
0.000000000000000000e+00,6.815303942383909660e-29,6.815359312869810793e-29,0.000000000000000000e+00
0.000000000000000000e+00,2.982420444476909210e-30,2.982421196793293737e-30,0.000000000000000000e+00
0.000000000000000000e+00,5.090809775642847938e-31,5.090811656433809254e-31,0.000000000000000000e+00
0.000000000000000000e+00,1.867697947885918725e-29,1.867698700202303251e-29,0.000000000000000000e+00
0.000000000000000000e+00,2.761235665844264962e-30,2.761236230081553356e-30,0.000000000000000000e+00
0.000000000000000000e+00,5.930455516282660998e-31,5.930503946649914876e-31,0.000000000000000000e+00
0.000000000000000000e+00,3.961569058655359997e-30,3.961570563288129049e-30,0.000000000000000000e+00
0.000000000000000000e+00,6.470072874835544749e-30,6.470075131784698328e-30,0.000000000000000000e+00
0.000000000000000000e+00,2.318780156432044338e-30,2.318781472985717259e-30,0.000000000000000000e+00
0.000000000000000000e+00,4.743584260935375063e-30,4.743586517884528641e-30,0.000000000000000000e+00
0.000000000000000000e+00,3.060176198439169292e-31,3.060176903735779786e-31,0.000000000000000000e+00
0.000000000000000000e+00,3.699525601020902087e-30,3.699526353337286613e-30,0.000000000000000000e+00
0.000000000000000000e+00,2.392470524307691782e-29,2.392488880827474223e-29,0.000000000000000000e+00
0.000000000000000000e+00,4.443337951599758109e-29,4.443372859080000127e-29,0.000000000000000000e+00
0.000000000000000000e+00,9.355830632092924008e-30,9.355835898307615692e-30,0.000000000000000000e+00
0.000000000000000000e+00,3.285584575294092053e-30,3.285585327610476579e-30,0.000000000000000000e+00
0.000000000000000000e+00,8.198341920691334292e-29,8.198343124397549534e-29,0.000000000000000000e+00
0.000000000000000000e+00,2.835779875200530488e-29,2.835801541912404845e-29,0.000000000000000000e+00
0.000000000000000000e+00,8.526813485678330714e-29,8.526749087395815266e-29,0.000000000000000000e+00
0.000000000000000000e+00,1.137532706800335275e-28,1.137532706800335275e-28,0.000000000000000000e+00
0.000000000000000000e+00,6.566103774278513390e-28,6.566106181690943874e-28,0.000000000000000000e+00
0.000000000000000000e+00,1.155358031029989812e-28,1.155358031029989812e-28,0.000000000000000000e+00
0.000000000000000000e+00,5.438509828956188446e-28,5.438533421598007189e-28,0.000000000000000000e+00
0.000000000000000000e+00,7.084447115063435757e-28,7.084476004012601565e-28,0.000000000000000000e+00
0.000000000000000000e+00,1.524198002468066281e-27,1.524203972850893882e-27,0.000000000000000000e+00
0.000000000000000000e+00,1.439310329053265596e-27,1.439321306853948603e-27,0.000000000000000000e+00
0.000000000000000000e+00,1.530146564509396805e-26,1.530146872658187907e-26,0.000000000000000000e+00
0.000000000000000000e+00,5.267711524436625795e-27,5.267731554108047423e-27,0.000000000000000000e+00
0.000000000000000000e+00,1.968852359278376869e-25,1.968867643458415526e-25,0.000000000000000000e+00
0.000000000000000000e+00,5.706850530183576546e-25,5.706830808660946021e-25,0.000000000000000000e+00
0.000000000000000000e+00,4.383664058534361894e-25,4.383664551572427657e-25,0.000000000000000000e+00
0.000000000000000000e+00,1.280512252120378798e-24,1.280512547943218256e-24,0.000000000000000000e+00
0.000000000000000000e+00,5.752004435360361499e-25,5.752006407512624551e-25,0.000000000000000000e+00
0.000000000000000000e+00,1.862317581496797598e-24,1.862317384281571293e-24,0.000000000000000000e+00
0.000000000000000000e+00,2.085418962862515963e-23,2.085427324788111306e-23,0.000000000000000000e+00
0.000000000000000000e+00,2.020370597023258639e-23,2.020379116721035026e-23,0.000000000000000000e+00
0.000000000000000000e+00,3.868484895693732964e-23,3.868486157871181317e-23,0.000000000000000000e+00
0.000000000000000000e+00,7.480203139802716706e-23,7.480176634076301280e-23,0.000000000000000000e+00
0.000000000000000000e+00,1.936223593124238531e-23,1.936231797277652829e-23,0.000000000000000000e+00
0.000000000000000000e+00,2.917014261922213882e-22,2.917015271664172565e-22,0.000000000000000000e+00
0.000000000000000000e+00,3.810184540701044801e-21,3.810199888778816781e-21,0.000000000000000000e+00
0.000000000000000000e+00,7.566713817098381395e-21,7.566713009304814449e-21,0.000000000000000000e+00
0.000000000000000000e+00,6.845375164448061732e-21,6.845428478823480189e-21,0.000000000000000000e+00
0.000000000000000000e+00,2.185870974463404960e-20,2.185854010798499087e-20,0.000000000000000000e+00
0.000000000000000000e+00,8.446532520295618476e-20,8.446501501022647737e-20,0.000000000000000000e+00
0.000000000000000000e+00,1.712577130330029068e-20,1.712577615006169236e-20,0.000000000000000000e+00
0.000000000000000000e+00,1.129383036037092228e-19,1.129383165284062940e-19,0.000000000000000000e+00
0.000000000000000000e+00,3.896203440341346283e-19,3.896202923353463438e-19,0.000000000000000000e+00
0.000000000000000000e+00,1.286199988263683500e-18,1.286210121226187274e-18,0.000000000000000000e+00
0.000000000000000000e+00,2.390047596899745772e-18,2.390057523067096408e-18,0.000000000000000000e+00
1.000000000000000000e+00,9.994572997093200684e-01,9.994572997093200684e-01,9.960937500000000000e-01
1.000000000000000000e+00,9.994572997093200684e-01,9.994572997093200684e-01,9.960937500000000000e-01
1.000000000000000000e+00,9.994572997093200684e-01,9.994572997093200684e-01,9.960937500000000000e-01
1.000000000000000000e+00,9.994572997093200684e-01,9.994572997093200684e-01,9.960937500000000000e-01
1.000000000000000000e+00,9.994572997093200684e-01,9.994572997093200684e-01,9.960937500000000000e-01
0.000000000000000000e+00,4.595477993654700126e-17,4.595478986271435190e-17,0.000000000000000000e+00
0.000000000000000000e+00,5.320751609102419898e-17,5.320731756767718625e-17,0.000000000000000000e+00
0.000000000000000000e+00,2.141708248753717474e-16,2.141708513451513491e-16,0.000000000000000000e+00
0.000000000000000000e+00,1.630735951547827856e-14,1.630732732822628289e-14,0.000000000000000000e+00
0.000000000000000000e+00,8.490451269600621329e-16,8.490517444049625571e-16,0.000000000000000000e+00
0.000000000000000000e+00,7.709674827667328464e-16,7.709646240305358632e-16,0.000000000000000000e+00
0.000000000000000000e+00,8.274310801955307715e-15,8.274276920637417543e-15,0.000000000000000000e+00
0.000000000000000000e+00,9.165324240929893090e-15,9.165326782028734853e-15,0.000000000000000000e+00
0.000000000000000000e+00,1.663307904732310490e-15,1.663307692974073677e-15,0.000000000000000000e+00
0.000000000000000000e+00,1.283621934466310302e-14,1.283617191081805678e-14,0.000000000000000000e+00
0.000000000000000000e+00,4.062560597444756644e-15,4.062560597444756644e-15,0.000000000000000000e+00
0.000000000000000000e+00,2.271388304764081212e-14,2.271388304764081212e-14,0.000000000000000000e+00
0.000000000000000000e+00,1.364836114134751477e-13,1.364835978609479916e-13,0.000000000000000000e+00
0.000000000000000000e+00,3.114739640253799680e-13,3.114752108578783263e-13,0.000000000000000000e+00
0.000000000000000000e+00,4.351975594132917458e-13,4.351966920515537574e-13,0.000000000000000000e+00
0.000000000000000000e+00,8.981634338177391097e-13,8.981652769614323351e-13,0.000000000000000000e+00
0.000000000000000000e+00,3.269352697636909721e-14,3.269339483922932554e-14,0.000000000000000000e+00
0.000000000000000000e+00,8.750375505564220169e-14,8.750358564905275083e-14,0.000000000000000000e+00
0.000000000000000000e+00,1.953868490611743169e-12,1.953856564387845829e-12,0.000000000000000000e+00
0.000000000000000000e+00,2.083668253129861148e-13,2.083676384646154789e-13,0.000000000000000000e+00
0.000000000000000000e+00,1.121386945975022531e-12,1.121389331219801999e-12,0.000000000000000000e+00
0.000000000000000000e+00,6.792823682016946307e-12,6.792822380974339325e-12,0.000000000000000000e+00
0.000000000000000000e+00,2.313655343699760891e-12,2.313659897348885330e-12,0.000000000000000000e+00
0.000000000000000000e+00,8.584217364715485132e-11,8.584202793038286927e-11,0.000000000000000000e+00
0.000000000000000000e+00,3.147128738167914719e-11,3.147127697333829133e-11,0.000000000000000000e+00
0.000000000000000000e+00,4.295617681004948452e-12,4.295618114685817446e-12,0.000000000000000000e+00
0.000000000000000000e+00,7.589478091124535197e-13,7.589465080698465371e-13,0.000000000000000000e+00
0.000000000000000000e+00,8.596076975231348172e-12,8.596075240507872195e-12,0.000000000000000000e+00
0.000000000000000000e+00,1.837228702505910860e-09,1.837222041167763109e-09,0.000000000000000000e+00
0.000000000000000000e+00,1.165836732708314116e-10,1.165834789818021022e-10,0.000000000000000000e+00
0.000000000000000000e+00,3.222899946919710601e-09,3.222899946919710601e-09,0.000000000000000000e+00
0.000000000000000000e+00,9.170323354845688613e-12,9.170271313141409308e-12,0.000000000000000000e+00
0.000000000000000000e+00,5.377562978248207060e-12,5.377574253950800909e-12,0.000000000000000000e+00
0.000000000000000000e+00,1.809363103788541594e-09,1.809359662097165256e-09,0.000000000000000000e+00
0.000000000000000000e+00,1.147661965461566069e-09,1.147657857636374956e-09,0.000000000000000000e+00
0.000000000000000000e+00,6.564461196845172708e-10,6.564462307068197333e-10,0.000000000000000000e+00
0.000000000000000000e+00,2.661551257165939433e-10,2.661556253169550246e-10,0.000000000000000000e+00
0.000000000000000000e+00,9.179537685533034619e-10,9.179520477076152929e-10,0.000000000000000000e+00
0.000000000000000000e+00,5.494137696876455479e-12,5.494127288535599618e-12,0.000000000000000000e+00
0.000000000000000000e+00,3.217467958727127098e-11,3.217448876768891353e-11,0.000000000000000000e+00
0.000000000000000000e+00,2.881262339826662355e-09,2.881257676889958930e-09,0.000000000000000000e+00
0.000000000000000000e+00,5.440441874782209197e-09,5.440442318871419047e-09,0.000000000000000000e+00
0.000000000000000000e+00,4.798992314647421153e-10,4.798991759535908841e-10,0.000000000000000000e+00
0.000000000000000000e+00,8.488122531236097501e-12,8.488120796512621524e-12,0.000000000000000000e+00
0.000000000000000000e+00,1.704071085628644511e-11,1.704067789654040155e-11,0.000000000000000000e+00
0.000000000000000000e+00,2.506638230315161309e-09,2.506638896448976084e-09,0.000000000000000000e+00
0.000000000000000000e+00,2.609759741645234499e-09,2.609750193727222722e-09,0.000000000000000000e+00
0.000000000000000000e+00,1.216369449608123432e-09,1.216369671652728357e-09,0.000000000000000000e+00
0.000000000000000000e+00,8.777640281287801827e-10,8.777623072830920137e-10,0.000000000000000000e+00
0.000000000000000000e+00,2.199731286012251985e-09,2.199726623075548559e-09,0.000000000000000000e+00
0.000000000000000000e+00,3.307050813750045393e-11,3.307056017920473323e-11,0.000000000000000000e+00
0.000000000000000000e+00,6.469682012344435407e-10,6.469670910114189155e-10,0.000000000000000000e+00
0.000000000000000000e+00,1.204560648275510015e-12,1.204556203046602825e-12,0.000000000000000000e+00
0.000000000000000000e+00,1.588175702060823369e-10,1.588175979616579525e-10,0.000000000000000000e+00
0.000000000000000000e+00,7.523302293643840954e-12,7.523301426282102966e-12,0.000000000000000000e+00
0.000000000000000000e+00,8.279920802808926616e-13,8.279921887011099102e-13,0.000000000000000000e+00
0.000000000000000000e+00,3.065129964077706326e-12,3.065130397758575320e-12,0.000000000000000000e+00
0.000000000000000000e+00,1.844044708598779891e-11,1.844034473730271628e-11,0.000000000000000000e+00
0.000000000000000000e+00,3.022021435178379178e-12,3.022021868859248173e-12,0.000000000000000000e+00
0.000000000000000000e+00,1.530668820859393264e-12,1.530665568252875808e-12,0.000000000000000000e+00
0.000000000000000000e+00,1.190804074270579438e-12,1.190804291111013935e-12,0.000000000000000000e+00
0.000000000000000000e+00,1.551862479666488159e-13,1.551857194180897292e-13,0.000000000000000000e+00
0.000000000000000000e+00,7.088567336192494461e-14,7.088581566346008334e-14,0.000000000000000000e+00
0.000000000000000000e+00,4.899535367263591068e-14,4.899545192845779218e-14,0.000000000000000000e+00
0.000000000000000000e+00,1.130548088414291830e-13,1.130546123297854200e-13,0.000000000000000000e+00
0.000000000000000000e+00,1.365496647367679325e-14,1.365496816774268776e-14,0.000000000000000000e+00
0.000000000000000000e+00,8.724221669251849137e-15,8.724256397602686564e-15,0.000000000000000000e+00
0.000000000000000000e+00,2.043875466889812954e-15,2.043882878428101429e-15,0.000000000000000000e+00
0.000000000000000000e+00,6.080571595652804317e-16,6.080597536036813980e-16,0.000000000000000000e+00
0.000000000000000000e+00,1.972183604085833838e-16,1.972183868783629855e-16,0.000000000000000000e+00
0.000000000000000000e+00,1.334207255590061391e-16,1.334207123241163383e-16,0.000000000000000000e+00
0.000000000000000000e+00,4.186741186165953430e-16,4.186724510204804361e-16,0.000000000000000000e+00
0.000000000000000000e+00,1.025738965849277561e-16,1.025742671618421799e-16,0.000000000000000000e+00
0.000000000000000000e+00,1.512881179577271556e-16,1.512876150319147233e-16,0.000000000000000000e+00
0.000000000000000000e+00,3.678271592724769961e-18,3.678257530654356559e-18,0.000000000000000000e+00
0.000000000000000000e+00,3.213624473037094299e-17,3.213624142164849277e-17,0.000000000000000000e+00
0.000000000000000000e+00,1.735353622167449991e-17,1.735360570484595436e-17,0.000000000000000000e+00
0.000000000000000000e+00,6.958832161994629988e-19,6.958807346576253397e-19,0.000000000000000000e+00
0.000000000000000000e+00,1.802595092802854983e-19,1.802595480543767117e-19,0.000000000000000000e+00
0.000000000000000000e+00,3.773665938373506455e-19,3.773665162891682186e-19,0.000000000000000000e+00
0.000000000000000000e+00,1.323292136948450801e-19,1.323297177580308547e-19,0.000000000000000000e+00
0.000000000000000000e+00,6.224138694510513032e-21,6.224137482820162612e-21,0.000000000000000000e+00
0.000000000000000000e+00,5.744674357657304315e-20,5.744696329642325255e-20,0.000000000000000000e+00
0.000000000000000000e+00,2.853339489721208696e-20,2.853339166603781917e-20,0.000000000000000000e+00
0.000000000000000000e+00,1.507278980230037063e-21,1.507284432836613950e-21,0.000000000000000000e+00
0.000000000000000000e+00,1.059654149935444173e-20,1.059654392273514257e-20,0.000000000000000000e+00
0.000000000000000000e+00,3.406917028416537937e-21,3.406931164803959497e-21,0.000000000000000000e+00
0.000000000000000000e+00,1.414887288087964555e-22,1.414893094104226982e-22,0.000000000000000000e+00
0.000000000000000000e+00,7.788156766716722764e-23,7.788189583330379959e-23,0.000000000000000000e+00
0.000000000000000000e+00,1.851721475600124132e-22,1.851721728035613803e-22,0.000000000000000000e+00
0.000000000000000000e+00,1.038404809466429860e-22,1.038404872575302278e-22,0.000000000000000000e+00
0.000000000000000000e+00,7.261164991633174520e-22,7.261166001375133203e-22,0.000000000000000000e+00
0.000000000000000000e+00,1.887301424832096735e-21,1.887315561219518296e-21,0.000000000000000000e+00
0.000000000000000000e+00,2.929279849929824680e-22,2.929281112107273033e-22,0.000000000000000000e+00
0.000000000000000000e+00,4.917144455165929053e-22,4.917144455165929053e-22,0.000000000000000000e+00
1.000000000000000000e+00,9.999989271163940430e-01,9.999989271163940430e-01,9.960937500000000000e-01
1.000000000000000000e+00,9.999997019767761230e-01,9.999997019767761230e-01,9.960937500000000000e-01
1.000000000000000000e+00,9.999996423721313477e-01,9.999996423721313477e-01,9.960937500000000000e-01
1.000000000000000000e+00,9.999998807907104492e-01,9.999998807907104492e-01,9.960937500000000000e-01
1.000000000000000000e+00,9.999997615814208984e-01,9.999997615814208984e-01,9.960937500000000000e-01
0.000000000000000000e+00,8.347792363364785490e-24,8.347825495522804772e-24,0.000000000000000000e+00
0.000000000000000000e+00,2.817533726846306043e-22,2.817535241459244068e-22,0.000000000000000000e+00
0.000000000000000000e+00,6.524472120717588611e-24,6.524497758697008294e-24,0.000000000000000000e+00
0.000000000000000000e+00,1.628381353370049680e-23,1.628394290688895304e-23,0.000000000000000000e+00
0.000000000000000000e+00,1.148348858698061617e-22,1.148348732480316781e-22,0.000000000000000000e+00
0.000000000000000000e+00,1.894258953979648976e-24,1.894251459801049377e-24,0.000000000000000000e+00
0.000000000000000000e+00,2.623727136958076875e-22,2.623727894264545887e-22,0.000000000000000000e+00
0.000000000000000000e+00,3.822263326446299263e-23,3.822279419208765772e-23,0.000000000000000000e+00
0.000000000000000000e+00,9.404991405244871450e-24,9.405029270568322059e-24,0.000000000000000000e+00
0.000000000000000000e+00,8.524822216827243191e-23,8.524888481143281756e-23,0.000000000000000000e+00
0.000000000000000000e+00,1.326958508675142073e-24,1.326963833486252315e-24,0.000000000000000000e+00
0.000000000000000000e+00,1.813953466030783629e-22,1.813953844684018135e-22,0.000000000000000000e+00
0.000000000000000000e+00,3.451246265502752991e-22,3.451246517938242661e-22,0.000000000000000000e+00
0.000000000000000000e+00,8.121419575825115589e-23,8.121483946874981623e-23,0.000000000000000000e+00
0.000000000000000000e+00,1.357075900638768585e-22,1.357086629147079590e-22,0.000000000000000000e+00
0.000000000000000000e+00,1.104317545976755951e-23,1.104321963597825189e-23,0.000000000000000000e+00
0.000000000000000000e+00,9.812351256537513527e-22,9.812315915568959626e-22,0.000000000000000000e+00
0.000000000000000000e+00,5.109352686642435616e-23,5.109334069525072400e-23,0.000000000000000000e+00
0.000000000000000000e+00,7.118760956982380987e-23,7.118764743514726048e-23,0.000000000000000000e+00
0.000000000000000000e+00,4.103025107283954297e-22,4.103040505848824212e-22,0.000000000000000000e+00
0.000000000000000000e+00,1.981279320617064202e-22,1.981294719181934117e-22,0.000000000000000000e+00
0.000000000000000000e+00,6.869223426733077118e-23,6.869226582176698002e-23,0.000000000000000000e+00
0.000000000000000000e+00,4.956955172717685053e-23,4.956974736468134534e-23,0.000000000000000000e+00
0.000000000000000000e+00,6.114793333907958847e-22,6.114818577456925919e-22,0.000000000000000000e+00
0.000000000000000000e+00,2.405473242746069210e-23,2.405481920216026641e-23,0.000000000000000000e+00
0.000000000000000000e+00,1.089687962717251243e-23,1.089688120489432287e-23,0.000000000000000000e+00
0.000000000000000000e+00,2.144701228801150824e-23,2.144693182419917569e-23,0.000000000000000000e+00
0.000000000000000000e+00,1.814714937685375368e-22,1.814715063903120203e-22,0.000000000000000000e+00
0.000000000000000000e+00,5.597050952938126966e-24,5.597071857752115322e-24,0.000000000000000000e+00
0.000000000000000000e+00,5.198392994736541661e-23,5.198393625825265837e-23,0.000000000000000000e+00
0.000000000000000000e+00,1.807845789358200467e-23,1.807853362422890589e-23,0.000000000000000000e+00
0.000000000000000000e+00,5.257168597403858411e-21,5.257168597403858411e-21,0.000000000000000000e+00
0.000000000000000000e+00,1.404245996238640030e-22,1.404246501109619371e-22,0.000000000000000000e+00
0.000000000000000000e+00,2.642227881560554550e-22,2.642249086141686891e-22,0.000000000000000000e+00
0.000000000000000000e+00,4.501086339542394220e-22,4.501085329800435537e-22,0.000000000000000000e+00
0.000000000000000000e+00,9.208430144630046717e-23,9.208428882452598364e-23,0.000000000000000000e+00
0.000000000000000000e+00,1.743173281030401126e-20,1.743167141799292334e-20,0.000000000000000000e+00
0.000000000000000000e+00,3.660638348740997480e-23,3.660653494870377724e-23,0.000000000000000000e+00
0.000000000000000000e+00,2.523126798049989706e-23,2.523126640277808662e-23,0.000000000000000000e+00
0.000000000000000000e+00,2.044661990877729256e-23,2.044654733357401222e-23,0.000000000000000000e+00
0.000000000000000000e+00,3.402110707180305290e-22,3.402123833825768168e-22,0.000000000000000000e+00
0.000000000000000000e+00,4.901976919256161549e-21,4.901996306301768261e-21,0.000000000000000000e+00
0.000000000000000000e+00,2.329201341338384388e-20,2.329200695103530830e-20,0.000000000000000000e+00
0.000000000000000000e+00,5.557423850650670209e-21,5.557444045489843867e-21,0.000000000000000000e+00
0.000000000000000000e+00,4.260748851006398640e-20,4.260766299347444680e-20,0.000000000000000000e+00
0.000000000000000000e+00,5.803416782728213643e-21,5.803481406213569348e-21,0.000000000000000000e+00
0.000000000000000000e+00,2.577551011147493698e-20,2.577560866229010444e-20,0.000000000000000000e+00
0.000000000000000000e+00,1.081959814284050320e-21,1.081964358122864393e-21,0.000000000000000000e+00
0.000000000000000000e+00,6.008475078723340113e-22,6.008453874142207773e-22,0.000000000000000000e+00
0.000000000000000000e+00,6.972027401248244870e-22,6.972081927314013747e-22,0.000000000000000000e+00
0.000000000000000000e+00,1.658924047068951616e-21,1.658917786668807782e-21,0.000000000000000000e+00
0.000000000000000000e+00,7.381682238240792124e-21,7.381708895428501353e-21,0.000000000000000000e+00
0.000000000000000000e+00,8.869572331094784963e-19,8.869539243870282842e-19,0.000000000000000000e+00
0.000000000000000000e+00,6.307074456132107831e-21,6.307074052235324358e-21,0.000000000000000000e+00
0.000000000000000000e+00,4.350970991381205905e-20,4.350988762839678724e-20,0.000000000000000000e+00
0.000000000000000000e+00,4.312187448983049461e-21,4.312172908698844428e-21,0.000000000000000000e+00
0.000000000000000000e+00,1.380774307119695842e-20,1.380774630237122621e-20,0.000000000000000000e+00
0.000000000000000000e+00,2.323566884273705799e-19,2.323566625779764376e-19,0.000000000000000000e+00
0.000000000000000000e+00,3.653881758773337663e-18,3.653882172363643940e-18,0.000000000000000000e+00
0.000000000000000000e+00,3.622003924025557367e-19,3.621989448364837689e-19,0.000000000000000000e+00
0.000000000000000000e+00,6.424705355350830380e-20,6.424680152191541655e-20,0.000000000000000000e+00
0.000000000000000000e+00,8.110538476319055628e-19,8.110477988736762687e-19,0.000000000000000000e+00
0.000000000000000000e+00,1.237015777342492189e-19,1.237015648095521478e-19,0.000000000000000000e+00
0.000000000000000000e+00,5.010822982654986216e-20,5.010823952007266552e-20,0.000000000000000000e+00
0.000000000000000000e+00,7.072090662043579659e-18,7.072118786184406462e-18,0.000000000000000000e+00
0.000000000000000000e+00,3.294365076320027798e-18,3.294390512123863804e-18,0.000000000000000000e+00
0.000000000000000000e+00,1.420016511473990137e-18,1.420016304678836999e-18,0.000000000000000000e+00
0.000000000000000000e+00,1.663578188479004030e-18,1.663578085081427461e-18,0.000000000000000000e+00
0.000000000000000000e+00,1.710379550549371490e-17,1.710386498866516935e-17,0.000000000000000000e+00
0.000000000000000000e+00,6.406042020401799095e-17,6.406042020401799095e-17,0.000000000000000000e+00
0.000000000000000000e+00,6.408510327349657329e-17,6.408510327349657329e-17,0.000000000000000000e+00
0.000000000000000000e+00,1.134765804271849893e-16,1.134774406950220444e-16,0.000000000000000000e+00
0.000000000000000000e+00,1.780088046002685259e-17,1.780088542311052791e-17,0.000000000000000000e+00
0.000000000000000000e+00,2.174895926069427021e-16,2.174896190767223038e-16,0.000000000000000000e+00
0.000000000000000000e+00,5.992081137210861501e-17,5.992126135836184386e-17,0.000000000000000000e+00
0.000000000000000000e+00,7.369202522980173968e-17,7.369232963226715919e-17,0.000000000000000000e+00
0.000000000000000000e+00,3.808829760512362841e-16,3.808828701721178774e-16,0.000000000000000000e+00
0.000000000000000000e+00,2.088147807782541400e-17,2.088156245024789441e-17,0.000000000000000000e+00
0.000000000000000000e+00,5.544544265037457467e-15,5.544544265037457467e-15,0.000000000000000000e+00
0.000000000000000000e+00,4.685202274698327038e-18,4.685203515469245868e-18,0.000000000000000000e+00
0.000000000000000000e+00,1.025805603519424833e-15,1.025801791871162189e-15,0.000000000000000000e+00
0.000000000000000000e+00,4.363214147979282498e-16,4.363197472018133429e-16,0.000000000000000000e+00
0.000000000000000000e+00,1.135480805958450929e-15,1.135485252881424014e-15,0.000000000000000000e+00
0.000000000000000000e+00,1.146649782400946133e-15,1.146650100038301354e-15,0.000000000000000000e+00
0.000000000000000000e+00,3.395885740374604035e-15,3.395886375649314476e-15,0.000000000000000000e+00
0.000000000000000000e+00,2.021849010371175315e-14,2.021849010371175315e-14,0.000000000000000000e+00
0.000000000000000000e+00,3.472055284035565400e-16,3.472068783623162265e-16,0.000000000000000000e+00
0.000000000000000000e+00,3.993493530925640994e-15,3.993493530925640994e-15,0.000000000000000000e+00
0.000000000000000000e+00,3.329043787056278070e-14,3.329024135891901770e-14,0.000000000000000000e+00
0.000000000000000000e+00,5.886779457046084976e-15,5.886778610013137722e-15,0.000000000000000000e+00
0.000000000000000000e+00,3.933238825783169634e-14,3.933232727145949403e-14,0.000000000000000000e+00
0.000000000000000000e+00,8.201874238372014458e-15,8.201903884525168359e-15,0.000000000000000000e+00
0.000000000000000000e+00,3.101652540761588167e-15,3.101664610981086541e-15,0.000000000000000000e+00
0.000000000000000000e+00,9.436361062117523679e-14,9.436395621061771655e-14,0.000000000000000000e+00
0.000000000000000000e+00,1.739017594206207495e-14,1.739017763612796946e-14,0.000000000000000000e+00
1.000000000000000000e+00,1.000000000000000000e+00,1.000000000000000000e+00,9.960937500000000000e-01
1.000000000000000000e+00,1.000000000000000000e+00,1.000000000000000000e+00,9.960937500000000000e-01
1.000000000000000000e+00,1.000000000000000000e+00,1.000000000000000000e+00,9.960937500000000000e-01
1.000000000000000000e+00,1.000000000000000000e+00,1.000000000000000000e+00,9.960937500000000000e-01
1.000000000000000000e+00,1.000000000000000000e+00,1.000000000000000000e+00,9.960937500000000000e-01
0.000000000000000000e+00,1.224019664921791040e-13,1.224021562275592889e-13,0.000000000000000000e+00
0.000000000000000000e+00,4.030758474389550816e-13,4.030749800772170932e-13,0.000000000000000000e+00
0.000000000000000000e+00,1.475384620247890965e-13,1.475388008379679983e-13,0.000000000000000000e+00
0.000000000000000000e+00,2.111024029194386031e-12,2.111027498641337985e-12,0.000000000000000000e+00
0.000000000000000000e+00,1.411937927686679473e-11,1.411938014422853271e-11,0.000000000000000000e+00
0.000000000000000000e+00,6.228500788046931191e-12,6.228523339452118890e-12,0.000000000000000000e+00
0.000000000000000000e+00,2.350387245941831793e-11,2.350378225379756714e-11,0.000000000000000000e+00
0.000000000000000000e+00,5.932565549926493986e-11,5.932542651576611092e-11,0.000000000000000000e+00
0.000000000000000000e+00,8.236959031515667107e-11,8.236974990971646093e-11,0.000000000000000000e+00
0.000000000000000000e+00,4.757729973881019703e-11,4.757739341387789977e-11,0.000000000000000000e+00
0.000000000000000000e+00,1.745111555262468528e-10,1.745115441043054716e-10,0.000000000000000000e+00
0.000000000000000000e+00,6.093339166568512155e-10,6.093340276791536780e-10,0.000000000000000000e+00
0.000000000000000000e+00,4.462939739990900989e-11,4.462932107207606691e-11,0.000000000000000000e+00
0.000000000000000000e+00,4.728847535773184063e-09,4.728857305735800765e-09,0.000000000000000000e+00
0.000000000000000000e+00,9.918748045123493284e-10,9.918728061109050032e-10,0.000000000000000000e+00
0.000000000000000000e+00,2.313500058193085351e-09,2.313500058193085351e-09,0.000000000000000000e+00
0.000000000000000000e+00,2.650478281296386740e-09,2.650473618359683314e-09,0.000000000000000000e+00
0.000000000000000000e+00,6.654375273029700111e-09,6.654373940762070561e-09,0.000000000000000000e+00
0.000000000000000000e+00,1.133093974203802645e-08,1.133096372285535836e-08,0.000000000000000000e+00
0.000000000000000000e+00,3.918692925708455732e-09,3.918685376191888281e-09,0.000000000000000000e+00
0.000000000000000000e+00,1.269383744784136070e-07,1.269383318458494614e-07,0.000000000000000000e+00
0.000000000000000000e+00,6.936106444754841505e-08,6.936105734212105745e-08,0.000000000000000000e+00
0.000000000000000000e+00,2.117738944207303575e-07,2.117741075835510856e-07,0.000000000000000000e+00
0.000000000000000000e+00,2.241972225647259620e-07,2.241972225647259620e-07,0.000000000000000000e+00
0.000000000000000000e+00,2.265197281303699128e-06,2.265192506456514820e-06,0.000000000000000000e+00
0.000000000000000000e+00,8.348479241249151528e-09,8.348460589502337825e-09,0.000000000000000000e+00
0.000000000000000000e+00,1.059433074601656699e-07,1.059432790384562395e-07,0.000000000000000000e+00
0.000000000000000000e+00,3.674746039905585349e-06,3.674739218695322052e-06,0.000000000000000000e+00
0.000000000000000000e+00,3.413745019997804775e-08,3.413743954183701135e-08,0.000000000000000000e+00
0.000000000000000000e+00,6.705789019179064780e-06,6.705800842610187829e-06,0.000000000000000000e+00
0.000000000000000000e+00,6.726552470581736998e-08,6.726526180500513874e-08,0.000000000000000000e+00
0.000000000000000000e+00,4.039776285935658962e-06,4.039775831188308075e-06,0.000000000000000000e+00
0.000000000000000000e+00,1.162560238299192861e-06,1.162560351986030582e-06,0.000000000000000000e+00
0.000000000000000000e+00,2.127911557181505486e-06,2.127915195160312578e-06,0.000000000000000000e+00
0.000000000000000000e+00,7.800538810442958493e-07,7.800487651365983766e-07,0.000000000000000000e+00
0.000000000000000000e+00,3.826225452030485030e-07,3.826239947102294536e-07,0.000000000000000000e+00
0.000000000000000000e+00,1.721961325529264286e-06,1.721959392853023019e-06,0.000000000000000000e+00
0.000000000000000000e+00,2.509386263227497693e-07,2.509379157800140092e-07,0.000000000000000000e+00
0.000000000000000000e+00,1.329120777882053517e-07,1.329121772641883581e-07,0.000000000000000000e+00
0.000000000000000000e+00,5.411343408923130482e-07,5.411321239989774767e-07,0.000000000000000000e+00
0.000000000000000000e+00,7.440518601242729346e-08,7.440504390388014144e-08,0.000000000000000000e+00
0.000000000000000000e+00,5.981088690987235168e-08,5.981099349128271569e-08,0.000000000000000000e+00
0.000000000000000000e+00,3.010981401985191042e-07,3.010976286077493569e-07,0.000000000000000000e+00
0.000000000000000000e+00,1.819722825757708051e-07,1.819723252083349507e-07,0.000000000000000000e+00
0.000000000000000000e+00,8.401063844587497442e-09,8.401061180052238342e-09,0.000000000000000000e+00
0.000000000000000000e+00,3.181907237692627177e-10,3.181895857906624769e-10,0.000000000000000000e+00
0.000000000000000000e+00,1.886410316842557222e-08,1.886406764128878422e-08,0.000000000000000000e+00
0.000000000000000000e+00,3.793969582943645946e-10,3.793954872488569663e-10,0.000000000000000000e+00
0.000000000000000000e+00,4.203829784277246517e-10,4.203828951609978049e-10,0.000000000000000000e+00
0.000000000000000000e+00,1.289711254459646739e-10,1.289700984896668956e-10,0.000000000000000000e+00
0.000000000000000000e+00,1.489713352675892111e-09,1.489710355073725623e-09,0.000000000000000000e+00
0.000000000000000000e+00,1.369499739306556663e-11,1.369499912778904260e-11,0.000000000000000000e+00
0.000000000000000000e+00,1.644821084889613871e-10,1.644814839885100355e-10,0.000000000000000000e+00
0.000000000000000000e+00,1.039219932330581742e-09,1.039218044951439879e-09,0.000000000000000000e+00
0.000000000000000000e+00,5.767875326662119662e-12,5.767864050959525812e-12,0.000000000000000000e+00
0.000000000000000000e+00,9.455574344341410864e-12,9.455576079064886841e-12,0.000000000000000000e+00
0.000000000000000000e+00,4.625311592065806110e-11,4.625303612337816617e-11,0.000000000000000000e+00
0.000000000000000000e+00,2.844397460621816975e-11,2.844397287149469378e-11,0.000000000000000000e+00
0.000000000000000000e+00,5.438103987303113951e-14,5.438114829324838806e-14,0.000000000000000000e+00
0.000000000000000000e+00,1.069741192329110024e-12,1.069741192329110024e-12,0.000000000000000000e+00
0.000000000000000000e+00,2.517309277694224079e-12,2.517295399906416264e-12,0.000000000000000000e+00
0.000000000000000000e+00,2.866652566908302335e-14,2.866652566908302335e-14,0.000000000000000000e+00
0.000000000000000000e+00,3.705381541960900416e-14,3.705382558400437121e-14,0.000000000000000000e+00
0.000000000000000000e+00,4.243080682680066759e-15,4.243080682680066759e-15,0.000000000000000000e+00
0.000000000000000000e+00,3.241007248276812913e-15,3.241007671793286540e-15,0.000000000000000000e+00
0.000000000000000000e+00,6.221806398673578389e-15,6.221829268563154255e-15,0.000000000000000000e+00
0.000000000000000000e+00,1.144517694593588653e-14,1.144518033406767554e-14,0.000000000000000000e+00
0.000000000000000000e+00,6.401426087885957183e-16,6.401428734863917353e-16,0.000000000000000000e+00
0.000000000000000000e+00,3.062814888989896420e-17,3.062825807773982120e-17,0.000000000000000000e+00
0.000000000000000000e+00,1.233949974263539445e-15,1.233950080142657852e-15,0.000000000000000000e+00
0.000000000000000000e+00,1.355161553685932298e-15,1.355161871323287519e-15,0.000000000000000000e+00
0.000000000000000000e+00,4.133259062655173877e-17,4.133276268011914980e-17,0.000000000000000000e+00
0.000000000000000000e+00,2.545007683747520349e-18,2.545018437095483539e-18,0.000000000000000000e+00
0.000000000000000000e+00,2.805656017075735858e-18,2.805656637461195273e-18,0.000000000000000000e+00
0.000000000000000000e+00,4.307099257471256918e-18,4.307082713859005857e-18,0.000000000000000000e+00
0.000000000000000000e+00,2.209547688253937050e-18,2.209556580445521995e-18,0.000000000000000000e+00
0.000000000000000000e+00,5.086493852832249322e-19,5.086493852832249322e-19,0.000000000000000000e+00
0.000000000000000000e+00,6.922160143512857197e-20,6.922162082217417868e-20,0.000000000000000000e+00
0.000000000000000000e+00,6.822645792178753068e-20,6.822647084648460182e-20,0.000000000000000000e+00
0.000000000000000000e+00,2.559766789536316993e-20,2.559766627977603603e-20,0.000000000000000000e+00
0.000000000000000000e+00,5.049042200467273964e-21,5.049043412157624383e-21,0.000000000000000000e+00
0.000000000000000000e+00,1.778164798087241478e-20,1.778172068229343995e-20,0.000000000000000000e+00
0.000000000000000000e+00,4.008927203667197368e-21,4.008928011460764314e-21,0.000000000000000000e+00
0.000000000000000000e+00,1.415757584682153342e-21,1.415762835340338493e-21,0.000000000000000000e+00
0.000000000000000000e+00,3.491583184832727614e-22,3.491582427526258602e-22,0.000000000000000000e+00
0.000000000000000000e+00,6.297331960843755918e-22,6.297334990069631967e-22,0.000000000000000000e+00
0.000000000000000000e+00,5.856605596734108287e-23,5.856628315928178652e-23,0.000000000000000000e+00
0.000000000000000000e+00,1.334359956675332955e-23,1.334360272219695043e-23,0.000000000000000000e+00
0.000000000000000000e+00,4.009425782691958773e-24,4.009411583195664794e-24,0.000000000000000000e+00
0.000000000000000000e+00,3.594864388641117870e-23,3.594852082410996422e-23,0.000000000000000000e+00
0.000000000000000000e+00,7.013015355650384816e-25,7.012963093615413924e-25,0.000000000000000000e+00
0.000000000000000000e+00,1.553455216402260880e-25,1.553455832699843084e-25,0.000000000000000000e+00
0.000000000000000000e+00,5.015572211976469664e-25,5.015534741083471666e-25,0.000000000000000000e+00
0.000000000000000000e+00,5.041660828188260051e-25,5.041661321226325814e-25,0.000000000000000000e+00
0.000000000000000000e+00,1.026074152760089973e-25,1.026070701493629631e-25,0.000000000000000000e+00
1.000000000000000000e+00,9.994572997093200684e-01,9.994572997093200684e-01,9.960937500000000000e-01
1.000000000000000000e+00,9.994572997093200684e-01,9.994572997093200684e-01,9.960937500000000000e-01
1.000000000000000000e+00,9.994572997093200684e-01,9.994572997093200684e-01,9.960937500000000000e-01
1.000000000000000000e+00,9.994572997093200684e-01,9.994572997093200684e-01,9.960937500000000000e-01
1.000000000000000000e+00,9.994572997093200684e-01,9.994572997093200684e-01,9.960937500000000000e-01
0.000000000000000000e+00,1.315609967248212263e-28,1.315600578339733376e-28,0.000000000000000000e+00
0.000000000000000000e+00,3.294634790936666104e-29,3.294636295569435156e-29,0.000000000000000000e+00
0.000000000000000000e+00,9.054086310372438357e-30,9.054091576587130041e-30,0.000000000000000000e+00
0.000000000000000000e+00,4.414144464761493339e-29,4.414145668467708581e-29,0.000000000000000000e+00
0.000000000000000000e+00,8.818114602738653484e-29,8.818181408433599416e-29,0.000000000000000000e+00
0.000000000000000000e+00,1.450552957140688238e-29,1.450564241886456132e-29,0.000000000000000000e+00
0.000000000000000000e+00,5.968975995961367031e-30,5.968976748277751557e-30,0.000000000000000000e+00
0.000000000000000000e+00,9.990924274926939792e-31,9.990927096113381766e-31,0.000000000000000000e+00
0.000000000000000000e+00,1.007366215010617699e-30,1.007382107694240817e-30,0.000000000000000000e+00
0.000000000000000000e+00,4.067582850455455278e-31,4.067552757800074228e-31,0.000000000000000000e+00
0.000000000000000000e+00,6.891186931660281496e-32,6.891241592147594732e-32,0.000000000000000000e+00
0.000000000000000000e+00,1.343517514988428886e-31,1.343518102735604298e-31,0.000000000000000000e+00
0.000000000000000000e+00,7.917680908296914540e-32,7.917682671538440773e-32,0.000000000000000000e+00
0.000000000000000000e+00,1.417414144506826415e-31,1.417425664351464473e-31,0.000000000000000000e+00
0.000000000000000000e+00,3.312881387891372852e-31,3.312881387891372852e-31,0.000000000000000000e+00
0.000000000000000000e+00,3.145257597930923345e-32,3.145282577185878319e-32,0.000000000000000000e+00
0.000000000000000000e+00,2.966622717287451308e-32,2.966623305034626719e-32,0.000000000000000000e+00
0.000000000000000000e+00,1.453780295688780441e-32,1.453780589562368147e-32,0.000000000000000000e+00
0.000000000000000000e+00,8.190383989680970872e-33,8.190387663100817191e-33,0.000000000000000000e+00
0.000000000000000000e+00,6.851181020178059648e-34,6.851182856887982808e-34,0.000000000000000000e+00
0.000000000000000000e+00,3.513809753997059737e-33,3.513810121339044369e-33,0.000000000000000000e+00
0.000000000000000000e+00,6.351116080611161953e-34,6.351166590134048848e-34,0.000000000000000000e+00
0.000000000000000000e+00,2.523641041542781259e-34,2.523642189486483233e-34,0.000000000000000000e+00
0.000000000000000000e+00,7.511817569712320237e-34,7.511818947244762607e-34,0.000000000000000000e+00
0.000000000000000000e+00,7.238167535793180394e-34,7.238168913325622764e-34,0.000000000000000000e+00
0.000000000000000000e+00,6.326335741340866553e-33,6.326384965166807236e-33,0.000000000000000000e+00
0.000000000000000000e+00,2.706203257995900175e-33,2.706203809008877123e-33,0.000000000000000000e+00
0.000000000000000000e+00,2.439418248838806728e-34,2.439419167193768308e-34,0.000000000000000000e+00
0.000000000000000000e+00,8.036191365112238205e-35,8.036252780100293862e-35,0.000000000000000000e+00
0.000000000000000000e+00,1.640882298875423879e-33,1.640894788502901366e-33,0.000000000000000000e+00
0.000000000000000000e+00,2.796742587961117498e-34,2.796743965493559868e-34,0.000000000000000000e+00
0.000000000000000000e+00,1.850749848606828125e-34,1.850764427491843206e-34,0.000000000000000000e+00
0.000000000000000000e+00,5.377962878473776482e-34,5.377965633538661221e-34,0.000000000000000000e+00
0.000000000000000000e+00,2.262677851829127507e-34,2.262678540595348692e-34,0.000000000000000000e+00
0.000000000000000000e+00,7.797479227351444540e-34,7.797539838778908814e-34,0.000000000000000000e+00
0.000000000000000000e+00,1.315033910253917452e-34,1.315034599020138637e-34,0.000000000000000000e+00
0.000000000000000000e+00,6.725744752685782612e-34,6.725695161517857297e-34,0.000000000000000000e+00
0.000000000000000000e+00,7.798047321730677873e-33,7.798109035184096043e-33,0.000000000000000000e+00
0.000000000000000000e+00,2.744523822819729800e-33,2.744503619010575041e-33,0.000000000000000000e+00
0.000000000000000000e+00,3.622348978962487575e-34,3.622349208551227970e-34,0.000000000000000000e+00
0.000000000000000000e+00,1.496652631778383206e-33,1.496652999120367838e-33,0.000000000000000000e+00
0.000000000000000000e+00,3.993607517916850351e-34,3.993607977094331141e-34,0.000000000000000000e+00
0.000000000000000000e+00,4.937039539255144337e-33,4.937002805056681140e-33,0.000000000000000000e+00
0.000000000000000000e+00,1.357498437047506233e-33,1.357498437047506233e-33,0.000000000000000000e+00
0.000000000000000000e+00,2.291980721943219343e-33,2.291999456384435573e-33,0.000000000000000000e+00
0.000000000000000000e+00,2.927944287902193223e-34,2.927967476364973115e-34,0.000000000000000000e+00
0.000000000000000000e+00,1.646249165270896886e-33,1.646261654898374373e-33,0.000000000000000000e+00
0.000000000000000000e+00,2.873551482693158166e-32,2.873551482693158166e-32,0.000000000000000000e+00
0.000000000000000000e+00,8.548002725853315314e-32,8.548067965789785951e-32,0.000000000000000000e+00
0.000000000000000000e+00,7.735803132613111516e-32,7.735863082825003453e-32,0.000000000000000000e+00
0.000000000000000000e+00,3.589120150571191230e-32,3.589121913812717464e-32,0.000000000000000000e+00
0.000000000000000000e+00,5.156380026026065958e-32,5.156381201520416780e-32,0.000000000000000000e+00
0.000000000000000000e+00,2.720406374201221857e-31,2.720407549695572680e-31,0.000000000000000000e+00
0.000000000000000000e+00,1.078529511596086318e-32,1.078529732001277098e-32,0.000000000000000000e+00
0.000000000000000000e+00,1.727850565164919405e-31,1.727864083349953862e-31,0.000000000000000000e+00
0.000000000000000000e+00,7.760368260908290434e-31,7.760369671501511421e-31,0.000000000000000000e+00
0.000000000000000000e+00,8.591517058182619671e-31,8.591518938973580986e-31,0.000000000000000000e+00
0.000000000000000000e+00,7.792702819115229261e-31,7.792704699906190577e-31,0.000000000000000000e+00
0.000000000000000000e+00,4.440641123056146810e-30,4.440642627688915862e-30,0.000000000000000000e+00
0.000000000000000000e+00,3.615066802112061058e-30,3.615095013976480793e-30,0.000000000000000000e+00
0.000000000000000000e+00,1.484951871506767133e-29,1.484963457179088838e-29,0.000000000000000000e+00
0.000000000000000000e+00,7.191150976590401599e-29,7.191152180296616841e-29,0.000000000000000000e+00
0.000000000000000000e+00,7.931896584659374759e-30,7.931899593924912864e-30,0.000000000000000000e+00
0.000000000000000000e+00,3.297869029166399894e-28,3.297881788452281459e-28,0.000000000000000000e+00
0.000000000000000000e+00,3.195038333128218307e-28,3.195063610958738389e-28,0.000000000000000000e+00
0.000000000000000000e+00,9.403069841768854129e-28,9.403037100959799546e-28,0.000000000000000000e+00
0.000000000000000000e+00,7.834952162477003566e-28,7.834983458838599859e-28,0.000000000000000000e+00
0.000000000000000000e+00,1.214719838221995255e-26,1.214719992296390806e-26,0.000000000000000000e+00
0.000000000000000000e+00,1.822181446434056529e-27,1.822181446434056529e-27,0.000000000000000000e+00
0.000000000000000000e+00,1.466629703092296868e-26,1.466646651275807476e-26,0.000000000000000000e+00
0.000000000000000000e+00,3.342657570025295033e-26,3.342671436720894621e-26,0.000000000000000000e+00
0.000000000000000000e+00,2.452202227049263696e-25,2.452240190980327457e-25,0.000000000000000000e+00
0.000000000000000000e+00,3.347930119100565970e-25,3.347930365619598852e-25,0.000000000000000000e+00
0.000000000000000000e+00,6.917628267143323121e-25,6.917682501330557066e-25,0.000000000000000000e+00
0.000000000000000000e+00,2.052546261194960658e-24,2.052538767016361059e-24,0.000000000000000000e+00
0.000000000000000000e+00,1.772126719772426708e-25,1.772126966291459589e-25,0.000000000000000000e+00
0.000000000000000000e+00,8.378763831364667634e-25,8.378799330105402580e-25,0.000000000000000000e+00
0.000000000000000000e+00,3.317548226019723380e-23,3.317561794427293181e-23,0.000000000000000000e+00
0.000000000000000000e+00,2.406005408312731304e-23,2.405995784209687608e-23,0.000000000000000000e+00
0.000000000000000000e+00,4.269189001311280529e-22,4.269189506182259870e-22,0.000000000000000000e+00
0.000000000000000000e+00,8.513838117582945823e-23,8.513871565285327194e-23,0.000000000000000000e+00
0.000000000000000000e+00,1.296354436864648510e-22,1.296354563082393346e-22,0.000000000000000000e+00
0.000000000000000000e+00,1.378768616277485660e-21,1.378768515303289792e-21,0.000000000000000000e+00
0.000000000000000000e+00,2.241430450542475718e-21,2.241422776503589728e-21,0.000000000000000000e+00
0.000000000000000000e+00,5.015027628950298486e-21,5.015028840640648905e-21,0.000000000000000000e+00
0.000000000000000000e+00,2.410428054110390866e-20,2.410418037470160732e-20,0.000000000000000000e+00
0.000000000000000000e+00,6.167320918392209997e-21,6.167319706701859577e-21,0.000000000000000000e+00
0.000000000000000000e+00,2.663035603810874209e-20,2.663036088487014377e-20,0.000000000000000000e+00
0.000000000000000000e+00,1.812206285285867607e-19,1.812206673026779742e-19,0.000000000000000000e+00
0.000000000000000000e+00,6.020620646782257945e-19,6.020646496176400227e-19,0.000000000000000000e+00
0.000000000000000000e+00,2.251786632258191717e-18,2.251787252643651131e-18,0.000000000000000000e+00
0.000000000000000000e+00,2.762727411235765105e-18,2.762728238416377658e-18,0.000000000000000000e+00
0.000000000000000000e+00,3.473271835106059389e-17,3.473272496850549431e-17,0.000000000000000000e+00
0.000000000000000000e+00,3.636250404016769879e-18,3.636236755536662754e-18,0.000000000000000000e+00
0.000000000000000000e+00,2.721185193189657727e-16,2.721185722585249761e-16,0.000000000000000000e+00
