timestamp_ms,temperature_c,humidity_percent,light_raw,anomaly
1098,24.34,50.25,651.7,0
1198,24.12,50.27,661.74,0
1298,24.14,49.51,655.1,0
1398,24.16,50.32,681.93,0
1498,24.21,49.38,686.73,0
1598,24.44,49.92,704.37,0
1698,24.35,49.8,696.93,0
1798,24.25,50.0,699.2,0
1898,24.51,49.92,732.84,0
1998,24.66,49.81,725.71,0
2098,24.65,49.46,740.72,0
2198,24.42,50.19,753.56,0
2298,24.38,49.48,736.94,0
2398,24.67,49.1,753.65,0
2498,24.74,49.49,748.91,0
2598,24.73,49.04,776.13,0
2698,24.79,49.2,774.98,0
2798,24.61,49.77,793.14,0
2898,24.53,49.59,778.18,0
2998,24.53,49.14,782.93,0
3098,24.84,49.72,801.11,0
3198,24.87,49.66,812.98,0
3298,24.75,49.65,820.79,0
3398,24.65,49.43,822.2,0
3498,24.74,49.27,816.93,0
3598,24.67,49.17,825.06,0
3698,24.76,49.88,810.61,0
3798,24.91,49.02,826.44,0
3898,24.69,49.38,838.98,0
3998,24.97,48.86,826.32,0
4098,25.07,49.35,833.88,0
4198,25.04,49.05,833.52,0
4298,24.76,49.59,841.2,0
4398,24.8,49.76,858.98,0
4498,25.13,48.85,860.15,0
4598,25.16,49.3,852.28,0
4698,25.0,49.79,836.33,0
4798,24.85,49.69,858.92,0
4898,25.18,49.35,863.77,0
4998,25.18,49.66,855.8,0
5098,24.91,49.6,860.92,0
5198,24.88,49.45,850.77,0
5298,24.98,49.13,837.44,0
5398,24.93,49.78,858.02,0
5498,25.18,49.28,850.12,0
5598,25.15,48.76,859.46,0
5698,24.98,49.35,855.12,0
5798,25.21,49.33,826.75,0
5898,25.16,49.16,828.06,0
5998,25.02,49.59,822.54,0
6098,25.03,49.39,825.25,0
6198,25.23,49.3,834.68,0
6298,25.2,48.77,819.26,0
6398,24.98,49.16,832.19,0
6498,25.07,49.63,820.22,0
6598,24.99,49.06,824.03,0
6698,25.05,49.12,817.24,0
6798,25.07,49.58,791.83,0
6898,25.3,48.95,787.26,0
6998,25.22,49.04,796.41,0
7098,25.07,48.87,794.96,0
7198,25.22,48.88,779.21,0
7298,25.3,49.24,765.74,0
7398,25.29,48.93,755.01,0
7498,25.32,48.78,754.71,0
7598,25.01,49.01,769.2,0
7698,25.07,48.78,741.13,0
7798,25.06,49.67,729.25,0
7898,25.17,49.59,739.42,0
7998,25.34,49.47,737.44,0
8098,25.05,49.66,709.01,0
8198,25.32,48.92,712.58,0
8298,25.25,49.58,715.14,0
8398,25.17,49.37,701.46,0
8498,25.2,49.32,699.89,0
8598,25.31,49.35,685.11,0
8698,25.07,49.12,667.07,0
8798,25.03,49.4,664.91,0
8898,25.11,49.15,662.33,0
8998,25.32,48.61,639.0,0
9098,25.22,49.45,635.29,0
9198,24.94,49.83,613.26,0
9298,24.95,49.7,608.29,0
9398,25.24,49.62,606.97,0
9498,25.01,49.32,594.22,0
9598,25.14,49.12,597.7,0
9698,25.2,49.42,569.97,0
9798,24.92,49.66,565.99,0
9898,25.05,49.67,547.53,0
9998,24.92,49.84,541.32,0
10098,24.88,49.31,553.76,0
10198,24.93,49.73,544.69,0
10298,25.16,49.47,510.68,0
10398,25.14,49.65,526.86,0
10498,24.78,49.05,505.37,0
10598,24.84,49.18,491.58,0
10698,24.99,49.75,476.11,0
10798,24.89,49.6,466.07,0
10898,24.98,48.91,457.61,0
10998,25.0,49.2,449.13,0
11098,32.9,49.05,447.71,1
11198,32.69,49.17,450.72,1
11298,32.72,49.34,430.81,1
11398,32.83,49.52,434.36,1
11498,32.71,49.03,423.33,1
11598,24.76,49.88,420.0,0
11698,24.76,49.55,396.0,0
11798,24.61,49.27,388.05,0
11898,24.84,49.23,385.78,0
11998,24.72,49.38,361.74,0
12098,24.83,48.98,377.08,0
12198,24.8,49.51,349.42,0
12298,24.63,49.13,339.76,0
12398,24.66,49.7,355.22,0
12498,24.44,49.54,336.5,0
12598,24.68,49.8,323.3,0
12698,24.59,49.48,314.52,0
12798,24.48,49.89,308.06,0
12898,24.59,49.98,319.03,0
12998,24.31,50.01,307.28,0
13098,24.53,49.81,316.02,0
13198,24.61,49.51,292.59,0
13298,24.24,49.75,298.13,0
13398,24.59,49.94,295.79,0
13498,24.27,49.56,282.59,0
13598,24.28,50.01,269.04,0
13698,24.3,49.62,275.08,0
13798,24.28,50.02,260.65,0
13898,24.25,49.34,276.22,0
13998,24.13,50.29,268.55,0
14098,24.34,49.28,250.46,0
14198,24.3,49.58,257.41,0
14298,24.37,49.48,244.09,0
14398,24.16,49.44,248.56,0
14498,24.03,50.34,268.53,0
14598,24.23,49.4,240.77,0
14698,23.92,49.77,258.5,0
14798,24.07,50.25,265.41,0
14898,23.98,50.09,236.62,0
14998,23.9,49.68,238.5,0
15098,24.07,49.98,240.63,0
15198,24.01,50.36,236.82,0
15298,24.08,49.87,243.25,0
15398,23.88,50.48,245.36,0
15498,23.77,49.98,265.72,0
15598,23.79,50.54,244.41,0
15698,23.94,50.33,269.51,0
15798,23.82,49.8,256.5,0
15898,23.77,50.12,255.79,0
15998,23.87,49.94,255.81,0
16098,23.85,49.87,281.64,0
16198,23.81,49.86,264.19,0
16298,23.59,49.84,282.0,0
16398,23.67,50.31,278.71,0
16498,23.49,50.77,273.59,0
16598,23.59,50.73,275.85,0
16698,23.49,50.02,305.64,0
16798,23.62,49.89,286.03,0
16898,23.46,49.97,298.26,0
16998,23.58,50.56,298.01,0
17098,23.64,50.29,326.69,0
17198,23.33,50.59,304.87,0
17298,23.53,50.35,323.44,0
17398,23.62,50.64,345.31,0
17498,23.36,50.4,344.6,0
17598,23.19,50.54,350.88,0
17698,23.39,50.34,365.14,0
17798,23.22,50.7,366.7,0
17898,23.16,50.19,365.31,0
17998,23.12,50.79,376.78,0
18098,23.37,50.69,372.68,0
18198,23.15,50.31,391.43,0
18298,23.05,50.98,391.14,0
18398,23.29,50.86,409.39,0
18498,23.33,50.73,415.03,0
18598,23.12,50.3,408.55,0
18698,23.04,50.97,419.33,0
18798,23.07,51.08,453.15,0
18898,22.96,50.4,435.26,0
18998,23.2,50.96,450.92,0
19098,23.15,50.11,455.65,0
19198,22.97,50.36,475.47,0
19298,23.05,50.21,489.14,0
19398,23.01,50.44,481.32,0
19498,22.89,50.5,514.03,0
19598,23.19,50.72,502.35,0
19698,23.04,50.63,536.3,0
19798,22.95,50.29,537.75,0
19898,23.11,50.66,537.29,0
19998,23.05,51.16,554.67,0
20098,22.88,51.2,571.71,0
20198,23.11,50.31,569.03,0
20298,22.9,50.47,578.8,0
20398,23.05,50.46,582.91,0
20498,22.77,50.82,590.86,0
20598,22.74,50.48,611.75,0
20698,22.8,50.36,606.5,0
20798,22.81,50.56,610.08,0
20898,22.95,50.34,631.47,0
20998,22.77,51.34,632.93,0
21098,22.67,20.87,659.67,1
21198,22.69,20.57,652.46,1
21298,22.81,21.22,660.22,1
21398,23.03,20.34,687.68,1
21498,22.71,21.31,687.09,1
21598,22.96,50.69,707.58,0
21698,22.72,51.13,693.36,0
21798,22.63,51.29,702.65,0
21898,22.94,50.57,725.25,0
21998,22.87,51.11,732.78,0
22098,22.79,50.74,719.22,0
22198,22.84,50.62,754.07,0
22298,22.82,50.67,740.71,0
22398,22.73,50.59,757.82,0
22498,22.99,50.62,766.03,0
22598,22.74,51.1,778.05,0
22698,22.86,51.15,778.94,0
22798,22.86,50.94,793.12,0
22898,22.85,51.27,784.28,0
22998,22.98,50.38,785.86,0
23098,22.74,51.04,792.05,0
23198,22.68,51.33,812.63,0
23298,22.82,51.31,820.24,0
23398,22.93,51.06,826.01,0
23498,22.88,50.38,828.94,0
23598,23.01,51.0,822.2,0
23698,22.91,50.51,819.98,0
23798,22.93,50.72,814.19,0
23898,22.68,51.05,835.47,0
23998,22.94,50.81,825.12,0
24098,22.7,50.67,839.25,0
24198,23.0,50.92,850.4,0
24298,22.76,50.82,844.31,0
24398,22.71,50.41,839.48,0
24498,23.06,50.49,833.03,0
24598,23.08,50.7,844.22,0
24698,22.75,50.47,845.29,0
24798,22.9,50.36,864.01,0
24898,23.02,50.52,853.75,0
24998,22.97,50.49,863.37,0
25098,23.02,51.08,837.79,0
25198,22.83,50.39,852.48,0
25298,23.05,50.89,857.69,0
25398,22.96,50.27,851.99,0
25498,23.08,50.87,841.89,0
25598,22.99,50.26,829.82,0
25698,23.08,51.01,835.06,0
25798,23.16,50.18,840.48,0
25898,22.92,51.22,847.12,0
25998,23.29,50.84,849.03,0
26098,23.31,50.43,826.76,0
26198,23.33,50.06,832.29,0
26298,23.27,50.76,839.74,0
26398,23.03,50.34,835.99,0
26498,23.04,50.19,810.03,0
26598,23.32,50.74,814.75,0
26698,23.19,50.39,809.64,0
26798,23.44,50.29,791.9,0
26898,23.24,50.8,794.91,0
26998,23.28,50.9,799.15,0
27098,23.28,50.75,790.39,0
27198,23.26,50.26,777.59,0
27298,23.21,50.87,785.8,0
27398,23.23,50.89,778.86,0
27498,23.28,50.57,758.18,0
27598,23.56,50.51,755.69,0
27698,23.32,50.74,747.73,0
27798,23.55,49.82,749.24,0
27898,23.67,50.1,726.34,0
27998,23.47,50.38,731.48,0
28098,23.66,50.55,726.33,0
28198,23.52,50.75,710.85,0
28298,23.51,50.12,704.15,0
28398,23.46,49.95,708.94,0
28498,23.52,50.37,674.89,0
28598,23.6,50.73,692.69,0
28698,23.85,49.97,665.03,0
28798,23.7,50.16,657.55,0
28898,23.91,50.08,652.44,0
28998,23.66,50.36,631.78,0
29098,23.72,50.58,641.6,0
29198,23.83,50.27,626.48,0
29298,23.86,49.86,611.44,0
29398,24.01,49.6,600.98,0
29498,23.92,49.84,608.06,0
29598,23.85,50.02,584.01,0
29698,23.88,49.68,590.72,0
29798,23.8,50.4,554.87,0
29898,23.79,49.95,568.56,0
29998,23.93,49.67,546.38,0
30098,24.14,49.44,545.57,0
30198,24.02,49.63,529.21,0
30298,24.23,50.08,523.37,0
30398,24.0,50.1,521.79,0
30498,24.0,49.67,490.75,0
30598,24.21,49.48,501.49,0
30698,24.01,50.48,473.02,0
30798,24.1,49.71,462.65,0
30898,24.33,49.29,463.57,0
30998,24.26,50.06,470.19,0
31098,24.34,49.88,1023.0,1
31198,24.47,50.09,1023.0,1
31298,24.44,50.08,1023.0,1
31398,24.42,49.28,1023.0,1
31498,24.29,49.34,1023.0,1
31598,24.31,50.02,397.49,0
31698,24.22,50.23,399.57,0
31798,24.35,49.89,395.95,0
31898,24.42,50.13,381.44,0
31998,24.62,49.25,387.11,0
32098,24.31,49.77,353.91,0
32198,24.45,50.17,346.82,0
32298,24.36,49.51,338.78,0
32398,24.68,49.53,359.29,0
32498,24.63,49.31,331.92,0
32598,24.64,49.07,324.61,0
32698,24.67,49.83,311.22,0
32798,24.81,49.83,327.93,0
32898,24.6,49.92,323.58,0
32998,24.82,49.46,298.45,0
33098,24.79,49.15,291.63,0
33198,24.88,49.71,290.6,0
33298,24.83,49.39,289.64,0
33398,24.7,49.89,275.39,0
33498,24.97,49.07,289.76,0
33598,24.65,49.84,272.47,0
33698,24.64,49.21,266.28,0
33798,24.7,49.82,284.79,0
33898,24.83,49.42,254.67,0
33998,25.05,49.17,269.41,0
34098,25.03,49.25,262.88,0
34198,24.9,49.34,245.87,0
34298,24.85,49.65,247.85,0
34398,24.84,49.64,243.19,0
34498,25.12,49.37,254.56,0
34598,25.01,49.65,250.65,0
34698,25.18,49.57,264.85,0
34798,24.85,49.55,260.32,0
34898,25.2,48.67,240.6,0
34998,24.87,49.1,261.76,0
35098,24.93,49.7,263.56,0
35198,25.14,49.23,264.71,0
35298,25.15,49.47,260.09,0
35398,25.22,49.04,250.23,0
35498,24.9,49.47,242.65,0
35598,24.96,49.41,248.64,0
35698,25.29,49.08,270.74,0
35798,24.98,49.55,266.33,0
35898,25.09,49.7,272.62,0
35998,25.05,49.48,264.86,0
36098,25.26,48.98,264.3,0
36198,25.25,48.81,275.06,0
36298,25.35,48.97,262.58,0
36398,25.02,49.69,269.4,0
36498,25.24,49.0,274.0,0
36598,25.09,49.15,280.7,0
36698,25.0,49.17,297.13,0
36798,25.07,48.98,284.56,0
36898,25.15,49.1,308.59,0
36998,25.04,49.77,305.32,0
37098,25.07,49.74,298.56,0
37198,25.16,49.48,311.4,0
37298,25.39,48.55,339.8,0
37398,25.3,49.09,328.78,0
37498,25.18,49.37,334.32,0
37598,25.06,48.96,339.84,0
37698,25.17,48.9,361.74,0
37798,25.2,49.32,354.24,0
37898,25.29,49.3,367.75,0
37998,25.0,48.83,369.99,0
38098,25.14,49.41,393.34,0
38198,25.06,48.99,399.65,0
38298,25.15,48.9,406.31,0
38398,25.23,48.76,416.23,0
38498,25.08,48.82,401.17,0
38598,25.11,49.22,431.74,0
38698,24.99,49.34,434.45,0
38798,25.28,48.76,450.49,0
38898,25.24,49.41,448.33,0
38998,25.16,49.06,458.45,0
39098,25.06,49.44,469.95,0
39198,25.01,49.71,483.65,0
39298,24.95,49.14,486.22,0
39398,25.02,49.35,502.83,0
39498,25.17,48.73,509.95,0
39598,25.04,48.83,505.53,0
39698,25.08,49.39,511.37,0
39798,25.12,49.65,541.65,0
39898,25.07,49.24,537.6,0
39998,25.11,49.22,555.1,0
40098,24.93,49.7,569.26,0
40198,25.2,49.31,560.21,0
40298,24.81,49.78,587.27,0
40398,25.03,49.57,599.65,0
40498,25.0,49.42,604.67,0
40598,24.92,49.31,618.75,0
40698,24.92,48.99,623.99,0
40798,24.97,48.84,639.39,0
40898,24.74,49.13,638.21,0
40998,24.87,48.98,650.55,0
41098,32.87,49.18,658.94,1
41198,32.7,49.6,666.84,1
41298,32.83,48.96,673.41,1
41398,32.99,49.41,687.21,1
41498,32.61,49.68,690.56,1
41598,24.97,48.99,681.3,0
41698,24.86,49.62,706.36,0
41798,24.67,49.31,715.58,0
41898,24.8,49.85,716.21,0
41998,24.77,49.8,731.84,0
42098,24.58,49.76,725.43,0
42198,24.53,49.86,753.76,0
42298,24.47,49.38,748.86,0
42398,24.66,49.13,747.24,0
42498,24.42,49.38,766.58,0
42598,24.72,49.87,782.86,0
42698,24.4,50.19,781.01,0
42798,24.44,49.99,782.55,0
42898,24.45,49.7,783.38,0
42998,24.64,49.09,779.4,0
43098,24.35,49.45,806.89,0
43198,24.33,49.92,788.9,0
43298,24.48,49.81,821.49,0
43398,24.36,50.2,816.69,0
43498,24.26,50.16,802.26,0
43598,24.17,50.25,825.46,0
43698,24.41,49.39,833.98,0
43798,24.24,49.53,843.12,0
43898,24.29,49.34,834.81,0
43998,24.31,49.97,841.91,0
44098,24.27,49.86,844.65,0
44198,24.34,49.6,847.91,0
44298,24.29,49.4,837.19,0
44398,24.18,49.38,841.1,0
44498,24.2,49.98,860.03,0
44598,24.21,49.63,850.08,0
44698,23.91,49.81,853.56,0
44798,24.12,50.34,840.91,0
44898,23.87,50.33,855.26,0
44998,24.02,49.83,845.29,0
45098,24.05,49.89,861.61,0
45198,23.98,50.36,854.0,0
45298,23.94,50.41,839.99,0
45398,23.73,50.3,862.37,0
45498,23.9,49.69,850.78,0
45598,23.73,50.38,837.91,0
45698,23.72,50.56,833.2,0
45798,23.94,49.75,845.46,0
45898,23.8,50.32,824.57,0
45998,23.67,50.16,837.62,0
46098,23.55,50.05,840.09,0
46198,23.76,50.36,819.99,0
46298,23.58,50.34,837.39,0
46398,23.63,49.85,813.76,0
46498,23.59,50.32,803.8,0
46598,23.54,50.65,818.0,0
46698,23.51,50.19,793.57,0
46798,23.48,49.99,801.45,0
46898,23.34,50.6,796.84,0
46998,23.33,50.78,788.97,0
47098,23.52,50.79,781.91,0
47198,23.53,50.29,778.1,0
47298,23.63,50.05,783.09,0
47398,23.53,50.21,766.69,0
47498,23.36,50.08,753.57,0
47598,23.37,50.84,761.62,0
47698,23.27,50.1,759.29,0
47798,23.45,50.54,741.35,0
47898,23.47,50.29,720.37,0
47998,23.49,49.94,733.79,0
48098,23.44,50.27,733.56,0
48198,23.23,50.85,699.72,0
48298,23.13,50.99,704.48,0
48398,23.31,50.04,694.53,0
48498,23.1,50.32,683.05,0
48598,23.06,50.58,672.0,0
48698,23.01,50.36,660.92,0
48798,23.17,51.08,661.82,0
48898,23.0,50.33,650.78,0
48998,23.12,50.15,657.21,0
49098,22.99,50.97,645.81,0
49198,22.98,51.1,623.92,0
49298,23.16,50.11,606.51,0
49398,23.11,50.63,619.8,0
49498,22.87,51.24,582.65,0
49598,23.02,50.47,575.19,0
49698,22.8,51.09,566.26,0
49798,22.94,51.15,575.24,0
49898,23.06,50.42,547.15,0
49998,23.13,50.15,545.79,0
50098,22.78,50.42,544.17,0
50198,22.96,51.17,533.83,0
50298,22.92,50.8,509.24,0
50398,22.76,50.97,503.88,0
50498,23.08,51.06,505.57,0
50598,22.97,50.3,499.26,0
50698,22.69,51.2,475.23,0
50798,22.7,51.35,481.99,0
50898,22.75,50.79,458.52,0
50998,22.87,51.06,448.67,0
51098,22.84,21.29,440.26,1
51198,22.71,21.05,450.18,1
51298,22.8,20.86,436.21,1
51398,22.66,21.4,412.79,1
51498,22.97,20.68,400.77,1
51598,22.88,51.17,415.68,0
51698,22.99,51.06,393.65,0
51798,22.78,50.64,381.62,0
51898,22.91,50.99,372.6,0
51998,22.69,50.55,359.51,0
52098,22.95,51.0,355.4,0
52198,22.89,51.01,346.19,0
52298,22.67,51.12,354.58,0
52398,22.82,50.56,334.86,0
52498,22.97,50.28,343.58,0
52598,22.81,50.89,316.77,0
52698,22.92,50.88,317.11,0
52798,23.0,50.89,316.58,0
52898,22.89,50.74,319.42,0
52998,22.76,50.92,295.35,0
53098,22.94,50.44,295.68,0
53198,22.79,50.53,298.56,0
53298,23.01,51.15,296.48,0
53398,22.7,50.61,295.97,0
53498,22.98,50.91,284.57,0
53598,22.88,51.16,281.38,0
53698,22.87,51.29,281.57,0
53798,22.87,50.73,277.4,0
53898,22.85,50.67,272.13,0
53998,22.93,50.69,274.7,0
54098,23.04,50.37,255.38,0
54198,22.8,51.05,268.15,0
54298,22.71,51.38,259.84,0
54398,22.84,50.99,253.73,0
54498,22.86,51.21,257.45,0
54598,22.78,50.47,252.92,0
54698,23.05,50.53,244.98,0
54798,22.87,50.99,238.42,0
54898,22.99,50.3,237.87,0
54998,23.05,51.07,239.04,0
55098,22.78,50.62,249.72,0
55198,22.91,50.34,249.75,0
55298,22.8,50.57,237.13,0
55398,22.93,50.37,256.3,0
55498,22.87,50.33,252.45,0
55598,23.23,50.56,245.26,0
55698,22.92,51.16,252.52,0
55798,23.05,51.09,268.35,0
55898,22.96,50.55,272.03,0
55998,23.29,50.31,268.9,0
56098,22.94,50.73,258.75,0
56198,22.96,51.09,268.76,0
56298,23.19,50.71,281.58,0
56398,23.09,51.04,284.69,0
56498,23.33,50.11,270.14,0
56598,23.18,50.6,290.94,0
56698,23.33,50.0,302.66,0
56798,23.2,50.93,288.73,0
56898,23.25,50.25,290.07,0
56998,23.3,50.93,303.57,0
57098,23.35,50.68,308.22,0
57198,23.45,50.68,329.64,0
57298,23.52,50.48,312.95,0
57398,23.33,50.63,336.8,0
57498,23.53,50.46,334.28,0
57598,23.44,50.23,332.29,0
57698,23.28,50.53,349.44,0
57798,23.43,50.16,349.94,0
57898,23.43,50.48,370.9,0
57998,23.43,50.44,363.9,0
58098,23.67,50.01,389.0,0
58198,23.73,50.26,384.23,0
58298,23.77,49.9,407.68,0
58398,23.48,50.39,405.75,0
58498,23.72,50.06,423.64,0
58598,23.45,50.24,428.26,0
58698,23.53,50.65,423.82,0
58798,23.88,50.53,435.3,0
58898,23.86,50.5,443.79,0
58998,23.78,50.36,461.38,0
59098,23.77,50.21,457.05,0
59198,23.83,50.12,465.12,0
59298,23.96,49.63,493.99,0
59398,23.87,50.29,507.93,0
59498,23.95,49.97,493.12,0
59598,23.77,50.16,510.87,0
59698,24.08,49.66,535.95,0
59798,23.86,49.81,537.03,0
59898,24.08,50.44,530.61,0
59998,24.07,49.98,557.63,0
60098,24.0,49.61,569.62,0
60198,24.21,50.09,572.76,0
60298,23.95,50.4,585.63,0
60398,23.97,50.1,600.43,0
60498,24.32,50.16,592.78,0
60598,24.08,49.46,591.1,0
60698,23.98,49.87,606.7,0
60798,24.06,49.59,617.76,0
60898,24.12,49.95,639.05,0
60998,24.23,50.03,654.29,0
61098,24.38,49.89,1023.0,1
61198,24.13,49.65,1023.0,1
61298,24.45,49.22,1023.0,1
61398,24.24,49.52,1023.0,1
61498,24.37,49.48,1023.0,1
61598,24.43,50.0,686.28,0
61698,24.45,49.42,717.25,0
61798,24.59,49.6,714.62,0
61898,24.27,49.57,708.33,0
61998,24.59,49.38,725.69,0
62098,24.58,49.99,740.02,0
62198,24.6,49.23,738.45,0
62298,24.56,49.31,753.79,0
62398,24.56,49.11,766.04,0
62498,24.45,49.61,774.36,0
62598,24.56,50.1,757.43,0
62698,24.71,49.81,784.07,0
62798,24.84,49.42,772.09,0
62898,24.7,49.87,777.46,0
62998,24.55,49.47,793.81,0
63098,24.53,49.34,804.41,0
63198,24.81,49.07,801.82,0
63298,24.81,49.34,810.31,0
63398,24.67,49.84,822.23,0
63498,24.7,49.72,810.04,0
63598,24.74,49.23,830.06,0
63698,24.69,49.96,837.73,0
63798,25.06,49.01,842.5,0
63898,24.92,49.39,826.94,0
63998,25.07,49.49,837.31,0
64098,24.85,49.47,827.68,0
64198,24.79,49.54,834.46,0
64298,24.96,49.59,835.89,0
64398,25.04,49.14,852.44,0
64498,24.84,49.47,857.32,0
64598,25.02,48.89,851.78,0
64698,24.98,49.3,846.78,0
64798,25.21,48.79,860.23,0
64898,25.12,48.78,853.65,0
64998,25.01,49.71,840.79,0
65098,25.21,49.49,864.85,0
65198,25.26,49.18,856.04,0
65298,25.2,49.61,841.38,0
65398,24.94,49.09,853.97,0
65498,25.12,49.41,844.25,0
65598,24.98,49.68,858.53,0
65698,24.97,49.62,854.93,0
65798,25.3,49.51,851.86,0
65898,25.22,49.19,825.47,0
65998,25.16,49.07,845.23,0
66098,25.05,49.62,822.96,0
66198,25.18,48.68,824.51,0
66298,25.17,49.63,821.26,0
66398,25.17,48.73,818.85,0
66498,25.12,49.31,815.55,0
66598,25.23,48.79,813.32,0
66698,25.31,48.75,800.99,0
66798,25.18,49.4,812.32,0
66898,25.37,48.91,812.56,0
66998,25.02,49.6,797.04,0
67098,25.17,49.58,794.06,0
67198,25.29,49.21,779.91,0
67298,25.37,49.4,766.84,0
67398,25.34,49.37,756.07,0
67498,25.09,49.21,747.92,0
67598,25.37,49.5,760.53,0
67698,25.14,49.29,759.48,0
67798,25.34,49.39,729.95,0
67898,25.29,49.08,723.9,0
67998,25.31,49.28,735.0,0
68098,25.19,48.99,720.22,0
68198,25.35,49.33,713.43,0
68298,25.09,48.89,707.56,0
68398,25.15,49.09,709.57,0
68498,25.34,49.24,675.89,0
68598,25.33,49.02,673.81,0
68698,25.15,49.55,660.99,0
68798,25.29,48.73,672.8,0
68898,25.27,49.37,659.0,0
68998,25.25,49.34,641.91,0
69098,24.94,48.91,646.19,0
69198,25.07,49.14,633.77,0
69298,24.98,48.93,615.26,0
69398,25.01,49.07,598.62,0
69498,25.1,49.07,590.08,0
69598,24.91,49.53,588.85,0
69698,24.89,49.73,576.32,0
69798,25.14,48.95,575.39,0
69898,24.99,49.19,547.82,0
69998,25.23,49.6,539.53,0
70098,24.92,48.96,537.39,0
70198,24.98,49.35,527.87,0
70298,24.8,49.12,516.35,0
70398,24.82,49.4,527.13,0
70498,24.81,49.67,489.56,0
70598,25.04,49.5,502.16,0
70698,24.9,49.53,496.71,0
70798,24.87,49.05,464.31,0
70898,25.0,48.88,463.22,0
70998,24.87,48.94,463.23,0
71098,32.93,49.8,434.07,1
71198,32.82,49.54,431.13,1
71298,32.87,49.52,421.88,1
71398,32.86,49.69,409.05,1
71498,32.98,49.01,406.29,1
71598,24.66,49.86,418.63,0
71698,24.83,49.52,400.2,0
71798,24.79,49.72,391.92,0
71898,24.69,49.79,394.93,0
71998,24.63,49.38,366.06,0
72098,24.61,49.61,376.88,0
72198,24.75,49.89,369.54,0
72298,24.55,49.93,348.76,0
72398,24.49,49.18,334.49,0
72498,24.52,49.3,335.9,0
72598,24.66,49.22,317.14,0
72698,24.48,49.46,313.68,0
72798,24.54,49.25,316.21,0
72898,24.48,50.1,308.21,0
72998,24.36,49.66,306.8,0
73098,24.54,49.41,309.66,0
73198,24.27,50.02,309.18,0
73298,24.32,49.36,293.93,0
73398,24.26,49.96,288.43,0
73498,24.4,50.15,277.14,0
73598,24.29,49.61,264.74,0
73698,24.2,50.11,285.97,0
73798,24.24,49.38,276.85,0
73898,24.35,50.04,265.91,0
73998,24.28,49.36,277.19,0
74098,24.32,50.26,253.97,0
74198,24.24,49.83,251.48,0
74298,24.29,50.25,254.7,0
74398,24.17,49.56,254.27,0
74498,24.1,49.57,263.08,0
74598,24.22,50.21,245.59,0
74698,24.15,49.47,262.34,0
74798,24.08,49.49,254.92,0
74898,24.11,49.52,240.75,0
74998,24.05,50.35,237.8,0
75098,23.84,49.69,249.54,0
75198,24.04,49.9,242.02,0
75298,23.82,49.95,261.17,0
75398,24.08,50.32,247.78,0
75498,24.05,50.25,248.33,0
75598,23.85,49.75,265.39,0
75698,23.87,49.83,257.28,0
75798,23.62,50.57,254.28,0
75898,23.6,50.16,252.8,0
75998,23.66,49.95,252.57,0
76098,23.64,50.25,279.17,0
76198,23.53,50.01,274.11,0
76298,23.82,50.5,280.64,0
76398,23.74,50.53,291.17,0
76498,23.76,50.46,268.21,0
76598,23.41,50.26,293.88,0
76698,23.49,50.09,278.14,0
76798,23.54,50.67,309.25,0
76898,23.7,50.56,293.81,0
76998,23.41,50.06,316.32,0
77098,23.35,50.05,324.72,0
77198,23.58,50.06,319.09,0
77298,23.38,50.28,338.46,0
77398,23.57,49.96,338.25,0
77498,23.59,50.29,325.34,0
77598,23.38,50.05,348.63,0
77698,23.26,50.85,352.25,0
77798,23.34,50.28,356.99,0
77898,23.16,50.18,357.3,0
77998,23.23,50.28,370.94,0
78098,23.29,50.85,386.48,0
78198,23.41,50.19,379.64,0
78298,23.19,50.69,401.63,0
78398,23.12,50.93,396.95,0
78498,23.06,50.68,424.7,0
78598,23.32,50.34,412.34,0
78698,23.22,50.7,425.86,0
78798,23.34,50.37,450.54,0
78898,23.28,50.16,461.64,0
78998,23.11,50.27,446.72,0
79098,22.96,50.85,474.87,0
79198,22.9,51.18,484.89,0
79298,23.11,50.92,472.92,0
79398,23.17,50.3,489.06,0
79498,23.03,50.28,502.53,0
79598,23.0,51.11,522.15,0
79698,22.98,50.63,516.11,0
79798,22.92,50.3,521.22,0
79898,22.84,50.32,531.66,0
79998,22.76,51.3,553.24,0
80098,23.12,50.62,559.9,0
80198,22.99,50.53,571.14,0
80298,23.06,50.35,566.23,0
80398,22.74,51.31,601.2,0
80498,23.08,50.59,605.64,0
80598,22.72,50.96,610.0,0
80698,22.72,50.44,618.29,0
80798,22.93,50.79,627.3,0
80898,22.78,50.79,638.37,0
80998,22.93,50.28,638.15,0
81098,22.7,21.37,665.31,1
81198,22.91,20.78,654.34,1
81298,22.77,20.92,664.38,1
81398,22.96,20.55,678.94,1
81498,22.8,21.22,680.28,1
81598,22.86,50.78,700.6,0
81698,22.81,50.91,699.94,0
81798,22.89,50.99,718.72,0
81898,22.97,50.73,732.99,0
81998,22.73,50.92,728.03,0
82098,22.79,51.18,741.61,0
82198,22.84,51.09,739.08,0
82298,22.84,50.36,750.66,0
82398,22.91,50.86,758.11,0
82498,22.86,50.39,769.42,0
82598,22.77,50.77,781.07,0
82698,22.87,50.55,773.5,0
82798,22.87,50.64,780.78,0
82898,22.69,50.64,790.1,0
82998,22.79,50.71,777.79,0
83098,22.72,51.04,808.96,0
83198,23.0,51.16,804.55,0
83298,22.94,50.67,808.97,0
83398,22.76,50.82,810.27,0
83498,22.76,50.82,802.41,0
83598,22.86,51.11,817.67,0
83698,23.0,50.89,820.29,0
83798,23.01,50.36,824.58,0
83898,22.68,50.67,828.6,0
83998,22.71,51.04,838.34,0
84098,22.77,51.02,848.48,0
84198,22.88,51.14,826.26,0
84298,23.04,50.78,854.14,0
84398,22.83,50.54,841.02,0
84498,22.84,50.5,855.16,0
84598,22.9,50.94,858.22,0
84698,23.04,50.63,837.29,0
84798,22.8,51.21,859.94,0
84898,22.91,50.7,835.04,0
84998,22.94,51.1,842.12,0
85098,22.99,50.36,853.96,0
85198,23.04,50.68,848.53,0
85298,23.08,50.82,839.85,0
85398,22.95,51.0,853.98,0
85498,22.89,50.51,847.0,0
85598,22.94,51.19,846.16,0
85698,22.9,50.56,837.72,0
85798,23.01,50.76,841.37,0
85898,23.2,50.71,852.53,0
85998,23.11,50.32,842.52,0
86098,23.32,50.75,821.32,0
86198,23.08,50.3,835.35,0
86298,23.05,50.79,827.0,0
86398,23.22,50.72,826.58,0
86498,23.21,50.43,809.11,0
86598,23.27,50.57,826.86,0
86698,23.3,50.44,797.49,0
86798,23.19,50.98,790.67,0
86898,23.14,50.81,794.44,0
86998,23.12,50.4,792.3,0
87098,23.38,50.88,790.02,0
87198,23.37,50.55,781.68,0
87298,23.42,49.96,781.19,0
87398,23.51,50.15,770.92,0
87498,23.21,50.18,762.33,0
87598,23.55,50.29,754.25,0
87698,23.41,50.13,737.9,0
87798,23.41,50.9,747.24,0
87898,23.47,50.67,723.6,0
87998,23.33,50.15,739.29,0
88098,23.49,50.1,712.79,0
88198,23.55,50.15,724.35,0
88298,23.67,50.34,705.19,0
88398,23.47,50.81,684.46,0
88498,23.76,49.77,698.66,0
88598,23.6,50.03,664.0,0
88698,23.59,50.11,661.94,0
88798,23.88,49.92,665.36,0
88898,23.58,50.68,652.79,0
88998,23.57,50.56,631.98,0
89098,23.61,50.62,634.13,0
89198,23.8,50.62,630.26,0
89298,23.65,50.15,610.49,0
89398,23.78,50.61,605.17,0
89498,23.85,49.82,604.5,0
89598,23.99,49.95,576.52,0
89698,23.97,50.04,564.33,0
89798,23.88,50.04,558.65,0
89898,23.85,49.84,555.33,0
89998,24.06,49.46,539.14,0
90098,23.84,49.8,532.91,0
90198,23.96,49.55,521.15,0
90298,24.19,49.48,522.4,0
90398,24.03,50.03,511.64,0
90498,23.94,50.16,509.95,0
90598,24.28,49.92,506.33,0
90698,24.05,50.41,491.06,0
90798,24.17,49.75,481.54,0
90898,24.34,50.21,479.44,0
90998,24.17,50.25,470.6,0
91098,24.16,50.25,1023.0,1
91198,24.22,50.18,1023.0,1
91298,24.37,49.4,1023.0,1
91398,24.34,50.2,1023.0,1
91498,24.51,49.43,1023.0,1
91598,24.37,49.83,403.96,0
91698,24.35,50.15,386.15,0
91798,24.49,49.18,393.54,0
91898,24.63,49.56,393.8,0
91998,24.29,50.01,375.74,0
92098,24.67,49.93,356.14,0
92198,24.39,49.32,367.78,0
92298,24.39,49.52,354.0,0
92398,24.48,49.23,351.5,0
92498,24.79,49.73,347.3,0
92598,24.74,49.23,344.95,0
92698,24.71,49.81,325.97,0
92798,24.65,49.46,308.99,0
92898,24.65,49.8,315.5,0
92998,24.89,49.31,313.44,0
93098,24.69,49.06,289.62,0
93198,24.85,49.5,294.26,0
93298,24.58,49.87,305.51,0
93398,24.94,49.38,273.12,0
93498,24.92,49.63,285.21,0
93598,24.8,49.56,281.25,0
93698,24.92,49.52,282.87,0
93798,24.95,49.53,274.46,0
93898,24.77,49.64,282.16,0
93998,24.75,49.76,262.07,0
94098,24.96,49.33,274.69,0
94198,24.76,49.74,252.53,0
94298,25.08,49.73,265.54,0
94398,25.07,49.74,243.66,0
94498,24.82,49.24,244.16,0
94598,24.79,49.23,254.96,0
94698,25.02,49.32,261.95,0
94798,24.89,49.4,249.42,0
94898,25.13,49.55,237.03,0
94998,24.9,49.82,243.53,0
95098,25.21,48.86,243.2,0
95198,24.87,49.86,254.62,0
95298,25.04,49.48,259.63,0
95398,25.1,49.05,248.33,0
95498,24.99,49.05,258.39,0
95598,25.27,48.99,247.36,0
95698,24.92,49.37,244.62,0
95798,25.06,49.21,266.57,0
95898,25.21,48.86,260.49,0
95998,25.23,49.62,255.31,0
96098,25.25,49.28,275.32,0
96198,25.06,49.01,271.41,0
96298,25.3,49.42,261.65,0
96398,25.19,49.36,277.86,0
96498,25.18,48.83,270.89,0
96598,25.13,49.36,295.89,0
96698,25.37,49.17,284.63,0
96798,25.25,49.37,307.62,0
96898,25.21,49.22,304.18,0
96998,25.26,49.52,308.4,0
97098,25.24,49.32,308.81,0
97198,25.04,49.25,308.65,0
97298,25.3,49.37,319.57,0
97398,25.24,49.3,336.02,0
97498,25.26,49.19,342.12,0
97598,25.04,49.32,336.37,0
97698,25.38,49.01,347.72,0
97798,25.24,49.59,358.44,0
97898,25.07,49.37,354.74,0
97998,25.29,49.29,370.46,0
98098,25.07,48.99,385.38,0
98198,25.32,49.01,394.06,0
98298,25.22,48.69,391.88,0
98398,25.18,49.31,412.69,0
98498,25.32,48.95,425.28,0
98598,25.31,49.15,427.74,0
98698,25.2,49.41,421.0,0
98798,25.06,49.23,451.25,0
98898,25.32,48.66,433.55,0
98998,24.98,48.96,463.23,0
99098,25.04,49.47,452.13,0
99198,25.05,49.55,490.01,0
99298,25.25,49.13,470.69,0
99398,25.2,49.66,479.78,0
99498,25.19,49.56,508.33,0
99598,25.2,49.64,518.17,0
99698,25.1,49.55,529.94,0
99798,24.88,48.9,541.02,0
99898,25.07,48.93,552.74,0
99998,24.85,49.17,535.44,0
100098,24.86,49.88,553.01,0
100198,25.0,49.64,579.92,0
100298,24.85,48.99,563.97,0
100398,25.16,49.59,594.47,0
100498,25.11,49.39,609.47,0
100598,25.13,49.29,601.36,0
100698,24.88,49.79,627.23,0
100798,24.76,49.57,634.95,0
100898,24.99,49.29,638.94,0
100998,24.84,49.69,629.22,0
101098,32.75,49.65,656.63,1
101198,32.87,49.73,658.57,1
101298,32.92,49.4,682.58,1
101398,32.97,49.27,678.55,1
101498,32.63,49.59,676.38,1
101598,24.88,48.92,697.95,0
101698,24.87,49.59,714.91,0
101798,24.63,49.99,712.84,0
101898,24.92,49.48,729.0,0
101998,24.77,49.1,721.01,0
102098,24.71,49.35,730.69,0
102198,24.65,49.75,728.69,0
102298,24.68,49.88,747.66,0
102398,24.71,49.79,747.61,0
102498,24.76,49.64,751.18,0
102598,24.71,49.33,764.15,0
102698,24.75,49.63,780.46,0
102798,24.46,50.15,786.26,0
102898,24.51,49.59,773.25,0
102998,24.46,49.32,805.9,0
103098,24.49,49.72,793.63,0
103198,24.52,50.06,806.81,0
103298,24.53,49.32,819.66,0
103398,24.5,49.66,797.82,0
103498,24.34,49.69,830.01,0
103598,24.17,49.48,825.92,0
103698,24.46,49.56,819.32,0
103798,24.28,49.86,831.75,0
103898,24.25,49.91,831.58,0
103998,24.07,49.9,830.16,0
104098,24.24,49.81,841.65,0
104198,24.23,50.24,833.63,0
104298,24.26,50.01,857.7,0
104398,24.23,50.16,837.68,0
104498,23.99,49.61,848.26,0
104598,24.08,49.88,862.11,0
104698,23.88,50.18,835.64,0
104798,23.85,49.61,858.41,0
104898,24.17,50.29,849.47,0
104998,23.8,49.84,854.01,0
105098,24.06,49.9,843.39,0
105198,24.14,49.92,857.12,0
105298,23.94,50.11,839.29,0
105398,23.82,49.96,853.21,0
105498,23.88,49.85,841.57,0
105598,23.7,49.85,855.16,0
105698,23.94,49.82,839.59,0
105798,23.88,49.6,838.28,0
105898,23.67,49.88,823.24,0
105998,23.7,49.99,823.88,0
106098,23.85,49.94,839.06,0
106198,23.51,50.66,837.0,0
106298,23.72,50.25,837.53,0
106398,23.54,50.76,823.09,0
106498,23.52,50.64,824.56,0
106598,23.46,50.36,801.81,0
106698,23.72,50.58,802.73,0
106798,23.66,50.55,810.59,0
106898,23.36,50.65,809.48,0
106998,23.7,49.95,802.36,0
107098,23.47,49.9,773.69,0
107198,23.39,50.18,777.23,0
107298,23.49,50.22,763.53,0
107398,23.29,50.01,781.34,0
107498,23.4,50.23,771.31,0
107598,23.51,50.41,763.99,0
107698,23.16,50.94,737.31,0
107798,23.16,50.58,748.5,0
107898,23.28,50.57,743.65,0
107998,23.28,50.14,739.62,0
108098,23.45,50.18,721.92,0
108198,23.22,50.76,722.05,0
108298,23.33,50.38,695.59,0
108398,23.39,49.96,707.84,0
108498,23.06,50.43,700.04,0
108598,23.12,50.18,669.25,0
108698,22.98,50.64,679.19,0
108798,23.02,50.69,659.32,0
108898,22.94,50.79,653.63,0
108998,22.99,50.92,629.65,0
109098,23.1,50.88,640.12,0
109198,23.22,50.84,611.41,0
109298,23.02,50.19,613.0,0
109398,22.92,50.98,595.83,0
109498,22.89,50.4,585.42,0
109598,22.87,50.72,580.65,0
109698,22.92,51.12,569.18,0
109798,22.87,51.0,565.54,0
109898,23.12,50.99,571.61,0
109998,23.08,50.47,538.3,0
110098,22.85,51.09,553.98,0
110198,23.11,50.88,540.86,0
110298,23.11,50.52,509.29,0
110398,23.1,51.05,518.27,0
110498,22.72,51.17,503.12,0
110598,23.04,50.57,480.64,0
110698,22.88,50.99,478.89,0
110798,22.9,50.32,474.76,0
110898,22.68,51.01,474.37,0
110998,22.66,51.23,461.37,0
111098,22.69,20.48,447.5,1
111198,22.73,20.73,454.36,1
111298,22.73,20.78,445.09,1
111398,22.8,20.6,413.89,1
111498,22.94,20.5,425.94,1
111598,22.85,51.15,395.65,0
111698,22.63,51.1,398.5,0
111798,22.87,50.93,393.65,0
111898,22.73,51.33,387.59,0
111998,23.01,51.11,381.04,0
112098,22.89,51.21,362.96,0
112198,22.88,51.28,359.91,0
112298,22.75,51.2,345.5,0
112398,22.98,51.04,354.62,0
112498,22.81,50.42,340.18,0
112598,22.71,51.12,325.62,0
112698,22.84,51.22,326.98,0
112798,22.92,50.85,322.72,0
112898,22.67,51.31,322.92,0
112998,22.75,50.71,311.88,0
113098,23.0,50.8,292.41,0
113198,22.91,50.94,281.83,0
113298,23.0,50.91,279.53,0
113398,22.98,50.54,299.96,0
113498,22.85,51.16,296.81,0
113598,22.88,50.42,266.3,0
113698,22.92,50.93,288.22,0
113798,22.92,50.97,279.56,0
113898,22.98,50.72,253.63,0
113998,22.85,50.66,271.18,0
114098,22.83,51.3,276.02,0
114198,23.02,50.69,265.91,0
114298,23.0,50.67,260.2,0
114398,22.75,51.23,246.97,0
114498,23.04,50.38,264.43,0
114598,22.81,51.03,237.49,0
114698,22.89,50.8,259.82,0
114798,22.99,50.9,261.04,0
114898,22.84,50.6,248.96,0
114998,23.0,50.49,238.44,0
115098,23.17,50.33,235.24,0
115198,22.9,50.98,264.28,0
115298,23.18,50.38,257.21,0
115398,22.99,50.7,265.71,0
115498,23.0,50.27,240.18,0
115598,23.24,50.42,267.66,0
115698,23.1,50.58,264.37,0
115798,22.91,50.67,266.47,0
115898,23.19,50.86,258.07,0
115998,23.02,50.67,279.0,0
116098,23.23,50.13,275.1,0
116198,23.07,51.08,262.12,0
116298,23.14,50.58,277.05,0
116398,23.21,50.69,265.15,0
116498,23.02,51.0,275.54,0
116598,23.23,50.37,299.27,0
116698,23.07,51.06,299.81,0
116798,23.36,50.12,303.19,0
116898,23.33,50.14,287.82,0
116998,23.11,50.4,304.64,0
117098,23.39,50.71,300.42,0
117198,23.16,50.55,306.74,0
117298,23.25,50.29,321.33,0
117398,23.57,50.34,328.59,0
117498,23.59,50.09,346.98,0
117598,23.31,50.9,345.43,0
117698,23.47,50.73,359.78,0
117798,23.27,50.54,363.46,0
117898,23.54,50.0,378.8,0
117998,23.5,50.62,360.99,0
118098,23.55,50.31,387.26,0
118198,23.56,50.67,378.18,0
118298,23.4,50.82,406.52,0
118398,23.57,50.22,416.86,0
118498,23.71,50.37,411.16,0
118598,23.73,50.38,430.91,0
118698,23.76,50.41,423.78,0
118798,23.74,50.09,446.02,0
118898,23.54,50.11,459.06,0
118998,23.68,50.04,455.16,0
119098,23.69,50.3,469.93,0
119198,23.97,49.76,470.37,0
119298,23.75,50.33,489.01,0
119398,24.02,49.91,487.06,0
119498,23.84,50.28,509.22,0
119598,23.81,49.85,524.49,0
119698,23.95,49.67,531.12,0
119798,24.11,49.85,541.82,0
119898,24.02,49.94,526.09,0
119998,24.06,49.53,535.37,0
120098,24.19,49.99,559.61,0
120198,23.86,50.13,566.25,0
120298,23.95,49.87,586.42,0
120398,24.28,50.3,589.57,0
120498,24.15,49.57,583.23,0
120598,23.96,49.55,619.46,0
120698,24.1,49.43,602.83,0
120798,24.22,50.11,631.7,0
120898,24.29,49.61,629.63,0
120998,24.22,49.9,643.83,0
121098,24.41,49.92,1023.0,1
121198,24.41,49.43,1023.0,1
121298,24.27,50.25,1023.0,1
121398,24.31,49.42,1023.0,1
121498,24.29,49.77,1023.0,1
121598,24.24,50.05,708.5,0
121698,24.38,49.55,714.26,0
121798,24.59,50.04,706.41,0
121898,24.51,49.9,724.3,0
121998,24.3,49.48,731.65,0
122098,24.59,49.37,743.08,0
122198,24.37,49.79,747.46,0
122298,24.71,49.92,757.22,0
122398,24.38,49.3,747.22,0
122498,24.55,50.02,764.2,0
122598,24.65,49.33,762.97,0
122698,24.54,49.71,776.81,0
122798,24.63,49.53,788.0,0
122898,24.82,49.44,782.27,0
122998,24.66,49.71,802.3,0
123098,24.82,49.41,795.69,0
123198,24.62,50.01,789.08,0
123298,24.75,49.68,800.06,0
123398,24.81,49.72,818.27,0
123498,24.83,49.43,818.64,0
123598,24.76,49.68,829.6,0
123698,24.67,49.1,825.88,0
123798,24.95,49.58,824.68,0
123898,24.86,49.7,829.66,0
123998,25.05,49.32,826.08,0
124098,24.87,48.9,825.59,0
124198,24.79,49.41,837.37,0
124298,25.12,49.68,840.51,0
124398,25.11,48.77,846.34,0
124498,25.12,49.1,841.47,0
124598,25.13,49.07,861.71,0
124698,25.14,49.27,837.31,0
124798,25.2,49.32,836.72,0
124898,24.88,49.73,847.4,0
124998,24.95,49.17,843.46,0
125098,25.14,48.85,862.38,0
125198,25.1,49.52,856.37,0
125298,25.18,49.1,857.53,0
125398,25.19,48.81,850.35,0
125498,24.93,49.05,857.84,0
125598,25.22,49.02,854.98,0
125698,25.27,49.41,852.24,0
125798,25.13,49.64,839.25,0
125898,24.94,49.76,841.58,0
125998,25.04,49.67,821.35,0
126098,25.13,49.65,833.74,0
126198,25.1,48.74,833.29,0
126298,25.18,48.71,814.04,0
126398,25.14,49.21,810.13,0
126498,25.14,49.06,807.49,0
126598,25.33,49.53,808.25,0
126698,25.3,49.38,800.47,0
126798,25.11,48.77,795.28,0
126898,25.3,49.07,801.44,0
126998,25.33,49.35,785.27,0
127098,25.04,49.61,775.62,0
127198,25.23,49.36,790.64,0
127298,25.36,49.29,763.4,0
127398,25.04,49.52,753.83,0
127498,25.07,49.22,764.45,0
127598,25.22,49.34,745.68,0
127698,25.06,48.91,737.74,0
127798,25.28,49.42,750.0,0
127898,25.04,49.51,743.72,0
127998,25.29,48.67,718.9,0
128098,25.33,49.19,726.59,0
128198,25.32,48.83,724.13,0
128298,25.35,48.91,708.09,0
128398,25.34,48.81,679.69,0
128498,25.27,49.05,689.62,0
128598,25.23,49.02,677.09,0
128698,25.2,48.78,680.98,0
128798,25.23,48.74,651.21,0
128898,25.25,49.44,646.02,0
128998,25.24,49.18,655.04,0
129098,25.1,48.81,637.31,0
129198,25.28,49.52,614.21,0
129298,25.01,49.26,614.27,0
129398,25.01,49.23,615.88,0
129498,25.14,49.52,589.37,0
129598,24.94,49.05,601.24,0
129698,24.99,49.05,567.83,0
129798,25.23,49.29,568.64,0
129898,25.2,49.26,573.74,0
129998,24.91,49.18,549.5,0
130098,25.03,49.16,530.88,0
130198,25.2,49.16,530.29,0
130298,25.06,49.69,511.16,0
130398,24.98,49.14,513.47,0
130498,25.1,48.81,514.3,0
130598,25.02,49.49,488.87,0
130698,24.76,49.52,483.37,0
130798,25.11,49.45,461.73,0
130898,24.8,49.23,476.92,0
130998,24.92,49.25,443.79,0
131098,32.99,49.53,433.84,1
131198,32.97,49.76,445.5,1
131298,32.74,49.87,418.57,1
131398,32.68,49.88,424.0,1
131498,32.87,49.47,411.81,1
131598,24.73,49.28,404.21,0
131698,24.89,49.22,395.07,0
131798,24.81,49.48,401.88,0
131898,24.9,49.61,371.48,0
131998,24.68,49.43,378.69,0
132098,24.71,49.55,374.2,0
132198,24.73,49.79,344.93,0
132298,24.62,49.17,358.84,0
132398,24.53,49.47,351.28,0
132498,24.76,49.68,350.13,0
132598,24.72,49.2,328.67,0
132698,24.44,49.21,328.02,0
132798,24.73,49.31,328.92,0
132898,24.59,49.49,301.95,0
132998,24.61,49.27,321.98,0
133098,24.35,50.24,287.81,0
133198,24.48,50.0,284.28,0
133298,24.34,49.59,302.78,0
133398,24.51,49.97,302.16,0
133498,24.41,50.06,289.13,0
133598,24.46,49.99,271.07,0
133698,24.27,49.46,273.35,0
133798,24.18,49.76,271.55,0
133898,24.47,49.6,274.5,0
133998,24.15,49.54,271.42,0
134098,24.11,49.79,264.83,0
134198,24.33,49.53,252.01,0
134298,24.21,49.5,256.24,0
134398,24.03,49.65,247.98,0
134498,24.1,50.22,253.47,0
134598,24.03,49.6,265.04,0
134698,24.17,49.85,265.76,0
134798,24.11,50.11,252.22,0
134898,24.19,49.91,264.16,0
134998,23.85,50.54,243.31,0
135098,24.11,49.68,259.29,0
135198,24.14,49.87,236.21,0
135298,23.86,50.55,259.97,0
135398,24.09,49.94,261.42,0
135498,24.06,49.49,255.17,0
135598,23.7,50.64,247.2,0
135698,23.76,50.66,271.77,0
135798,23.81,50.51,247.98,0
135898,23.73,50.66,271.27,0
135998,23.59,49.89,275.51,0
136098,23.91,50.26,258.41,0
136198,23.84,50.46,285.9,0
136298,23.87,50.2,267.8,0
136398,23.69,49.88,284.53,0
136498,23.75,50.19,290.49,0
136598,23.42,50.21,288.0,0
136698,23.57,49.97,286.7,0
136798,23.75,50.27,284.86,0
136898,23.37,50.0,299.39,0
136998,23.57,50.53,315.46,0
137098,23.58,50.74,300.09,0
137198,23.52,50.43,331.13,0
137298,23.31,50.16,318.81,0
137398,23.43,50.68,331.09,0
137498,23.48,50.12,346.31,0
137598,23.29,50.55,345.07,0
137698,23.29,50.41,338.21,0
137798,23.24,50.93,356.33,0
137898,23.29,50.66,369.52,0
137998,23.1,51.09,363.95,0
138098,23.34,50.02,370.79,0
138198,23.1,50.14,397.12,0
138298,23.35,50.77,411.25,0
138398,23.07,50.7,414.9,0
138498,23.29,50.06,408.89,0
138598,23.25,50.52,418.49,0
138698,23.12,50.6,429.19,0
138798,23.0,50.72,450.31,0
138898,23.25,50.97,448.19,0
138998,23.15,50.34,453.56,0
139098,22.93,50.82,476.36,0
139198,23.2,50.42,471.71,0
139298,22.86,51.13,477.89,0
139398,22.92,50.71,490.03,0
139498,23.1,50.5,507.28,0
139598,23.12,50.92,523.83,0
139698,23.13,50.19,531.95,0
139798,23.02,51.17,533.38,0
139898,22.8,51.11,545.68,0
139998,22.8,50.78,558.24,0
140098,22.88,50.58,551.71,0
140198,22.9,50.66,576.9,0
140298,22.93,51.19,576.78,0
140398,22.88,51.11,599.08,0
140498,22.93,51.07,599.03,0
140598,22.76,50.84,613.18,0
140698,22.88,50.56,628.28,0
140798,22.78,51.27,635.38,0
140898,22.96,50.57,639.7,0
140998,22.72,50.87,650.74,0
141098,23.05,20.32,644.84,1
141198,22.79,20.91,662.55,1
141298,22.98,20.76,657.0,1
141398,22.76,21.05,662.88,1
141498,22.96,20.98,691.62,1
141598,22.92,50.39,696.14,0
141698,22.81,50.37,704.52,0
141798,22.75,50.71,715.38,0
141898,22.65,51.1,715.09,0
141998,22.67,50.89,718.72,0
142098,22.71,50.56,743.72,0
142198,22.93,50.67,755.45,0
142298,22.75,50.43,758.58,0
142398,22.85,50.36,748.1,0
142498,22.77,51.33,759.28,0
142598,23.0,50.7,758.47,0
142698,22.89,50.93,788.02,0
142798,22.65,51.25,774.25,0
142898,22.66,51.36,788.84,0
142998,22.75,51.0,801.95,0
143098,22.89,51.14,789.36,0
143198,22.73,50.6,799.29,0
143298,22.9,51.21,802.15,0
143398,22.63,51.06,802.72,0
143498,22.74,51.1,803.55,0
143598,22.69,51.15,825.54,0
143698,22.89,50.64,828.65,0
143798,22.99,50.85,825.97,0
143898,22.93,50.3,817.24,0
143998,22.8,51.23,831.24,0
144098,22.85,50.71,844.67,0
144198,22.9,50.7,839.39,0
144298,22.87,50.57,850.89,0
144398,22.99,50.49,831.54,0
144498,22.97,50.89,842.0,0
144598,22.75,50.87,847.36,0
144698,22.99,50.23,853.97,0
144798,22.99,50.36,845.0,0
144898,23.11,50.15,851.91,0
144998,23.03,50.56,852.92,0
145098,22.93,50.91,856.41,0
145198,23.03,51.07,851.11,0
145298,23.06,50.4,844.14,0
145398,22.91,50.36,849.75,0
145498,22.86,51.08,833.74,0
145598,23.0,50.98,839.84,0
145698,23.12,50.49,843.67,0
145798,23.16,50.31,845.33,0
145898,22.97,50.69,827.53,0
145998,22.94,50.46,845.33,0
146098,23.11,50.4,847.11,0
146198,23.14,50.97,822.52,0
146298,23.16,50.22,820.85,0
146398,23.35,50.45,833.47,0
146498,23.12,50.36,814.81,0
146598,23.03,50.81,799.39,0
146698,23.15,50.44,796.37,0
146798,23.32,50.95,793.22,0
146898,23.42,50.0,807.59,0
146998,23.2,50.51,805.34,0
147098,23.2,50.54,790.99,0
147198,23.19,50.19,780.54,0
147298,23.31,50.94,766.82,0
147398,23.56,50.3,761.91,0
147498,23.21,50.84,751.36,0
147598,23.51,50.29,744.2,0
147698,23.51,49.93,734.85,0
147798,23.48,50.71,739.81,0
147898,23.53,50.63,735.54,0
147998,23.6,50.41,727.22,0
148098,23.5,50.03,726.75,0
148198,23.59,50.37,713.7,0
148298,23.65,50.37,699.92,0
148398,23.52,50.52,701.42,0
148498,23.5,50.63,672.02,0
148598,23.67,50.34,689.45,0
148698,23.58,50.27,679.94,0
148798,23.73,49.71,655.75,0
148898,23.7,50.63,663.65,0
148998,23.75,50.03,653.25,0
149098,23.63,50.4,625.19,0
149198,23.85,50.35,619.4,0
149298,23.92,50.45,604.41,0
149398,23.93,50.49,606.11,0
149498,23.96,49.97,604.9,0
149598,23.89,49.61,601.09,0
149698,23.8,49.66,579.02,0
149798,24.14,50.0,567.59,0
149898,24.14,50.35,574.03,0
149998,23.81,49.75,548.62,0
150098,24.14,49.67,552.97,0
150198,23.97,50.4,530.18,0
150298,24.21,49.82,527.56,0
150398,24.06,50.3,497.69,0
150498,24.06,50.41,505.96,0
150598,24.12,50.03,501.78,0
150698,24.24,50.19,487.49,0
150798,24.21,49.78,490.45,0
150898,24.22,49.55,469.24,0
150998,24.24,49.99,457.65,0
151098,24.08,49.64,1023.0,1
151198,24.1,50.14,1023.0,1
151298,24.14,50.36,1023.0,1
151398,24.49,49.42,1023.0,1
151498,24.33,49.87,1023.0,1
151598,24.44,49.91,390.73,0
151698,24.61,49.36,391.04,0
151798,24.31,49.93,389.0,0
151898,24.43,49.82,381.86,0
151998,24.36,49.91,369.84,0
152098,24.7,49.15,367.22,0
152198,24.44,49.28,346.29,0
152298,24.43,49.85,357.94,0
152398,24.45,49.54,333.44,0
152498,24.54,49.93,334.85,0
152598,24.75,49.01,323.29,0
152698,24.75,49.3,319.75,0
152798,24.79,49.39,307.47,0
152898,24.69,49.08,312.21,0
152998,24.81,49.14,300.87,0
153098,24.73,49.53,310.85,0
153198,24.76,49.74,285.47,0
153298,24.68,49.28,288.83,0
153398,24.63,49.42,290.43,0
153498,24.82,49.23,274.35,0
153598,24.74,49.3,287.41,0
153698,24.65,49.77,267.52,0
153798,24.79,49.28,278.08,0
153898,25.06,48.92,266.28,0
153998,24.74,49.71,254.12,0
154098,24.99,49.8,268.57,0
154198,24.77,49.73,264.34,0
154298,25.02,49.18,270.5,0
154398,24.87,49.26,269.99,0
154498,25.07,49.29,267.17,0
154598,25.17,48.94,256.12,0
154698,24.93,49.83,259.57,0
154798,24.84,49.41,251.59,0
154898,24.96,49.65,249.07,0
154998,24.94,49.13,262.98,0
155098,24.86,49.52,241.57,0
155198,25.09,49.21,263.77,0
155298,24.92,49.53,248.27,0
155398,25.16,48.74,240.39,0
155498,25.13,49.14,254.14,0
155598,24.97,48.91,257.7,0
155698,24.93,48.87,261.68,0
155798,24.94,49.83,246.88,0
155898,25.27,49.55,267.09,0
155998,25.07,49.66,263.63,0
156098,25.16,49.19,274.36,0
156198,25.24,49.29,263.02,0
156298,25.23,48.98,268.87,0
156398,25.22,49.34,275.91,0
156498,25.0,48.83,290.47,0
156598,24.98,48.82,277.02,0
156698,25.13,49.43,296.81,0
156798,25.06,49.44,309.78,0
156898,25.05,48.93,313.6,0
156998,25.19,49.09,307.96,0
157098,25.13,49.6,299.55,0
157198,25.25,49.27,309.26,0
157298,25.31,49.51,313.87,0
157398,25.33,48.8,334.5,0
157498,25.13,49.61,332.06,0
157598,25.22,49.07,346.78,0
157698,25.07,48.82,347.75,0
157798,25.37,49.4,356.92,0
157898,25.14,49.0,366.32,0
157998,25.08,49.2,385.8,0
158098,25.3,48.96,386.84,0
158198,25.31,48.74,397.86,0
158298,25.29,49.52,387.54,0
158398,25.33,49.53,390.63,0
158498,25.35,49.17,414.32,0
158598,25.31,49.29,430.8,0
158698,25.01,48.91,431.1,0
158798,25.17,49.34,429.82,0
158898,25.11,49.32,436.5,0
158998,24.99,49.69,470.71,0
159098,25.17,49.38,465.79,0
159198,25.12,49.39,477.26,0
159298,24.99,49.29,488.51,0
159398,25.23,49.27,507.38,0
159498,25.08,48.91,497.4,0
159598,24.9,49.22,501.84,0
159698,24.94,49.38,516.33,0
159798,24.9,49.6,545.13,0
159898,25.03,49.5,532.27,0
159998,24.87,49.26,552.25,0
160098,24.98,49.23,561.47,0
160198,25.2,49.44,569.13,0
160298,24.96,48.86,566.73,0
160398,25.08,49.59,592.0,0
160498,25.15,48.94,592.28,0
160598,25.01,49.23,614.62,0
160698,25.09,49.69,606.65,0
160798,25.05,49.21,637.19,0
160898,24.98,48.88,626.2,0
160998,24.92,49.49,637.94,0
161098,33.03,49.02,646.8,1
161198,32.92,49.0,659.55,1
161298,32.75,49.21,674.41,1
161398,32.81,48.95,675.72,1
161498,32.89,49.69,675.57,1
161598,24.74,49.97,689.53,0
161698,24.63,49.85,693.12,0
161798,24.8,49.58,701.4,0
161898,24.8,49.74,705.81,0
161998,24.79,49.63,737.44,0
162098,24.62,49.61,740.54,0
162198,24.8,49.12,751.52,0
162298,24.67,49.88,740.66,0
162398,24.53,49.59,742.75,0
162498,24.44,50.03,771.6,0
162598,24.49,49.57,774.67,0
162698,24.53,49.93,766.77,0
162798,24.68,49.75,790.64,0
162898,24.4,49.41,773.06,0
162998,24.33,50.18,792.13,0
163098,24.55,49.54,812.15,0
163198,24.54,49.18,798.16,0
163298,24.57,49.3,810.0,0
163398,24.49,49.27,809.11,0
163498,24.48,49.85,823.71,0
163598,24.31,49.81,807.96,0
163698,24.3,50.11,833.42,0
163798,24.28,49.71,837.52,0
163898,24.28,50.09,834.1,0
163998,24.2,49.63,850.07,0
164098,24.15,50.26,841.43,0
164198,24.19,50.11,830.7,0
164298,24.02,50.23,831.27,0
164398,24.2,50.04,859.49,0
164498,24.21,50.24,856.54,0
164598,24.13,50.02,857.23,0
164698,24.12,49.62,854.88,0
164798,24.1,49.44,862.07,0
164898,24.22,49.69,839.76,0
164998,23.87,50.41,851.45,0
165098,23.91,49.62,846.8,0
165198,23.81,50.15,846.64,0
165298,24.03,49.51,840.87,0
165398,23.85,50.09,847.35,0
165498,23.69,50.18,855.8,0
165598,23.96,50.42,844.16,0
165698,23.64,49.82,835.69,0
165798,23.97,50.38,845.77,0
165898,23.71,50.09,825.04,0
165998,23.57,50.58,844.36,0
166098,23.61,49.89,819.03,0
166198,23.61,49.86,831.2,0
166298,23.69,49.88,822.16,0
166398,23.49,50.73,815.11,0
166498,23.56,50.45,831.65,0
166598,23.54,50.68,827.87,0
166698,23.75,50.19,821.47,0
166798,23.4,50.31,792.22,0
166898,23.55,50.5,785.7,0
166998,23.44,50.65,803.46,0
167098,23.45,50.44,792.09,0
167198,23.48,49.98,785.14,0
167298,23.61,50.49,778.76,0
167398,23.34,50.43,754.24,0
167498,23.41,50.16,771.2,0
167598,23.57,49.92,751.9,0
167698,23.32,50.65,762.27,0
167798,23.47,50.49,747.67,0
167898,23.3,50.71,746.99,0
167998,23.46,50.0,721.43,0
168098,23.22,50.11,711.77,0
168198,23.06,50.54,707.49,0
168298,23.4,50.85,700.16,0
168398,23.18,50.34,699.4,0
168498,23.19,50.91,688.69,0
168598,23.17,50.35,685.6,0
168698,23.21,50.12,655.55,0
168798,23.17,50.27,648.8,0
168898,23.29,50.42,642.01,0
168998,23.03,51.17,656.78,0
169098,23.02,50.93,628.64,0
169198,23.25,50.87,619.22,0
169298,22.95,50.57,618.91,0
169398,23.19,50.35,599.12,0
169498,23.02,50.35,594.84,0
169598,23.05,50.26,600.17,0
169698,22.96,51.21,576.03,0
169798,22.8,51.29,555.64,0
169898,22.99,50.88,565.07,0
169998,23.04,51.05,564.73,0
170098,22.77,50.44,541.47,0
170198,22.87,50.64,532.32,0
170298,22.74,50.55,509.55,0
170398,22.86,50.9,515.8,0
170498,23.06,50.24,506.98,0
170598,23.06,50.54,493.01,0
170698,22.69,50.81,469.93,0
170798,22.95,51.07,482.24,0
170898,22.71,50.74,475.04,0
170998,22.91,50.52,449.99,0
171098,22.88,20.3,448.61,1
171198,22.83,20.94,442.86,1
171298,22.99,20.23,445.37,1
171398,22.76,20.94,434.9,1
171498,22.72,20.65,423.38,1
171598,22.89,50.77,392.77,0
171698,22.87,50.56,387.85,0
171798,22.98,50.34,381.98,0
171898,22.62,51.0,395.74,0
171998,22.95,50.31,362.39,0
172098,22.76,50.93,380.32,0
172198,22.68,51.39,356.34,0
172298,22.67,50.91,359.05,0
172398,22.97,50.48,338.11,0
172498,22.61,51.11,348.35,0
172598,22.71,51.27,326.45,0
172698,22.79,50.63,313.46,0
172798,22.82,51.03,305.41,0
172898,22.95,50.31,301.67,0
172998,22.61,50.68,298.6,0
173098,22.9,50.54,303.56,0
173198,22.66,51.15,300.3,0
173298,22.86,51.07,299.39,0
173398,22.8,50.41,291.25,0
173498,22.81,51.13,277.6,0
173598,22.74,50.81,285.44,0
173698,22.94,50.65,263.02,0
173798,22.74,50.45,259.11,0
173898,22.68,51.03,256.12,0
173998,22.73,51.33,249.97,0
174098,22.77,51.09,269.82,0
174198,22.78,50.75,246.13,0
174298,22.94,50.68,261.54,0
174398,22.73,50.55,256.75,0
174498,22.98,50.85,253.31,0
174598,22.96,51.18,241.98,0
174698,22.9,51.13,261.13,0
174798,23.0,50.53,256.15,0
174898,23.07,50.73,250.18,0
174998,23.14,50.35,236.82,0
175098,23.03,50.9,236.13,0
175198,23.1,50.67,251.92,0
175298,23.04,50.85,239.95,0
175398,22.84,50.78,252.41,0
175498,22.88,51.04,243.37,0
175598,23.18,50.26,250.94,0
175698,23.2,50.81,259.51,0
175798,22.91,50.92,271.32,0
175898,23.13,50.15,272.69,0
175998,23.21,50.4,265.82,0
176098,23.12,50.51,264.27,0
176198,23.01,50.89,266.55,0
176298,23.26,50.56,261.55,0
176398,23.33,50.42,271.03,0
176498,23.16,50.29,278.83,0
176598,23.3,50.78,273.28,0
176698,23.2,50.78,297.77,0
176798,23.19,50.72,306.88,0
176898,23.22,51.01,316.65,0
176998,23.39,49.93,295.32,0
177098,23.44,50.56,311.72,0
177198,23.48,49.91,317.55,0
177298,23.53,50.2,316.0,0
177398,23.37,50.88,342.46,0
177498,23.58,50.52,328.34,0
177598,23.61,50.47,359.03,0
177698,23.53,50.76,344.54,0
177798,23.3,50.49,361.33,0
177898,23.46,50.15,364.58,0
177998,23.53,50.31,387.19,0
178098,23.44,50.24,390.7,0
178198,23.58,50.1,379.15,0
178298,23.55,49.93,388.36,0
178398,23.49,50.63,416.49,0
178498,23.78,50.61,402.36,0
178598,23.62,50.28,414.37,0
178698,23.82,49.67,420.65,0
178798,23.79,49.75,431.09,0
178898,23.74,50.09,450.33,0
178998,23.81,50.55,444.53,0
179098,23.73,50.14,469.18,0
179198,23.81,50.56,482.11,0
179298,23.94,50.26,471.14,0
179398,23.76,50.02,506.33,0
179498,23.9,49.96,512.58,0
179598,23.81,50.04,525.57,0
179698,23.76,49.86,518.23,0
179798,23.97,50.33,521.27,0
179898,23.97,49.58,542.01,0
179998,24.11,49.79,555.85,0
180098,24.09,50.16,551.45,0
180198,24.25,49.7,572.0,0
180298,24.0,50.14,576.75,0
180398,23.99,49.89,596.62,0
180498,24.23,50.27,587.41,0
180598,23.96,50.15,597.6,0
180698,24.01,50.0,625.59,0
180798,24.37,49.74,626.61,0
180898,24.16,50.05,629.44,0
180998,24.45,49.43,631.44,0
181098,24.44,50.17,1023.0,1
181198,24.47,49.73,1023.0,1
181298,24.35,49.67,1023.0,1
181398,24.3,49.45,1023.0,1
181498,24.29,50.01,1023.0,1
181598,24.23,49.8,705.64,0
181698,24.29,49.36,703.55,0
181798,24.61,49.88,721.76,0
181898,24.57,49.65,712.46,0
181998,24.49,49.2,720.69,0
182098,24.46,49.33,733.48,0
182198,24.51,50.01,743.3,0
182298,24.47,49.3,752.35,0
182398,24.6,49.19,763.46,0
182498,24.74,49.85,774.09,0
182598,24.42,49.89,761.45,0
182698,24.49,49.79,780.56,0
182798,24.63,50.0,778.65,0
182898,24.86,49.53,772.53,0
182998,24.59,49.69,802.17,0
183098,24.91,49.75,794.73,0
183198,24.82,49.58,798.77,0
183298,24.91,48.98,795.36,0
183398,24.6,49.79,815.39,0
183498,24.62,49.51,804.37,0
183598,24.62,49.65,832.52,0
183698,24.7,49.65,833.29,0
183798,24.89,49.66,834.87,0
183898,24.88,49.62,833.87,0
183998,24.77,49.66,843.76,0
184098,24.87,49.52,830.75,0
184198,24.95,49.45,839.73,0
184298,25.04,49.7,845.08,0
184398,25.13,49.41,834.56,0
184498,24.87,49.18,852.05,0
184598,24.91,49.78,842.97,0
184698,25.15,49.4,847.98,0
184798,24.87,49.03,861.18,0
184898,25.21,48.9,855.92,0
184998,24.87,49.13,839.43,0
185098,24.94,49.74,864.03,0
185198,24.96,49.24,847.96,0
185298,25.1,49.3,856.08,0
185398,25.12,48.97,840.53,0
185498,25.04,49.68,835.87,0
185598,25.02,49.59,854.29,0
185698,24.95,49.57,850.41,0
185798,25.25,48.85,829.65,0
185898,25.28,49.05,828.32,0
185998,25.02,49.69,838.48,0
186098,25.23,48.66,837.64,0
186198,25.03,48.88,815.91,0
186298,25.03,49.77,811.47,0
186398,25.07,49.18,822.71,0
186498,25.31,49.43,821.64,0
186598,25.36,49.38,805.49,0
186698,25.03,49.52,799.03,0
186798,25.25,48.92,792.18,0
186898,25.38,49.37,783.41,0
186998,25.39,48.63,807.37,0
187098,25.23,49.57,775.09,0
187198,25.36,48.75,791.22,0
187298,25.12,49.67,784.99,0
187398,25.1,48.91,756.77,0
187498,25.04,49.05,765.59,0
187598,25.18,48.92,766.32,0
187698,25.39,48.92,759.71,0
187798,25.05,48.8,731.07,0
187898,25.21,49.48,726.22,0
187998,25.06,49.41,713.28,0
188098,25.06,48.98,727.18,0
188198,25.36,48.64,707.57,0
188298,25.13,48.85,694.22,0
188398,25.07,49.48,708.35,0
188498,25.35,49.4,694.25,0
188598,24.98,49.3,687.45,0
188698,24.97,49.55,674.57,0
188798,25.01,49.11,671.56,0
188898,25.25,49.09,641.94,0
188998,25.14,49.44,641.53,0
189098,25.15,48.72,642.54,0
189198,25.08,48.97,624.79,0
189298,25.27,48.87,605.27,0
189398,24.94,49.22,620.42,0
189498,25.02,49.62,593.91,0
189598,24.93,49.56,597.77,0
189698,25.22,49.39,573.18,0
189798,25.24,48.84,583.7,0
189898,25.04,48.81,561.54,0
189998,25.07,48.82,548.35,0
190098,25.16,48.87,553.09,0
190198,25.1,49.28,541.04,0
190298,25.04,49.06,524.57,0
190398,25.15,49.43,509.67,0
190498,24.8,49.32,494.75,0
190598,25.01,48.84,504.24,0
190698,25.03,49.49,497.83,0
190798,25.0,49.15,483.12,0
190898,24.99,49.43,477.72,0
190998,25.07,49.54,450.7,0
191098,32.81,49.39,457.58,1
191198,32.73,49.01,436.0,1
191298,33.02,48.81,422.92,1
191398,32.63,49.43,413.51,1
191498,32.65,49.06,409.5,1
191598,24.73,49.44,413.9,0
191698,24.89,49.83,385.46,0
191798,24.88,49.19,375.6,0
191898,24.86,49.77,377.65,0
191998,24.8,49.34,381.2,0
192098,24.83,48.99,376.04,0
192198,24.58,49.71,372.56,0
192298,24.49,49.52,358.08,0
192398,24.72,49.71,333.68,0
192498,24.55,49.77,341.63,0
192598,24.38,49.6,344.03,0
192698,24.62,49.48,332.63,0
192798,24.48,49.94,325.25,0
192898,24.51,49.55,299.91,0
192998,24.35,49.95,293.87,0
193098,24.63,49.96,303.25,0
193198,24.56,49.43,304.22,0
193298,24.37,50.12,283.7,0
193398,24.46,49.94,290.51,0
193498,24.21,49.6,277.87,0
193598,24.49,49.65,274.18,0
193698,24.33,50.2,276.35,0
193798,24.2,50.24,282.2,0
193898,24.36,49.54,280.95,0
193998,24.13,50.25,277.93,0
194098,24.25,49.79,256.94,0
194198,24.25,50.18,245.1,0
194298,24.2,49.91,252.01,0
194398,24.33,49.82,267.85,0
194498,23.93,50.09,241.16,0
194598,24.25,49.83,254.13,0
194698,24.25,50.06,248.24,0
194798,23.92,50.39,251.32,0
194898,23.9,50.44,237.84,0
194998,23.97,50.36,244.48,0
195098,23.99,50.33,258.52,0
195198,24.14,49.46,261.55,0
195298,23.88,49.6,256.66,0
195398,24.07,50.26,265.45,0
195498,23.95,50.26,255.8,0
195598,23.73,50.18,251.57,0
195698,23.9,49.62,267.61,0
195798,23.81,50.53,266.21,0
195898,23.72,50.63,253.64,0
195998,23.89,50.55,261.88,0
196098,23.89,49.71,275.72,0
196198,23.87,50.01,284.09,0
196298,23.81,50.46,263.36,0
196398,23.75,50.65,268.02,0
196498,23.47,50.06,272.15,0
196598,23.6,50.4,286.44,0
196698,23.44,50.24,301.23,0
196798,23.4,50.64,296.08,0
196898,23.73,49.8,311.0,0
196998,23.48,50.03,320.42,0
197098,23.51,50.47,315.99,0
197198,23.51,50.63,311.46,0
197298,23.33,50.57,322.7,0
197398,23.57,50.32,334.58,0
197498,23.32,50.05,348.54,0
197598,23.44,50.68,348.75,0
197698,23.53,50.27,357.44,0
197798,23.31,50.69,349.38,0
197898,23.4,50.33,366.58,0
197998,23.22,50.29,388.07,0
198098,23.18,51.04,369.11,0
198198,23.12,50.96,393.5,0
198298,23.06,50.25,401.39,0
198398,23.33,50.04,410.64,0
198498,23.13,50.59,414.17,0
198598,23.1,51.11,436.04,0
198698,23.21,50.15,424.89,0
198798,23.16,50.18,445.65,0
198898,23.23,50.27,456.09,0
198998,23.08,50.61,471.41,0
199098,22.94,50.5,452.45,0
199198,22.91,50.84,488.36,0
199298,22.89,51.15,472.28,0
199398,23.0,50.69,490.07,0
199498,22.94,50.88,504.74,0
199598,22.95,50.72,499.68,0
199698,23.18,51.06,517.12,0
199798,23.05,51.12,525.0,0
199898,23.13,50.55,528.45,0
199998,22.8,50.45,547.16,0
200098,23.09,50.59,560.66,0
200198,22.99,50.35,561.32,0
200298,22.77,50.41,584.8,0
200398,22.79,50.83,591.46,0
200498,22.93,51.0,596.19,0
200598,23.06,50.62,598.06,0
200698,22.95,50.62,608.99,0
200798,22.94,50.5,629.58,0
200898,22.94,51.24,630.3,0
200998,22.85,51.03,643.21,0
201098,22.89,21.17,652.16,1
201198,22.68,21.18,648.71,1
201298,22.74,21.2,656.59,1
201398,22.87,20.81,690.8,1
201498,22.81,21.15,690.27,1
201598,22.97,50.45,705.79,0
201698,22.76,50.59,690.17,0
201798,22.96,50.51,704.97,0
201898,22.82,51.08,723.14,0
201998,23.0,50.78,720.5,0
202098,22.69,50.44,721.82,0
202198,22.78,51.24,753.55,0
202298,22.84,50.44,759.24,0
202398,22.69,50.71,767.0,0
202498,22.78,51.16,766.49,0
202598,22.78,51.08,779.5,0
202698,22.72,51.24,760.07,0
202798,22.88,50.69,786.17,0
202898,22.83,50.4,795.97,0
202998,22.9,50.85,787.51,0
203098,22.85,50.94,804.15,0
203198,22.99,50.24,806.89,0
203298,22.76,51.15,812.16,0
203398,22.81,51.14,813.73,0
203498,22.91,51.1,808.81,0
203598,22.76,51.18,822.85,0
203698,22.82,50.82,812.36,0
203798,22.73,50.71,830.08,0
203898,22.84,50.48,833.02,0
203998,22.67,50.66,848.93,0
204098,22.88,50.75,823.48,0
204198,23.07,51.02,833.83,0
204298,22.9,50.7,834.12,0
204398,23.0,50.49,837.61,0
204498,22.84,50.5,852.56,0
204598,22.81,50.85,838.9,0
204698,23.05,50.19,856.1,0
204798,23.02,50.91,837.29,0
204898,22.79,50.54,839.72,0
204998,22.86,50.59,836.93,0
205098,22.82,50.88,851.26,0
205198,22.93,51.14,852.1,0
205298,23.1,50.56,858.07,0
205398,23.1,50.45,836.58,0
205498,23.03,50.76,857.49,0
205598,23.14,50.25,840.28,0
205698,22.92,50.67,845.39,0
205798,22.93,50.63,827.79,0
205898,22.92,50.8,839.76,0
205998,23.09,50.2,836.64,0
206098,23.28,50.68,833.31,0
206198,23.11,50.54,839.34,0
206298,23.06,50.5,825.42,0
206398,23.3,50.63,818.79,0
206498,23.03,50.37,824.09,0
206598,23.05,50.47,807.95,0
206698,23.06,50.69,799.58,0
206798,23.21,50.82,793.39,0
206898,23.22,50.33,787.36,0
206998,23.1,50.42,783.79,0
207098,23.51,50.36,801.59,0
207198,23.38,50.08,792.79,0
207298,23.45,50.63,780.17,0
207398,23.25,50.57,762.07,0
207498,23.43,50.83,775.5,0
207598,23.24,50.5,752.77,0
207698,23.5,50.66,759.44,0
207798,23.29,50.73,727.55,0
207898,23.31,50.0,733.43,0
207998,23.51,50.6,733.42,0
208098,23.56,50.24,723.55,0
208198,23.66,49.81,711.62,0
208298,23.56,50.32,702.56,0
208398,23.53,50.66,684.72,0
208498,23.63,50.53,698.59,0
208598,23.52,50.6,672.54,0
208698,23.52,50.73,670.8,0
208798,23.83,50.22,669.56,0
208898,23.9,50.29,660.38,0
208998,23.91,49.83,633.92,0
209098,23.68,50.6,621.6,0
209198,23.91,49.7,621.41,0
209298,24.0,49.6,605.23,0
209398,23.96,49.54,608.07,0
209498,23.68,50.39,604.02,0
209598,23.84,50.02,586.01,0
209698,23.87,50.12,568.12,0
209798,23.92,49.74,581.94,0
209898,23.8,49.9,560.9,0
209998,23.92,49.61,564.98,0
210098,24.15,49.89,536.88,0
210198,24.22,49.77,522.52,0
210298,24.02,50.4,512.53,0
210398,23.92,50.4,503.7,0
210498,23.94,50.17,506.84,0
210598,23.99,49.94,489.04,0
210698,24.37,50.22,490.19,0
210798,24.15,49.91,473.85,0
210898,24.24,49.45,456.97,0
210998,24.38,50.14,460.17,0
211098,24.47,49.72,1023.0,1
211198,24.42,49.9,1023.0,1
211298,24.45,49.44,1023.0,1
211398,24.15,49.82,1023.0,1
211498,24.4,49.53,1023.0,1
211598,24.39,49.91,420.12,0
211698,24.45,49.94,397.05,0
211798,24.27,49.69,380.86,0
211898,24.43,50.07,393.02,0
211998,24.4,50.03,361.43,0
212098,24.36,49.38,359.97,0
212198,24.56,49.97,357.63,0
212298,24.49,50.02,355.42,0
212398,24.47,49.57,332.28,0
212498,24.48,49.77,328.41,0
212598,24.45,49.75,324.46,0
212698,24.62,49.96,332.47,0
212798,24.7,49.04,321.23,0
212898,24.69,49.83,313.09,0
212998,24.52,49.42,297.7,0
213098,24.68,49.55,293.46,0
213198,24.73,49.31,290.41,0
213298,24.59,49.37,292.29,0
213398,24.85,48.93,278.7,0
213498,24.62,49.32,279.46,0
213598,24.95,49.12,289.37,0
213698,24.9,49.68,269.45,0
213798,24.88,49.05,262.99,0
213898,24.82,48.98,261.83,0
213998,24.78,49.37,265.4,0
214098,24.93,49.53,263.45,0
214198,25.11,49.26,257.3,0
214298,25.13,49.11,270.16,0
214398,25.0,48.9,266.91,0
214498,24.97,49.75,252.09,0
214598,24.93,49.0,260.1,0
214698,25.01,48.83,259.32,0
214798,24.98,49.09,251.25,0
214898,25.01,49.02,255.43,0
214998,25.09,49.25,257.26,0
215098,25.22,48.83,245.25,0
215198,25.11,49.03,255.61,0
215298,24.88,49.02,252.85,0
215398,25.26,49.32,264.7,0
215498,25.22,48.84,255.74,0
215598,25.09,49.6,269.32,0
215698,25.22,48.94,247.37,0
215798,25.12,48.89,259.41,0
215898,25.29,49.25,253.62,0
215998,25.13,48.84,260.17,0
216098,25.24,48.8,273.67,0
216198,24.99,49.41,273.72,0
216298,25.18,49.58,284.92,0
216398,25.22,49.15,278.85,0
216498,25.25,49.55,268.77,0
216598,25.2,49.53,289.25,0
216698,25.11,49.42,294.8,0
216798,25.32,48.67,304.24,0
216898,25.36,49.09,300.25,0
216998,25.38,49.41,304.92,0
217098,25.35,49.4,308.01,0
217198,25.04,49.58,316.39,0
217298,25.38,48.88,320.81,0
217398,25.36,49.25,324.5,0
217498,25.15,49.24,339.96,0
217598,25.2,49.35,355.34,0
217698,25.03,49.28,346.41,0
217798,25.06,49.36,349.38,0
217898,25.01,49.55,365.88,0
217998,25.2,48.75,384.4,0
218098,25.34,48.83,374.43,0
218198,25.12,49.25,388.13,0
218298,25.14,49.24,396.21,0
218398,25.26,49.26,399.43,0
218498,25.16,48.97,405.69,0
218598,25.08,49.55,407.14,0
218698,25.2,48.75,416.52,0
218798,25.17,49.12,453.77,0
218898,25.02,49.27,438.85,0
218998,25.12,49.41,454.23,0
219098,25.11,49.42,460.59,0
219198,25.06,49.46,488.08,0
219298,25.05,49.51,496.29,0
219398,25.05,49.0,503.08,0
219498,25.27,48.75,509.97,0
219598,25.09,49.44,502.44,0
219698,24.95,48.9,524.65,0
219798,24.92,49.85,533.71,0
219898,25.18,48.93,547.28,0
219998,25.07,49.47,563.51,0
220098,24.93,49.82,573.48,0
220198,25.0,48.86,575.77,0
220298,24.88,49.01,591.25,0
220398,25.17,48.7,592.51,0
220498,24.96,49.75,609.71,0
220598,24.94,49.73,613.78,0
220698,24.89,49.85,628.92,0
220798,25.12,48.72,629.55,0
220898,24.95,49.41,632.45,0
220998,24.74,49.11,635.89,0
221098,33.03,49.07,651.27,1
221198,32.74,49.23,672.73,1
221298,32.91,49.46,655.23,1
221398,32.68,49.26,677.42,1
221498,32.73,49.93,673.29,1
221598,24.87,49.58,701.79,0
221698,24.8,49.13,688.97,0
221798,24.67,49.94,713.75,0
221898,24.89,49.58,718.14,0
221998,24.62,50.06,722.62,0
222098,24.81,49.37,726.84,0
222198,24.54,49.25,746.83,0
222298,24.61,49.13,739.63,0
222398,24.61,49.77,763.96,0
222498,24.41,49.35,768.45,0
222598,24.42,49.63,777.45,0
222698,24.71,49.3,772.39,0
222798,24.65,49.79,787.95,0
222898,24.5,49.28,777.59,0
222998,24.29,49.85,785.65,0
223098,24.38,49.79,804.2,0
223198,24.34,49.43,800.25,0
223298,24.36,49.44,818.08,0
223398,24.36,49.51,827.64,0
223498,24.26,49.4,806.03,0
223598,24.34,49.27,818.82,0
223698,24.29,49.41,831.99,0
223798,24.35,49.78,843.34,0
223898,24.43,49.2,843.58,0
223998,24.11,49.84,847.26,0
224098,24.33,49.6,827.66,0
224198,24.3,49.52,837.08,0
224298,24.3,49.83,849.65,0
224398,24.2,49.96,837.92,0
224498,23.97,49.89,847.71,0
224598,24.0,50.5,843.17,0
224698,23.96,49.92,859.51,0
224798,23.87,49.76,837.2,0
224898,24.05,49.89,842.25,0
224998,23.97,50.27,842.04,0
225098,23.93,50.3,836.7,0
225198,23.94,50.31,843.42,0
225298,24.06,49.67,834.58,0
225398,23.98,49.53,833.8,0
225498,23.92,50.12,858.66,0
225598,23.81,49.63,857.86,0
225698,23.85,50.37,853.32,0
225798,23.97,49.57,835.13,0
225898,23.89,50.5,836.51,0
225998,23.7,50.48,843.51,0
226098,23.56,50.63,843.85,0
226198,23.61,49.83,822.35,0
226298,23.58,50.01,829.15,0
226398,23.79,50.34,814.82,0
226498,23.7,50.06,820.48,0
226598,23.79,50.11,799.42,0
226698,23.65,50.69,796.59,0
226798,23.48,50.7,812.34,0
226898,23.46,50.77,784.62,0
226998,23.68,49.77,792.32,0
227098,23.6,50.52,787.06,0
227198,23.64,50.26,789.09,0
227298,23.63,49.94,769.78,0
227398,23.29,50.74,780.01,0
227498,23.35,50.01,770.19,0
227598,23.47,50.77,760.48,0
227698,23.21,50.18,739.41,0
227798,23.38,50.39,755.49,0
227898,23.41,49.99,730.42,0
227998,23.35,50.54,730.31,0
228098,23.27,50.93,729.01,0
228198,23.25,50.69,704.12,0
228298,23.09,50.3,702.17,0
228398,23.12,51.08,707.66,0
228498,23.36,50.8,690.84,0
228598,23.3,50.3,690.26,0
228698,23.34,50.7,673.71,0
228798,22.95,50.85,665.37,0
228898,23.0,50.42,652.25,0
228998,23.3,50.47,632.69,0
229098,23.18,50.22,635.89,0
229198,22.96,50.9,625.07,0
229298,22.88,50.43,610.29,0
229398,22.99,50.53,609.27,0
229498,22.98,50.99,610.28,0
229598,23.11,51.05,576.41,0
229698,22.96,50.91,578.47,0
229798,23.02,50.58,576.48,0
229898,22.9,50.89,573.9,0
229998,23.04,50.7,556.12,0
230098,23.03,50.83,540.82,0
230198,23.06,51.09,523.78,0
230298,23.01,50.79,528.62,0
230398,23.08,50.49,515.85,0
230498,22.99,50.22,517.15,0
230598,22.73,50.75,482.25,0
230698,23.05,50.23,485.4,0
230798,22.98,50.7,463.79,0
230898,22.95,51.19,455.0,0
230998,23.04,50.98,469.56,0
231098,23.05,20.37,458.1,1
231198,22.9,20.61,427.78,1
231298,22.98,20.95,432.85,1
231398,22.87,20.71,435.63,1
231498,22.99,21.13,418.35,1
231598,22.7,50.64,418.29,0
231698,22.69,51.05,389.04,0
231798,22.7,51.37,399.42,0
231898,22.9,51.23,377.9,0
231998,22.85,50.82,384.67,0
232098,22.7,50.87,378.79,0
232198,22.67,51.18,353.34,0
232298,22.65,50.87,339.72,0
232398,22.7,51.26,352.76,0
232498,22.72,50.58,323.53,0
232598,22.69,51.3,337.91,0
232698,22.67,50.97,310.65,0
232798,22.99,50.24,327.65,0
232898,22.63,51.27,300.8,0
232998,22.81,50.83,314.94,0
233098,22.88,51.12,315.65,0
233198,22.81,51.01,299.02,0
233298,22.97,50.56,304.05,0
233398,22.89,50.32,287.59,0
233498,22.95,50.34,275.31,0
233598,22.81,51.13,266.96,0
233698,22.81,50.61,266.14,0
233798,23.04,50.99,272.22,0
233898,22.89,51.05,277.14,0
233998,22.92,50.58,262.12,0
234098,22.97,50.86,272.29,0
234198,22.69,51.05,259.44,0
234298,22.72,51.04,249.43,0
234398,22.76,50.44,245.77,0
234498,22.73,51.23,247.26,0
234598,22.89,51.03,239.56,0
234698,22.84,50.71,239.79,0
234798,23.03,50.27,258.36,0
234898,22.8,51.14,246.33,0
234998,23.15,50.35,241.81,0
235098,22.96,50.55,261.92,0
235198,22.93,50.33,250.5,0
235298,23.02,50.32,246.84,0
235398,23.1,50.28,266.92,0
235498,23.12,50.18,245.32,0
235598,22.96,51.07,258.37,0
235698,23.09,50.89,254.9,0
235798,22.99,50.23,271.4,0
235898,23.18,50.31,269.02,0
235998,23.0,50.37,265.86,0
236098,23.11,50.82,279.53,0
236198,23.26,50.35,276.77,0
236298,23.19,50.18,271.2,0
236398,23.37,50.81,286.68,0
236498,23.33,50.25,278.19,0
236598,23.37,50.69,272.09,0
236698,23.19,50.2,291.64,0
236798,23.34,50.42,283.91,0
236898,23.26,50.72,292.25,0
236998,23.12,50.71,320.74,0
237098,23.45,50.02,304.16,0
237198,23.2,50.74,330.88,0
237298,23.19,50.65,334.53,0
237398,23.34,50.45,322.13,0
237498,23.26,50.39,350.21,0
237598,23.25,50.86,342.63,0
237698,23.45,50.6,337.1,0
237798,23.46,50.08,354.35,0
237898,23.49,50.07,365.21,0
237998,23.33,50.95,376.99,0
238098,23.4,50.68,373.93,0
238198,23.62,50.58,385.2,0
238298,23.45,49.99,384.02,0
238398,23.47,50.36,414.71,0
238498,23.52,50.13,419.8,0
238598,23.82,49.93,422.69,0
238698,23.79,50.03,424.01,0
238798,23.5,50.01,433.63,0
238898,23.8,50.01,447.4,0
238998,23.6,49.93,457.45,0
239098,23.88,50.41,453.59,0
239198,23.79,49.67,480.79,0
239298,23.63,50.22,472.86,0
239398,23.78,50.21,490.2,0
239498,23.78,49.92,511.0,0
239598,23.94,50.12,523.93,0
239698,23.83,49.99,528.87,0
239798,24.05,49.78,528.16,0
239898,23.88,50.44,546.32,0
239998,24.1,50.01,542.21,0
240098,23.93,50.48,566.29,0
240198,24.16,50.01,577.2,0
240298,24.11,50.05,570.41,0
240398,23.91,49.88,585.04,0
240498,24.3,49.59,583.45,0
240598,24.11,49.59,617.63,0
240698,24.16,50.04,604.3,0
240798,24.26,49.36,609.68,0
240898,24.35,49.31,619.4,0
240998,24.17,49.74,636.53,0
241098,24.32,49.97,1023.0,1
241198,24.35,49.54,1023.0,1
241298,24.37,49.41,1023.0,1
241398,24.49,49.68,1023.0,1
241498,24.51,49.66,1023.0,1
241598,24.25,49.54,684.07,0
241698,24.42,50.01,700.3,0
241798,24.3,50.1,706.29,0
241898,24.44,49.41,716.03,0
241998,24.68,49.52,712.23,0
242098,24.38,49.43,734.34,0
242198,24.45,49.9,743.45,0
242298,24.65,49.35,754.04,0
242398,24.44,49.85,751.35,0
242498,24.75,49.07,751.03,0
242598,24.6,49.52,756.36,0
242698,24.73,49.56,782.01,0
242798,24.55,49.61,771.86,0
242898,24.55,49.81,795.89,0
242998,24.62,49.75,789.72,0
243098,24.85,49.06,800.24,0
243198,24.7,49.14,817.1,0
243298,24.84,49.56,815.16,0
243398,24.68,49.48,805.49,0
243498,24.71,49.72,827.17,0
243598,25.0,49.58,812.14,0
243698,24.96,49.63,815.18,0
243798,24.72,49.71,813.86,0
243898,25.02,48.91,817.34,0
243998,24.71,49.17,834.73,0
244098,24.75,49.02,824.38,0
244198,24.81,49.92,845.06,0
244298,24.85,49.64,856.65,0
244398,24.84,49.09,855.96,0
244498,25.13,49.46,851.44,0
244598,25.11,49.13,845.08,0
244698,24.88,49.8,851.48,0
244798,25.16,49.67,834.71,0
244898,25.1,49.37,855.03,0
244998,25.1,49.5,843.84,0
245098,25.14,49.3,852.85,0
245198,25.25,48.82,849.67,0
245298,25.11,49.08,835.98,0
245398,25.28,48.7,846.87,0
245498,25.06,48.78,835.67,0
245598,25.16,49.13,854.35,0
245698,24.96,49.37,838.86,0
245798,25.19,49.32,848.35,0
245898,25.23,49.07,828.51,0
245998,25.19,49.49,826.96,0
246098,25.19,49.31,839.69,0
246198,25.32,49.52,826.97,0
246298,25.17,49.29,825.99,0
246398,25.15,49.63,819.63,0
246498,25.0,49.02,811.34,0
246598,25.31,48.97,811.27,0
246698,25.31,49.16,804.59,0
246798,25.04,48.83,794.22,0
246898,25.11,48.75,787.78,0
246998,25.2,49.35,788.31,0
247098,25.33,49.56,789.71,0
247198,25.14,49.34,773.52,0
247298,25.24,48.77,778.43,0
247398,25.06,49.31,768.02,0
247498,25.01,48.91,761.72,0
247598,25.2,49.42,760.18,0
247698,25.14,49.08,739.94,0
247798,25.36,49.4,742.41,0
247898,25.22,48.96,731.18,0
247998,25.06,49.16,730.74,0
248098,25.18,49.26,722.54,0
248198,25.23,48.84,699.81,0
248298,25.38,49.26,708.9,0
248398,25.03,49.26,701.4,0
248498,25.09,49.55,688.14,0
248598,25.28,49.1,689.31,0
248698,25.17,48.96,679.68,0
248798,25.18,49.64,650.03,0
248898,25.19,49.56,651.28,0
248998,25.31,49.01,653.6,0
249098,25.19,48.74,628.04,0
249198,25.27,48.81,621.52,0
249298,25.24,49.57,603.02,0
249398,25.18,49.47,607.55,0
249498,25.26,49.12,593.78,0
249598,25.25,49.43,598.92,0
249698,25.25,48.68,573.54,0
249798,25.0,49.79,564.79,0
249898,24.85,49.21,570.29,0
249998,25.1,48.87,549.96,0
250098,24.99,49.8,553.46,0
250198,24.98,49.3,525.64,0
250298,25.09,49.13,530.09,0
250398,25.11,49.26,512.73,0
250498,24.85,49.58,506.86,0
250598,24.97,49.6,502.19,0
250698,24.76,49.25,490.97,0
250798,24.76,49.83,461.31,0
250898,24.88,49.87,470.55,0
250998,24.93,49.45,443.47,0
251098,32.74,49.1,435.46,1
251198,32.95,49.75,451.58,1
251298,32.86,49.45,421.66,1
251398,32.81,49.74,408.71,1
251498,32.65,49.13,420.72,1
251598,24.77,49.71,410.58,0
251698,24.74,49.03,385.28,0
251798,24.94,49.27,395.82,0
251898,24.9,49.62,383.32,0
251998,24.57,49.19,374.56,0
252098,24.76,49.85,366.23,0
252198,24.51,49.57,354.62,0
252298,24.76,49.67,348.26,0
252398,24.65,49.05,354.85,0
252498,24.59,50.02,335.58,0
252598,24.54,49.79,324.83,0
252698,24.41,50.13,320.51,0
252798,24.55,49.35,333.74,0
252898,24.55,49.68,306.97,0
252998,24.52,49.44,309.99,0
253098,24.27,49.45,297.52,0
253198,24.5,49.97,296.98,0
253298,24.25,50.09,298.53,0
253398,24.37,50.06,280.45,0
253498,24.27,49.97,277.12,0
253598,24.19,50.26,264.73,0
253698,24.25,49.76,284.77,0
253798,24.27,49.5,277.06,0
253898,24.22,49.99,266.68,0
253998,24.24,49.97,261.41,0
254098,24.16,49.79,266.96,0
254198,24.38,49.99,257.13,0
254298,24.25,50.24,252.34,0
254398,24.11,49.42,241.39,0
254498,23.97,50.26,263.38,0
254598,24.01,49.76,239.88,0
254698,24.03,50.38,263.54,0
254798,23.87,49.77,256.5,0
254898,24.02,49.65,244.47,0
254998,24.13,49.87,239.06,0
255098,23.89,49.62,263.04,0
255198,23.92,50.41,259.9,0
255298,23.91,50.37,262.03,0
255398,23.79,49.66,261.02,0
255498,23.82,49.84,260.81,0
255598,23.78,49.83,258.11,0
255698,23.84,50.28,264.07,0
255798,23.71,50.23,248.46,0
255898,23.9,50.52,268.15,0
255998,23.74,49.94,261.53,0
256098,23.66,50.12,263.54,0
256198,23.79,49.74,260.15,0
256298,23.7,49.79,269.53,0
256398,23.84,50.22,265.58,0
256498,23.44,50.68,289.47,0
256598,23.63,49.96,274.59,0
256698,23.56,50.53,292.88,0
256798,23.62,50.09,299.66,0
256898,23.4,50.59,315.98,0
256998,23.38,50.32,313.69,0
257098,23.33,50.57,312.92,0
257198,23.51,50.5,315.35,0
257298,23.46,50.41,339.02,0
257398,23.23,50.09,337.63,0
257498,23.23,50.25,333.61,0
257598,23.57,50.54,334.74,0
257698,23.26,50.66,354.44,0
257798,23.35,50.29,357.72,0
257898,23.13,50.42,360.11,0
257998,23.43,50.31,374.5,0
258098,23.12,50.74,387.08,0
258198,23.36,50.22,396.65,0
258298,23.09,50.97,397.1,0
258398,23.32,50.71,403.2,0
258498,23.2,50.99,423.26,0
258598,23.19,50.39,412.17,0
258698,23.15,50.96,435.42,0
258798,22.97,50.25,426.9,0
258898,23.04,50.79,451.06,0
258998,23.27,50.73,450.38,0
259098,23.01,50.87,454.86,0
259198,23.14,50.59,470.91,0
259298,23.06,50.55,483.09,0
259398,23.0,51.09,497.25,0
259498,23.0,50.86,504.21,0
259598,23.09,50.17,523.32,0
259698,22.99,50.24,525.65,0
259798,22.88,51.28,522.61,0
259898,22.8,51.2,544.93,0
259998,23.03,51.08,547.09,0
260098,22.86,50.32,567.51,0
260198,23.09,50.64,569.0,0
260298,22.89,50.56,580.28,0
260398,22.81,50.78,585.46,0
260498,22.82,51.12,587.83,0
260598,22.98,50.95,620.4,0
260698,23.08,50.93,611.83,0
260798,22.81,51.23,635.32,0
260898,22.77,50.71,646.08,0
260998,22.71,50.8,643.67,0
261098,22.98,21.0,647.81,1
261198,22.95,20.65,673.25,1
261298,23.02,20.61,654.46,1
261398,22.78,20.7,666.59,1
261498,22.96,20.87,677.65,1
261598,23.01,50.41,685.56,0
261698,22.77,51.08,698.09,0
261798,22.93,50.76,715.13,0
261898,22.74,51.02,722.96,0
261998,22.64,50.82,728.12,0
262098,22.62,50.84,748.11,0
262198,22.73,51.18,754.8,0
262298,22.89,50.7,756.04,0
262398,22.77,51.08,756.52,0
262498,22.79,50.86,747.0,0
262598,22.93,50.73,779.17,0
262698,22.68,51.19,765.64,0
262798,22.67,51.19,768.06,0
262898,22.82,51.17,775.91,0
262998,22.91,50.85,796.3,0
263098,23.01,50.53,797.47,0
263198,22.62,51.03,813.62,0
263298,22.76,50.5,806.64,0
263398,22.99,50.85,813.39,0
263498,22.9,50.76,809.83,0
263598,22.84,50.99,806.45,0
263698,22.8,51.26,830.76,0
263798,22.89,50.51,840.83,0
263898,22.78,51.34,845.07,0
263998,22.89,50.87,842.47,0
264098,22.91,51.06,838.91,0
264198,22.79,51.28,847.25,0
264298,22.93,50.9,841.48,0
264398,22.93,50.88,834.69,0
264498,22.98,51.19,856.85,0
264598,22.75,50.98,845.48,0
264698,23.01,50.88,845.15,0
264798,22.94,50.64,863.75,0
264898,22.85,50.71,864.3,0
264998,22.93,50.34,844.17,0
265098,22.89,50.35,843.69,0
265198,23.08,50.99,861.18,0
265298,23.0,50.4,856.03,0
265398,23.12,51.09,837.13,0
265498,23.22,50.87,855.51,0
265598,22.98,50.62,840.39,0
265698,22.94,50.74,833.7,0
265798,23.17,50.76,845.73,0
265898,22.98,51.1,828.73,0
265998,23.03,50.72,850.32,0
266098,23.2,50.94,833.46,0
266198,23.05,51.13,842.98,0
266298,23.2,50.62,831.95,0
266398,23.31,50.34,810.66,0
266498,23.22,50.16,823.16,0
266598,23.28,50.41,827.28,0
266698,23.35,50.78,809.39,0
266798,23.35,49.96,810.8,0
266898,23.34,50.5,794.2,0
266998,23.26,50.58,802.94,0
267098,23.46,50.62,781.81,0
267198,23.31,50.78,770.17,0
267298,23.41,50.69,765.26,0
267398,23.57,49.88,773.94,0
267498,23.56,50.34,755.24,0
267598,23.43,50.12,756.28,0
267698,23.31,50.66,744.82,0
267798,23.51,50.38,738.33,0
267898,23.35,50.1,738.62,0
267998,23.69,50.63,716.9,0
268098,23.69,49.8,705.05,0
268198,23.64,50.69,719.43,0
268298,23.74,50.24,698.06,0
268398,23.76,50.4,709.35,0
268498,23.8,49.8,699.54,0
268598,23.79,50.53,683.16,0
268698,23.58,49.88,675.38,0
268798,23.73,49.72,657.68,0
268898,23.58,49.86,660.91,0
268998,23.85,50.45,637.51,0
269098,23.83,50.2,634.82,0
269198,23.75,49.71,617.33,0
269298,23.65,50.2,620.31,0
269398,23.73,50.61,606.0,0
269498,23.74,50.45,594.24,0
269598,23.92,50.25,577.18,0
269698,23.78,50.31,587.6,0
269798,24.15,50.15,571.69,0
269898,23.9,50.29,564.4,0
269998,23.94,49.99,549.59,0
270098,24.15,49.85,540.69,0
270198,23.87,50.34,526.81,0
270298,24.07,49.66,529.28,0
270398,24.08,50.24,509.57,0
270498,24.16,50.12,496.44,0
270598,24.3,49.56,480.52,0
270698,24.31,49.84,487.89,0
270798,24.11,49.65,479.78,0
270898,24.03,49.72,454.7,0
270998,24.18,49.68,469.32,0
271098,24.24,50.07,1023.0,1
271198,24.18,50.08,1023.0,1
271298,24.17,50.35,1023.0,1
271398,24.17,49.67,1023.0,1
271498,24.32,49.48,1023.0,1
271598,24.59,49.11,398.46,0
271698,24.6,49.37,400.26,0
271798,24.6,49.37,378.37,0
271898,24.59,49.16,389.25,0
271998,24.39,49.42,375.43,0
272098,24.44,50.08,360.16,0
272198,24.59,49.51,349.01,0
272298,24.6,49.8,344.45,0
272398,24.58,49.26,356.67,0
272498,24.55,49.49,331.42,0
272598,24.8,49.48,341.01,0
272698,24.82,49.38,322.22,0
272798,24.54,49.5,310.7,0
272898,24.81,49.76,300.66,0
272998,24.88,49.14,305.65,0
273098,24.92,49.01,316.91,0
273198,24.78,49.39,307.83,0
273298,24.86,49.47,301.5,0
273398,24.84,49.07,298.54,0
273498,24.61,49.2,268.19,0
273598,24.73,49.48,293.46,0
273698,24.98,49.74,286.96,0
273798,24.93,49.02,282.46,0
273898,25.02,49.41,263.72,0
273998,24.87,49.41,259.91,0
274098,24.83,49.67,248.6,0
274198,24.85,49.06,259.56,0
274298,25.02,49.43,264.53,0
274398,24.94,49.27,252.85,0
274498,24.83,49.31,250.27,0
274598,25.13,49.18,258.18,0
274698,25.19,49.46,261.91,0
274798,25.07,49.29,239.98,0
274898,24.9,49.46,243.27,0
274998,25.15,49.26,235.73,0
275098,25.17,49.1,242.4,0
275198,25.05,49.11,262.65,0
275298,25.07,49.14,242.4,0
275398,25.14,48.77,248.45,0
275498,24.91,48.9,254.59,0
275598,25.29,48.95,241.24,0
275698,25.12,49.64,266.93,0
275798,24.93,49.7,245.37,0
275898,25.07,49.23,275.27,0
275998,25.26,49.04,278.78,0
276098,25.1,49.25,275.22,0
276198,24.96,49.63,266.87,0
276298,24.99,49.65,265.1,0
276398,25.15,49.31,281.11,0
276498,25.36,49.13,291.51,0
276598,25.34,48.61,293.36,0
276698,25.04,48.91,282.43,0
276798,25.19,49.28,294.81,0
276898,25.28,49.01,295.92,0
276998,25.36,48.92,312.57,0
277098,25.24,48.89,314.24,0
277198,25.02,49.19,329.26,0
277298,25.01,48.93,317.19,0
277398,25.29,49.2,345.8,0
277498,25.03,48.88,348.17,0
277598,25.02,48.8,346.85,0
277698,25.15,48.79,351.68,0
277798,25.15,48.81,349.73,0
277898,25.36,48.79,375.62,0
277998,25.15,49.47,380.34,0
278098,25.3,49.14,389.06,0
278198,25.16,48.86,386.91,0
278298,25.04,48.95,390.61,0
278398,25.16,49.5,403.19,0
278498,25.31,49.33,407.28,0
278598,25.1,49.71,416.87,0
278698,25.3,49.21,438.77,0
278798,25.12,49.22,430.18,0
278898,25.25,49.41,460.26,0
278998,25.14,49.18,457.09,0
279098,25.3,49.36,461.91,0
279198,25.07,49.31,468.35,0
279298,25.03,48.83,478.39,0
279398,25.08,48.93,489.53,0
279498,25.08,49.38,497.42,0
279598,25.23,49.16,501.29,0
279698,25.03,49.01,510.37,0
279798,25.01,49.63,530.33,0
279898,25.22,49.15,551.09,0
279998,25.04,49.42,534.88,0
280098,24.91,49.2,569.87,0
280198,24.82,49.41,580.4,0
280298,24.81,49.18,588.52,0
280398,24.96,49.23,598.58,0
280498,25.06,48.82,600.56,0
280598,24.9,49.78,599.07,0
280698,24.75,49.52,608.32,0
280798,24.83,48.97,610.02,0
280898,24.98,49.5,620.9,0
280998,24.86,49.51,642.41,0
281098,32.89,49.25,642.96,1
281198,32.89,49.74,648.88,1
281298,32.64,49.64,677.16,1
281398,32.84,49.1,663.61,1
281498,32.73,49.05,691.47,1
281598,24.76,49.21,686.27,0
281698,24.85,49.35,711.95,0
281798,24.9,49.46,716.92,0
281898,24.77,49.28,720.06,0
281998,24.86,49.61,718.31,0
282098,24.56,49.64,746.01,0
282198,24.65,49.79,753.66,0
282298,24.66,49.38,745.51,0
282398,24.46,49.41,743.01,0
282498,24.49,49.47,765.81,0
282598,24.58,50.03,768.62,0
282698,24.56,50.06,788.92,0
282798,24.37,50.09,774.38,0
282898,24.7,49.16,801.36,0
282998,24.43,49.77,785.55,0
283098,24.33,49.51,787.27,0
283198,24.53,49.8,816.33,0
283298,24.27,50.26,821.23,0
283398,24.36,49.55,809.16,0
283498,24.46,49.96,821.47,0
283598,24.42,49.25,810.92,0
283698,24.29,50.23,832.12,0
283798,24.12,49.92,841.85,0
283898,24.45,49.68,822.36,0
283998,24.08,49.83,836.66,0
284098,24.04,50.03,828.71,0
284198,24.14,50.26,829.56,0
284298,24.24,49.95,844.52,0
284398,24.33,49.72,839.34,0
284498,23.94,50.3,832.12,0
284598,24.06,49.63,834.01,0
284698,24.24,50.25,845.69,0
284798,24.09,50.1,853.64,0
284898,24.15,49.98,850.72,0
284998,24.01,50.43,842.57,0
285098,23.98,50.15,849.95,0
285198,24.02,50.08,861.76,0
285298,24.07,49.93,846.63,0
285398,23.79,49.71,850.76,0
285498,23.8,49.88,856.04,0
285598,23.92,49.81,830.58,0
285698,23.72,50.56,836.76,0
285798,23.87,50.01,848.33,0
285898,23.83,50.35,846.29,0
285998,23.81,49.92,848.38,0
286098,23.89,50.47,819.35,0
286198,23.89,50.3,819.71,0
286298,23.62,49.82,833.64,0
286398,23.77,50.06,811.9,0
286498,23.82,50.07,816.14,0
286598,23.55,49.96,822.39,0
286698,23.67,49.78,802.19,0
286798,23.62,49.82,794.16,0
286898,23.5,50.49,797.43,0
286998,23.46,50.46,792.97,0
287098,23.3,50.86,781.95,0
287198,23.51,50.31,767.26,0
287298,23.61,49.87,770.72,0
287398,23.27,50.89,754.31,0
287498,23.24,50.88,774.99,0
287598,23.48,49.9,760.84,0
287698,23.43,50.2,751.28,0
287798,23.43,50.37,754.59,0
287898,23.24,50.12,745.05,0
287998,23.21,50.28,715.29,0
288098,23.18,51.04,727.91,0
288198,23.2,50.6,703.06,0
288298,23.24,50.41,691.73,0
288398,23.21,50.67,707.22,0
288498,23.39,50.33,672.28,0
288598,23.37,50.06,678.08,0
288698,23.35,50.45,657.6,0
288798,23.21,50.66,645.8,0
288898,22.98,50.87,652.75,0
288998,22.95,51.12,642.81,0
289098,23.24,50.22,619.64,0
289198,23.1,50.3,627.45,0
289298,23.19,51.02,621.46,0
289398,23.04,50.7,598.22,0
289498,22.97,50.6,587.16,0
289598,23.11,50.13,581.68,0
289698,23.06,50.24,589.01,0
289798,23.01,50.89,557.61,0
289898,23.07,51.02,549.93,0
289998,22.78,51.23,542.46,0
290098,23.14,50.92,538.55,0
290198,22.99,50.56,536.55,0
290298,23.06,51.01,519.38,0
290398,23.09,50.45,527.04,0
290498,22.9,51.02,508.95,0
290598,23.01,50.46,487.93,0
290698,22.85,50.38,478.83,0
290798,22.84,50.62,485.6,0
290898,22.76,50.79,477.89,0
290998,22.94,50.37,458.18,0
291098,22.86,20.56,452.02,1
291198,22.82,20.52,448.85,1
291298,22.64,21.01,429.26,1
291398,22.9,21.17,425.87,1
291498,23.01,20.76,407.3,1
291598,22.92,51.21,390.66,0
291698,22.88,50.75,389.39,0
291798,22.73,51.09,391.07,0
291898,22.99,50.43,381.44,0
291998,22.71,51.29,360.55,0
292098,22.67,50.91,359.64,0
292198,22.86,50.9,347.94,0
292298,22.6,50.61,355.46,0
292398,22.89,50.42,333.83,0
292498,22.71,50.75,333.3,0
292598,22.92,50.39,344.66,0
292698,22.75,51.29,314.35,0
292798,22.74,50.83,313.1,0
292898,22.76,51.17,319.87,0
292998,22.74,51.09,312.91,0
293098,22.86,50.68,300.06,0
293198,22.64,50.97,308.41,0
293298,22.63,51.23,300.11,0
293398,22.62,51.18,297.77,0
293498,22.67,51.09,293.33,0
293598,22.82,50.55,283.35,0
293698,22.88,51.17,263.26,0
293798,23.0,50.58,275.94,0
293898,22.69,51.22,269.66,0
293998,22.76,51.13,273.31,0
294098,22.83,50.43,260.09,0
294198,22.77,51.26,273.08,0
294298,23.03,50.66,252.6,0
294398,22.91,50.64,250.67,0
294498,22.87,50.8,245.79,0
294598,22.74,50.4,239.29,0
294698,22.98,50.38,247.04,0
294798,22.85,50.4,246.85,0
294898,22.83,50.75,247.8,0
294998,22.77,51.36,253.33,0
295098,22.97,50.37,247.41,0
295198,23.08,50.54,260.02,0
295298,23.17,51.05,264.76,0
295398,22.86,50.4,241.41,0
295498,22.85,50.97,241.92,0
295598,23.1,50.51,250.3,0
295698,22.99,50.39,252.84,0
295798,22.9,50.79,249.74,0
295898,23.27,50.86,264.32,0
295998,23.14,50.47,275.81,0
296098,23.21,50.14,279.59,0
296198,22.97,50.52,256.12,0
296298,23.32,50.22,266.63,0
296398,23.14,50.24,264.93,0
296498,23.18,50.53,284.39,0
296598,23.4,50.55,290.42,0
296698,23.36,50.93,280.84,0
296798,23.33,50.97,295.07,0
296898,23.4,50.64,309.77,0
296998,23.41,50.9,318.83,0
297098,23.21,50.76,306.54,0
297198,23.14,51.09,316.5,0
297298,23.19,50.13,313.62,0
297398,23.45,50.66,339.71,0
297498,23.4,50.47,334.84,0
297598,23.54,50.53,334.74,0
297698,23.6,50.0,344.06,0
297798,23.33,49.98,365.34,0
297898,23.52,49.97,368.16,0
297998,23.57,50.0,384.97,0
298098,23.54,50.81,394.19,0
298198,23.53,50.76,398.18,0
298298,23.52,50.22,403.36,0
298398,23.63,50.44,403.28,0
298498,23.45,50.23,417.11,0
298598,23.69,50.44,426.73,0
298698,23.81,50.12,425.53,0
298798,23.58,50.68,443.65,0
298898,23.88,49.97,457.54,0
298998,23.85,50.44,445.46,0
299098,23.66,50.29,468.27,0
299198,23.81,49.7,479.44,0
299298,23.71,50.06,499.36,0
299398,23.88,49.7,496.73,0
299498,23.88,49.6,488.85,0
299598,23.93,50.54,520.69,0
299698,23.87,50.0,532.97,0
299798,23.93,50.09,527.58,0
299898,23.79,49.81,543.69,0
299998,24.06,49.55,563.51,0
300098,24.17,49.87,557.76,0
300198,24.24,49.51,555.03,0
300298,24.08,49.63,589.33,0
300398,24.06,49.85,592.9,0
300498,24.07,49.82,583.35,0
300598,24.31,50.15,617.09,0
300698,24.01,49.98,626.6,0
300798,24.06,50.1,611.08,0
300898,24.31,49.69,633.29,0
300998,24.36,49.87,653.55,0
301098,24.14,50.33,1023.0,1
301198,24.18,50.31,1023.0,1
301298,24.37,49.56,1023.0,1
301398,24.49,49.32,1023.0,1
301498,24.26,49.68,1023.0,1
301598,24.55,50.03,701.49,0
301698,24.31,50.16,703.66,0
301798,24.37,49.67,704.79,0
301898,24.49,49.84,727.27,0
301998,24.37,49.37,712.74,0
302098,24.32,49.9,727.99,0
302198,24.37,49.56,739.73,0
302298,24.51,49.2,759.33,0
302398,24.46,49.56,751.4,0
302498,24.6,49.33,774.6,0
302598,24.65,49.38,759.64,0
302698,24.59,49.93,764.82,0
302798,24.55,49.36,774.17,0
302898,24.87,49.55,800.63,0
302998,24.62,49.78,798.5,0
303098,24.92,49.19,796.16,0
303198,24.59,49.42,796.31,0
303298,24.75,49.69,810.41,0
303398,24.69,49.72,826.15,0
303498,24.95,49.46,822.25,0
303598,24.64,49.92,832.59,0
303698,25.0,49.44,834.94,0
303798,24.99,49.44,828.92,0
303898,24.71,49.69,834.3,0
303998,24.87,49.49,847.86,0
304098,25.1,49.55,842.02,0
304198,24.84,49.86,833.9,0
304298,24.82,49.49,834.95,0
304398,24.81,49.39,839.72,0
304498,24.92,48.98,847.46,0
304598,24.95,48.98,835.24,0
304698,25.07,48.77,839.41,0
304798,24.83,49.09,862.32,0
304898,24.87,49.23,853.73,0
304998,24.94,49.76,849.75,0
305098,25.06,49.16,837.43,0
305198,25.15,49.26,844.6,0
305298,25.02,48.94,841.47,0
305398,24.99,49.28,843.3,0
305498,24.9,49.58,855.3,0
305598,24.99,49.61,847.64,0
305698,25.21,49.26,844.77,0
305798,25.09,49.42,826.09,0
305898,25.07,48.79,847.25,0
305998,25.07,49.45,828.05,0
306098,25.0,49.11,847.05,0
306198,24.98,49.0,831.44,0
306298,25.29,48.62,835.97,0
306398,25.09,49.65,808.22,0
306498,25.18,48.8,818.08,0
306598,25.25,48.73,826.26,0
306698,25.32,49.43,816.3,0
306798,25.31,49.45,794.59,0
306898,25.06,49.06,793.08,0
306998,25.35,49.09,782.68,0
307098,25.2,49.63,790.45,0
307198,25.24,49.38,772.53,0
307298,25.35,48.59,780.21,0
307398,25.21,49.56,773.44,0
307498,25.16,49.01,766.75,0
307598,25.28,49.18,757.61,0
307698,25.28,48.83,747.83,0
307798,25.06,48.86,749.66,0
307898,25.15,49.21,733.91,0
307998,25.2,49.33,713.34,0
308098,25.27,49.55,705.72,0
308198,25.0,49.74,703.59,0
308298,25.2,49.2,688.55,0
308398,25.23,48.87,689.45,0
308498,25.02,49.25,674.25,0
308598,25.01,49.02,664.95,0
308698,25.27,48.64,674.55,0
308798,25.02,48.98,652.52,0
308898,25.2,49.47,665.88,0
308998,25.29,49.06,646.08,0
309098,25.1,49.41,632.97,0
309198,25.1,49.01,619.01,0
309298,24.99,49.13,601.08,0
309398,25.06,49.09,619.15,0
309498,25.1,49.3,591.02,0
309598,24.9,49.14,576.09,0
309698,24.96,49.48,579.24,0
309798,25.08,49.34,570.86,0
309898,24.95,49.05,551.08,0
309998,25.05,48.85,559.37,0
310098,25.14,49.08,554.66,0
310198,24.83,49.58,526.07,0
310298,25.05,48.89,519.1,0
310398,24.85,49.83,503.43,0
310498,24.95,49.76,515.97,0
310598,24.8,49.21,508.07,0
310698,24.84,49.52,494.13,0
310798,24.73,49.03,471.68,0
310898,25.08,49.44,463.16,0
310998,24.85,49.14,464.09,0
311098,32.87,49.02,456.04,1
311198,32.79,49.28,452.4,1
311298,33.04,49.31,426.67,1
311398,32.68,49.1,433.0,1
311498,32.87,49.04,428.89,1
311598,24.91,49.48,413.84,0
311698,24.66,49.14,389.59,0
311798,24.64,50.02,398.85,0
311898,24.81,49.54,367.65,0
311998,24.51,49.37,373.26,0
312098,24.56,49.87,376.95,0
312198,24.8,49.71,354.22,0
312298,24.6,49.13,355.15,0
312398,24.53,49.48,342.26,0
312498,24.74,49.63,349.39,0
312598,24.39,49.57,327.52,0
312698,24.68,49.04,311.76,0
312798,24.72,49.55,316.96,0
312898,24.35,49.97,306.49,0
312998,24.6,49.76,296.76,0
313098,24.31,49.4,307.67,0
313198,24.44,49.34,285.2,0
313298,24.27,50.12,294.15,0
313398,24.56,49.24,283.36,0
313498,24.27,49.38,277.69,0
313598,24.37,49.82,291.14,0
313698,24.25,49.76,277.01,0
313798,24.29,49.4,260.24,0
313898,24.12,49.85,262.86,0
313998,24.11,50.08,275.84,0
314098,24.25,49.89,266.36,0
314198,24.1,50.2,244.49,0
314298,24.02,50.45,260.41,0
314398,24.12,49.97,253.58,0
314498,24.29,50.02,259.04,0
314598,24.23,49.73,239.57,0
314698,23.92,50.43,243.78,0
314798,24.18,50.23,240.78,0
314898,24.2,49.52,261.82,0
314998,24.19,49.51,263.56,0
315098,23.79,50.38,235.83,0
315198,23.81,49.84,247.33,0
315298,23.99,49.65,264.56,0
315398,23.82,50.29,255.83,0
315498,23.99,50.45,247.96,0
315598,23.9,49.69,264.34,0
315698,23.88,50.26,242.18,0
315798,23.68,50.62,266.43,0
315898,23.69,49.95,275.84,0
315998,23.63,49.92,266.14,0
316098,23.86,50.31,260.76,0
316198,23.9,50.38,280.41,0
316298,23.77,50.04,265.63,0
316398,23.55,50.2,279.43,0
316498,23.77,49.66,281.05,0
316598,23.76,50.44,290.69,0
316698,23.43,49.9,292.43,0
316798,23.42,50.77,308.54,0
316898,23.72,50.25,299.81,0
316998,23.58,49.98,310.95,0
317098,23.5,50.51,301.54,0
317198,23.29,50.17,321.56,0
317298,23.59,50.17,312.76,0
317398,23.46,50.22,332.86,0
317498,23.29,50.26,332.79,0
317598,23.43,50.07,330.7,0
317698,23.54,50.07,353.1,0
317798,23.36,50.56,357.55,0
317898,23.24,50.09,356.54,0
317998,23.37,50.71,385.9,0
318098,23.41,50.9,378.5,0
318198,23.39,50.76,392.61,0
318298,23.32,50.01,401.82,0
318398,23.36,50.3,410.35,0
318498,23.31,50.42,402.05,0
318598,23.2,50.67,415.97,0
318698,23.29,50.29,429.26,0
318798,23.1,50.19,433.97,0
318898,23.24,50.35,446.88,0
318998,23.07,50.42,449.29,0
319098,23.18,50.68,463.37,0
319198,22.98,51.07,474.02,0
319298,23.15,50.58,470.16,0
319398,23.07,50.44,481.56,0
319498,22.94,51.23,517.08,0
319598,23.03,50.29,499.76,0
319698,23.08,50.78,531.67,0
319798,23.12,51.11,529.68,0
319898,23.1,50.87,534.34,0
319998,23.04,50.81,559.19,0
320098,22.78,50.7,549.3,0
320198,23.03,51.01,563.56,0
320298,22.85,50.76,573.03,0
320398,23.0,51.02,584.67,0
320498,22.85,50.72,609.22,0
320598,22.88,51.17,620.11,0
320698,22.75,50.47,606.02,0
320798,22.89,50.97,637.89,0
320898,23.03,50.57,624.77,0
320998,22.91,50.92,654.66,0
321098,22.93,20.85,649.17,1
321198,22.72,20.73,670.33,1
321298,22.79,20.66,680.3,1
321398,22.87,21.16,683.02,1
321498,22.81,21.25,694.97,1
321598,22.7,51.1,695.58,0
321698,22.76,50.44,688.29,0
321798,22.65,50.57,713.36,0
321898,22.71,50.72,709.91,0
321998,22.86,51.2,716.7,0
322098,22.96,50.29,743.26,0
322198,22.63,50.8,749.06,0
322298,22.83,50.99,738.05,0
322398,22.61,50.52,744.73,0
322498,22.85,50.39,762.17,0
322598,22.81,51.21,774.61,0
322698,22.74,50.62,766.77,0
322798,22.89,50.52,791.87,0
322898,22.95,50.29,792.03,0
322998,22.69,51.32,791.91,0
323098,22.64,50.52,784.18,0
323198,22.84,50.76,795.67,0
323298,23.02,51.12,794.01,0
323398,22.79,50.35,818.57,0
323498,22.95,50.55,824.82,0
323598,22.78,51.14,826.44,0
323698,22.88,51.26,836.0,0
323798,22.67,50.7,821.14,0
323898,22.9,51.03,838.43,0
323998,22.67,50.81,838.62,0
324098,22.81,50.35,850.48,0
324198,22.98,50.59,828.14,0
324298,22.72,50.97,846.55,0
324398,22.95,51.08,830.09,0
324498,23.02,50.85,861.2,0
324598,23.08,50.69,839.23,0
324698,22.82,50.58,843.3,0
324798,22.93,50.41,845.22,0
324898,22.83,50.48,840.37,0
324998,22.99,50.34,836.17,0
325098,23.16,50.86,864.12,0
325198,23.09,50.58,861.02,0
325298,23.02,50.38,861.56,0
325398,22.92,51.21,842.68,0
325498,23.19,50.87,839.23,0
325598,23.14,51.06,852.55,0
325698,23.2,50.56,853.73,0
325798,22.92,50.98,827.36,0
325898,22.91,50.71,848.39,0
325998,23.01,50.56,824.06,0
326098,23.11,50.26,837.09,0
326198,23.0,50.63,829.62,0
326298,23.02,50.92,815.44,0
326398,23.22,50.38,811.63,0
326498,23.39,50.28,810.13,0
326598,23.18,50.35,824.5,0
326698,23.22,50.26,817.07,0
326798,23.45,50.18,795.06,0
326898,23.28,50.66,783.33,0
326998,23.32,50.23,804.78,0
327098,23.51,50.31,775.07,0
327198,23.2,50.77,789.28,0
327298,23.51,50.1,775.23,0
327398,23.49,49.92,772.94,0
327498,23.29,50.68,768.79,0
327598,23.62,50.29,751.45,0
327698,23.64,50.66,750.37,0
327798,23.48,50.62,735.86,0
327898,23.58,49.8,740.59,0
327998,23.45,50.0,729.54,0
328098,23.44,50.21,717.42,0
328198,23.48,50.39,711.71,0
328298,23.54,50.45,698.76,0
328398,23.42,50.86,696.04,0
328498,23.66,50.66,693.81,0
328598,23.79,50.04,690.17,0
328698,23.69,50.06,679.38,0
328798,23.64,50.1,647.34,0
328898,23.79,50.47,664.71,0
328998,23.68,49.84,645.63,0
329098,23.7,50.33,647.68,0
329198,23.77,50.31,627.52,0
329298,24.01,50.4,611.63,0
329398,23.87,49.79,615.12,0
329498,23.88,50.24,590.02,0
329598,23.84,50.43,595.58,0
329698,24.09,49.9,567.07,0
329798,23.86,49.74,557.0,0
329898,24.01,50.06,558.77,0
329998,23.94,49.7,558.96,0
330098,24.14,49.86,541.68,0
330198,23.94,49.77,531.31,0
330298,24.23,49.63,508.86,0
330398,24.22,50.34,527.01,0
330498,24.12,49.83,506.85,0
330598,24.06,49.72,488.01,0
330698,24.17,50.3,493.94,0
330798,24.34,50.02,475.85,0
330898,24.25,50.13,476.19,0
330998,24.12,49.98,459.4,0
331098,24.11,49.75,1023.0,1
331198,24.13,49.48,1023.0,1
331298,24.25,49.87,1023.0,1
331398,24.4,50.0,1023.0,1
331498,24.46,49.54,1023.0,1
331598,24.44,49.36,396.86,0
331698,24.24,50.08,405.95,0
331798,24.5,49.46,399.5,0
331898,24.61,49.71,391.55,0
331998,24.6,50.02,366.49,0
332098,24.64,49.23,352.75,0
332198,24.63,49.9,367.28,0
332298,24.49,49.68,337.51,0
332398,24.73,49.6,349.12,0
332498,24.47,50.15,350.93,0
332598,24.6,50.06,341.44,0
332698,24.53,50.03,330.17,0
332798,24.75,49.87,328.96,0
332898,24.55,50.0,319.04,0
332998,24.86,49.22,299.94,0
333098,24.89,49.83,306.03,0
333198,24.73,49.97,286.44,0
333298,24.63,49.75,297.02,0
333398,24.64,49.23,291.52,0
333498,24.68,49.28,278.61,0
333598,24.87,49.81,265.08,0
333698,24.94,49.14,270.23,0
333798,24.78,49.46,279.22,0
333898,24.95,49.3,279.58,0
333998,24.89,48.91,264.41,0
334098,24.88,49.1,262.86,0
334198,24.93,49.81,268.31,0
334298,24.93,49.07,244.97,0
334398,25.12,49.5,257.04,0
334498,25.01,49.3,252.67,0
334598,24.87,49.7,258.98,0
334698,25.13,48.73,251.99,0
334798,24.96,49.13,256.86,0
334898,24.84,49.57,238.77,0
334998,24.88,48.94,245.09,0
335098,25.11,49.01,236.32,0
335198,25.16,49.35,245.0,0
335298,25.2,49.41,236.81,0
335398,24.95,49.54,261.86,0
335498,25.04,49.42,263.6,0
335598,25.2,49.08,259.44,0
335698,24.98,49.08,261.91,0
335798,25.13,48.92,264.68,0
335898,25.13,49.22,254.73,0
335998,25.26,49.31,279.17,0
336098,25.25,48.8,273.54,0
336198,25.32,49.16,277.17,0
336298,25.02,48.83,274.87,0
336398,25.21,48.79,293.39,0
336498,25.13,49.3,275.01,0
336598,24.99,49.4,278.92,0
336698,25.0,49.46,288.81,0
336798,25.13,48.95,306.39,0
336898,25.2,49.58,306.41,0
336998,25.27,49.45,315.34,0
337098,25.1,49.08,311.07,0
337198,25.31,49.28,306.89,0
337298,25.27,48.93,336.7,0
337398,25.25,49.25,337.59,0
337498,25.03,49.39,328.76,0
337598,25.24,49.02,351.62,0
337698,25.33,49.33,365.73,0
337798,25.03,48.86,372.74,0
337898,25.38,49.06,361.78,0
337998,25.25,49.51,379.11,0
338098,25.12,49.04,387.0,0
338198,25.09,48.85,377.73,0
338298,25.36,49.49,406.91,0
338398,25.31,48.9,395.21,0
338498,24.98,49.15,408.25,0
338598,25.08,49.17,421.53,0
338698,25.21,49.63,420.3,0
338798,25.28,49.44,448.39,0
338898,24.96,49.29,456.56,0
338998,25.1,49.65,467.34,0
339098,25.03,48.93,480.04,0
339198,25.16,49.33,487.22,0
339298,25.3,48.85,479.57,0
339398,25.01,48.88,484.47,0
339498,24.92,48.91,493.69,0
339598,24.97,49.49,527.08,0
339698,25.07,49.04,515.51,0
339798,24.88,49.02,530.4,0
339898,24.93,49.24,533.33,0
339998,25.14,48.81,542.91,0
340098,25.05,48.95,569.02,0
340198,24.96,49.17,567.5,0
340298,24.88,49.86,573.98,0
340398,24.86,49.47,582.43,0
340498,24.79,49.7,604.1,0
340598,24.77,49.86,613.66,0
340698,24.83,49.34,613.16,0
340798,24.78,48.96,622.44,0
340898,24.88,49.17,645.04,0
340998,24.89,49.36,656.95,0
341098,33.03,49.21,643.56,1
341198,32.95,48.9,645.55,1
341298,32.78,49.37,668.81,1
341398,32.82,49.5,683.6,1
341498,32.7,49.08,694.19,1
341598,24.98,49.57,706.38,0
341698,24.66,49.6,712.0,0
341798,24.56,49.14,701.91,0
341898,24.65,49.82,704.88,0
341998,24.54,49.27,738.99,0
342098,24.5,50.13,743.2,0
342198,24.52,49.78,746.75,0
342298,24.71,49.66,739.52,0
342398,24.6,49.11,750.84,0
342498,24.6,49.99,772.0,0
342598,24.43,49.83,757.82,0
342698,24.5,49.18,778.37,0
342798,24.62,49.18,772.92,0
342898,24.62,49.85,784.48,0
342998,24.47,50.06,781.78,0
343098,24.41,49.54,789.6,0
343198,24.25,49.37,816.97,0
343298,24.54,49.74,821.35,0
343398,24.29,49.55,822.29,0
343498,24.27,50.08,803.3,0
343598,24.25,49.62,818.78,0
343698,24.17,50.34,832.18,0
343798,24.32,49.35,816.48,0
343898,24.38,49.79,840.99,0
343998,24.43,50.03,847.71,0
344098,24.15,49.99,838.97,0
344198,24.01,49.77,855.45,0
344298,24.34,49.38,835.6,0
344398,24.3,49.54,846.77,0
344498,24.21,49.82,848.18,0
344598,24.04,50.24,858.98,0
344698,24.03,50.15,839.3,0
344798,23.87,50.55,862.82,0
344898,24.22,49.75,848.8,0
344998,23.94,49.82,847.87,0
345098,24.13,50.4,853.22,0
345198,24.13,50.23,835.67,0
345298,23.9,50.32,839.19,0
345398,24.08,49.73,855.63,0
345498,23.95,49.63,860.06,0
345598,23.99,50.39,839.68,0
345698,23.89,49.77,848.99,0
345798,23.8,49.72,835.89,0
345898,23.73,50.43,849.56,0
345998,23.63,50.39,841.56,0
346098,23.54,50.47,817.35,0
346198,23.71,50.02,828.97,0
346298,23.63,50.25,827.57,0
346398,23.5,50.65,827.33,0
346498,23.73,50.46,806.34,0
346598,23.53,50.32,801.52,0
346698,23.58,50.56,800.8,0
346798,23.66,50.46,802.77,0
346898,23.71,50.36,788.77,0
346998,23.37,50.36,789.17,0
347098,23.37,50.47,786.02,0
347198,23.55,50.47,771.14,0
347298,23.44,49.93,783.72,0
347398,23.47,50.05,780.5,0
347498,23.37,50.29,760.07,0
347598,23.42,50.27,740.64,0
347698,23.32,50.08,738.41,0
347798,23.27,50.2,733.21,0
347898,23.25,50.58,726.51,0
347998,23.25,50.06,738.54,0
348098,23.09,50.57,718.24,0
348198,23.25,50.75,699.71,0
348298,23.2,50.78,701.31,0
348398,23.38,50.58,682.85,0
348498,23.18,50.4,698.84,0
348598,23.08,51.11,690.18,0
348698,23.21,50.08,658.63,0
348798,23.29,50.68,664.71,0
348898,23.16,50.85,649.78,0
348998,23.08,50.37,643.86,0
349098,22.93,50.77,647.78,0
349198,23.26,50.16,610.13,0
349298,23.19,50.77,613.03,0
349398,22.89,50.35,617.77,0
349498,22.87,50.83,607.09,0
349598,23.1,50.97,584.13,0
349698,23.14,51.05,565.44,0
349798,22.87,50.53,582.82,0
349898,23.15,50.73,555.58,0
349998,23.0,50.44,536.46,0
350098,23.04,50.52,544.49,0
350198,22.96,50.69,518.09,0
350298,23.03,50.81,535.22,0
350398,23.09,50.71,514.53,0
350498,23.02,50.36,504.81,0
350598,22.83,50.67,490.57,0
350698,22.81,50.73,481.14,0
350798,23.07,50.22,462.21,0
350898,22.83,50.68,476.4,0
350998,23.03,50.52,470.4,0
351098,22.97,20.22,449.1,1
351198,22.94,20.94,444.52,1
351298,22.94,20.88,435.82,1
351398,22.76,21.15,433.37,1
351498,22.88,21.07,417.18,1
351598,22.83,51.22,404.2,0
351698,22.96,50.48,392.72,0
351798,22.92,51.1,389.06,0
351898,22.99,50.9,371.67,0
351998,22.91,50.42,385.13,0
352098,22.85,50.82,364.55,0
352198,22.99,50.4,355.26,0
352298,22.81,51.23,342.25,0
352398,22.94,50.93,348.91,0
352498,22.73,51.14,351.33,0
352598,22.69,51.19,317.51,0
352698,22.95,50.66,325.29,0
352798,22.69,51.0,310.72,0
352898,22.63,51.42,298.95,0
352998,22.72,50.41,311.64,0
353098,22.86,50.66,315.17,0
353198,22.71,50.44,307.58,0
353298,22.69,50.57,294.93,0
353398,22.73,50.95,287.12,0
353498,22.86,51.12,279.61,0
353598,22.94,50.74,274.32,0
353698,22.94,51.13,271.66,0
353798,22.74,50.79,275.06,0
353898,22.75,50.73,268.31,0
353998,22.84,51.19,264.8,0
354098,22.84,50.83,269.87,0
354198,22.82,51.26,263.84,0
354298,22.88,51.25,258.28,0
354398,22.83,51.21,250.13,0
354498,22.94,50.32,250.24,0
354598,22.82,50.35,253.96,0
354698,23.12,51.09,259.16,0
354798,22.89,50.76,239.93,0
354898,22.87,51.21,248.27,0
354998,23.06,50.41,252.57,0
355098,22.85,51.01,258.65,0
355198,22.86,51.27,251.3,0
355298,23.09,51.01,253.93,0
355398,23.19,50.39,263.39,0
355498,23.01,50.92,240.39,0
355598,23.1,50.24,251.44,0
355698,23.17,50.25,271.85,0
355798,22.9,51.15,270.09,0
355898,23.18,50.64,275.79,0
355998,23.16,50.83,259.11,0
356098,23.27,50.47,267.13,0
356198,23.13,50.46,272.34,0
356298,23.09,50.6,263.96,0
356398,22.98,50.71,277.51,0
356498,23.35,50.55,296.52,0
356598,23.34,50.29,301.76,0
356698,23.42,50.52,306.36,0
356798,23.39,50.2,301.33,0
356898,23.26,50.58,295.99,0
356998,23.16,50.87,309.86,0
357098,23.12,50.51,306.06,0
357198,23.39,50.25,320.22,0
357298,23.33,50.08,339.48,0
357398,23.57,50.15,339.73,0
357498,23.41,50.45,346.63,0
357598,23.5,50.67,337.34,0
357698,23.46,50.76,337.11,0
357798,23.31,50.82,345.84,0
357898,23.54,50.39,378.14,0
357998,23.51,50.39,367.16,0
358098,23.68,49.89,366.51,0
358198,23.67,50.53,401.58,0
358298,23.55,50.1,409.71,0
358398,23.7,50.38,409.8,0
358498,23.46,50.44,401.8,0
358598,23.84,49.63,410.28,0
358698,23.62,50.22,441.3,0
358798,23.53,50.33,446.57,0
358898,23.87,50.48,443.87,0
358998,23.85,50.16,456.28,0
359098,23.89,50.56,453.83,0
359198,23.91,50.5,465.71,0
359298,23.95,49.57,486.81,0
359398,24.04,49.5,482.03,0
359498,23.7,50.21,512.36,0
359598,23.86,50.02,502.13,0
359698,23.76,50.27,511.68,0
359798,23.79,50.05,544.32,0
359898,24.1,49.44,526.72,0
359998,24.04,49.79,536.29,0
360098,24.01,49.93,570.1,0
360198,24.08,50.28,561.72,0
360298,24.02,49.99,577.92,0
360398,24.22,49.97,586.94,0
360498,24.06,50.3,607.88,0
360598,24.08,50.17,608.26,0
360698,24.05,50.32,600.92,0
360798,24.0,49.9,625.29,0
360898,24.31,49.75,636.55,0
360998,24.1,49.85,654.97,0
361098,24.41,49.53,1023.0,1
361198,24.36,50.09,1023.0,1
361298,24.25,49.65,1023.0,1
361398,24.3,49.33,1023.0,1
361498,24.46,49.27,1023.0,1
361598,24.54,49.37,695.42,0
361698,24.4,49.32,695.42,0
361798,24.45,49.72,696.2,0
361898,24.3,49.68,708.55,0
361998,24.64,50.05,738.1,0
362098,24.34,49.41,729.35,0
362198,24.62,49.56,730.96,0
362298,24.53,49.93,762.27,0
362398,24.46,49.49,743.15,0
362498,24.45,49.72,759.14,0
362598,24.67,49.49,755.16,0
362698,24.66,49.18,782.21,0
362798,24.63,49.55,788.2,0
362898,24.63,49.3,799.36,0
362998,24.59,49.4,806.93,0
363098,24.79,49.44,803.12,0
363198,24.81,49.2,808.55,0
363298,24.7,49.15,806.5,0
363398,24.63,49.24,801.32,0
363498,24.67,49.3,815.46,0
363598,24.95,49.6,828.78,0
363698,24.67,49.47,811.27,0
363798,24.88,49.54,821.11,0
363898,24.92,49.81,829.57,0
363998,24.74,49.56,834.17,0
364098,24.73,49.88,841.66,0
364198,24.75,49.79,836.21,0
364298,24.96,49.81,843.49,0
364398,25.04,49.7,858.0,0
364498,25.09,49.41,842.07,0
364598,25.11,49.62,845.73,0
364698,25.07,49.63,850.87,0
364798,24.97,48.91,853.04,0
364898,25.18,49.26,860.61,0
364998,25.22,48.76,845.78,0
365098,24.92,49.42,850.26,0
365198,25.21,49.1,836.9,0
365298,24.97,48.89,859.26,0
365398,25.28,49.01,859.32,0
365498,25.27,49.58,851.61,0
365598,25.29,49.59,846.55,0
365698,25.14,49.52,856.66,0
365798,25.32,48.6,844.64,0
365898,25.28,49.13,838.29,0
365998,25.33,49.12,824.36,0
366098,25.13,49.01,827.03,0
366198,25.33,49.26,832.25,0
366298,25.32,49.49,835.83,0
366398,25.12,48.75,808.85,0
366498,25.02,49.53,831.86,0
366598,25.38,49.06,798.11,0
366698,25.2,49.23,793.45,0
366798,25.02,49.3,813.94,0
366898,25.34,48.6,791.92,0
366998,25.04,49.45,801.96,0
367098,25.24,48.68,800.15,0
367198,25.35,48.72,790.95,0
367298,25.1,49.34,770.7,0
367398,25.1,49.68,773.05,0
367498,25.2,49.27,771.37,0
367598,25.12,49.38,762.9,0
367698,25.03,48.91,757.88,0
367798,25.24,48.72,744.19,0
367898,25.1,49.03,719.4,0
367998,25.08,49.29,712.21,0
368098,25.11,49.51,724.31,0
368198,25.05,49.65,704.22,0
368298,25.14,49.51,691.32,0
368398,25.17,49.5,684.83,0
368498,25.15,49.39,695.06,0
368598,25.08,49.31,663.8,0
368698,25.08,48.97,667.88,0
368798,25.31,48.87,649.97,0
368898,25.34,49.38,638.95,0
368998,25.19,49.48,646.39,0
369098,25.02,49.03,637.41,0
369198,25.09,49.44,629.79,0
369298,25.03,49.75,612.9,0
369398,25.07,48.76,604.95,0
369498,24.93,48.91,607.22,0
369598,24.89,49.43,585.31,0
369698,25.22,48.81,564.04,0
369798,25.21,49.13,556.23,0
369898,24.89,49.16,572.8,0
369998,24.9,49.46,553.26,0
370098,24.93,49.61,533.39,0
370198,24.93,49.01,524.85,0
370298,25.1,49.34,518.06,0
370398,25.0,49.31,518.27,0
370498,24.94,49.65,493.37,0
370598,25.11,48.8,501.31,0
370698,24.96,49.69,472.52,0
370798,24.96,49.53,490.42,0
370898,24.89,49.72,469.86,0
370998,24.97,48.94,448.07,0
371098,32.85,48.92,460.95,1
371198,32.84,49.45,445.95,1
371298,32.92,49.05,425.21,1
371398,32.74,49.23,419.54,1
371498,32.83,48.96,399.7,1
371598,24.87,49.25,392.66,0
371698,24.73,49.38,388.94,0
371798,24.9,49.01,379.96,0
371898,24.85,49.58,395.62,0
371998,24.53,49.46,370.85,0
372098,24.68,49.49,366.21,0
372198,24.51,49.56,365.2,0
372298,24.52,49.66,353.06,0
372398,24.53,49.24,357.14,0
372498,24.54,49.99,345.6,0
372598,24.55,49.83,320.52,0
372698,24.47,49.53,330.56,0
372798,24.55,49.22,330.76,0
372898,24.34,49.65,308.29,0
372998,24.36,50.01,293.26,0
373098,24.62,49.43,293.11,0
373198,24.31,49.73,301.71,0
373298,24.22,49.76,304.73,0
373398,24.25,49.8,278.5,0
373498,24.4,49.37,292.23,0
373598,24.16,49.94,290.09,0
373698,24.15,49.94,263.66,0
373798,24.23,49.48,276.37,0
373898,24.21,50.1,268.72,0
373998,24.27,50.18,259.86,0
374098,24.35,49.59,271.31,0
374198,24.24,49.41,252.93,0
374298,24.15,49.51,251.54,0
374398,23.98,49.66,256.05,0
374498,23.98,50.48,250.8,0
374598,24.18,49.56,257.26,0
374698,24.15,50.19,247.69,0
374798,24.04,49.7,262.73,0
374898,24.17,50.1,251.03,0
374998,23.83,50.43,260.8,0
375098,24.16,49.91,235.89,0
375198,23.92,50.5,262.12,0
375298,23.91,50.4,248.42,0
375398,23.74,49.71,251.76,0
375498,23.89,49.96,265.84,0
375598,23.94,50.24,259.72,0
375698,23.66,50.09,260.21,0
375798,23.69,49.99,251.9,0
375898,23.64,49.98,253.76,0
375998,23.56,50.57,251.16,0
376098,23.85,49.8,260.13,0
376198,23.81,50.03,274.4,0
376298,23.81,50.31,287.99,0
376398,23.54,50.61,272.68,0
376498,23.82,50.31,273.82,0
376598,23.59,50.58,277.05,0
376698,23.76,50.52,285.42,0
376798,23.7,50.32,282.11,0
376898,23.64,50.11,304.33,0
376998,23.71,49.79,307.27,0
377098,23.31,50.11,305.39,0
377198,23.38,50.17,315.5,0
377298,23.35,50.7,310.17,0
377398,23.59,50.6,334.47,0
377498,23.34,50.23,323.11,0
377598,23.45,50.27,333.84,0
377698,23.38,50.25,351.11,0
377798,23.32,50.07,360.9,0
377898,23.42,50.29,380.09,0
377998,23.31,50.57,376.4,0
378098,23.39,50.61,374.69,0
378198,23.12,50.74,390.81,0
378298,23.11,50.55,397.56,0
378398,23.05,50.46,411.69,0
378498,23.12,50.95,408.15,0
378598,23.37,50.45,412.38,0
378698,23.09,50.55,431.6,0
378798,23.16,50.75,441.8,0
378898,22.93,51.04,453.84,0
378998,23.26,50.08,456.02,0
379098,23.2,50.64,479.03,0
379198,23.06,51.0,471.93,0
379298,22.89,51.12,484.51,0
379398,23.13,51.01,496.71,0
379498,22.93,51.0,503.67,0
379598,23.08,51.13,502.18,0
379698,23.09,50.54,523.88,0
379798,23.02,50.95,527.62,0
379898,22.94,50.65,533.44,0
379998,22.82,51.05,564.05,0
380098,23.13,50.54,550.94,0
380198,23.11,50.96,582.1,0
380298,22.89,50.82,591.79,0
380398,22.71,50.59,593.0,0
380498,22.79,50.55,587.48,0
380598,22.98,51.09,596.01,0
380698,23.02,50.23,620.22,0
380798,22.78,51.09,616.29,0
380898,22.88,51.28,640.62,0
380998,22.86,51.23,630.77,0
381098,23.04,21.12,665.99,1
381198,23.0,21.12,648.81,1
381298,22.8,21.0,660.02,1
381398,22.79,20.91,671.46,1
381498,22.89,20.3,680.57,1
381598,23.02,50.2,695.13,0
381698,22.75,50.78,696.57,0
381798,22.78,51.24,699.65,0
381898,22.73,50.79,717.08,0
381998,22.67,51.28,734.97,0
382098,23.0,51.19,742.69,0
382198,22.8,50.51,745.96,0
382298,22.93,50.99,745.99,0
382398,22.94,50.34,754.32,0
382498,22.89,50.44,747.89,0
382598,22.7,50.7,771.78,0
382698,22.66,51.43,769.46,0
382798,22.83,50.84,778.63,0
382898,22.62,51.24,787.68,0
382998,22.92,50.32,782.33,0
383098,23.0,50.82,803.85,0
383198,22.69,51.3,812.26,0
383298,22.69,51.31,820.3,0
383398,22.75,50.88,814.62,0
383498,22.64,50.97,823.3,0
383598,22.77,51.3,822.31,0
383698,22.79,50.87,813.27,0
383798,22.84,51.13,826.04,0
383898,22.75,51.18,829.93,0
383998,23.05,50.97,845.59,0
384098,22.83,50.84,851.37,0
384198,22.84,51.26,831.32,0
384298,23.04,50.82,831.08,0
384398,22.97,50.53,844.72,0
384498,22.73,50.53,837.88,0
384598,22.91,51.18,843.81,0
384698,22.84,50.91,850.19,0
384798,23.12,50.45,852.17,0
384898,22.8,51.01,862.9,0
384998,23.13,50.16,845.92,0
385098,22.84,51.2,845.68,0
385198,22.89,51.16,861.11,0
385298,23.11,50.5,862.89,0
385398,23.18,50.51,841.26,0
385498,23.13,50.42,833.84,0
385598,22.9,51.18,851.05,0
385698,22.99,51.16,828.83,0
385798,23.1,50.19,838.25,0
385898,23.14,50.38,849.93,0
385998,23.08,50.94,825.29,0
386098,23.24,50.31,827.61,0
386198,23.3,50.81,821.67,0
386298,23.14,50.73,819.95,0
386398,23.12,50.22,827.1,0
386498,23.37,50.85,824.75,0
386598,23.02,50.29,799.57,0
386698,23.07,51.1,809.26,0
386798,23.27,50.11,802.37,0
386898,23.19,51.06,802.69,0
386998,23.48,49.98,797.87,0
387098,23.2,50.53,791.08,0
387198,23.14,50.97,767.0,0
387298,23.22,50.86,768.22,0
387398,23.33,50.43,781.77,0
387498,23.23,50.28,749.78,0
387598,23.57,50.38,757.95,0
387698,23.34,50.37,738.16,0
387798,23.31,50.87,744.04,0
387898,23.47,49.89,731.4,0
387998,23.57,49.84,716.93,0
388098,23.38,50.2,733.42,0
388198,23.68,50.29,708.74,0
388298,23.72,50.47,709.36,0
388398,23.78,49.9,704.61,0
388498,23.73,50.09,679.31,0
388598,23.73,49.75,676.28,0
388698,23.63,50.75,664.04,0
388798,23.87,50.48,651.15,0
388898,23.55,49.86,641.27,0
388998,23.63,50.64,649.9,0
389098,23.81,49.65,626.89,0
389198,23.99,49.77,625.72,0
389298,23.74,49.99,603.68,0
389398,23.98,50.51,610.96,0
389498,23.82,49.74,610.7,0
389598,23.91,50.54,592.82,0
389698,23.76,50.34,593.04,0
389798,23.89,50.15,567.87,0
389898,24.15,50.12,573.44,0
389998,23.81,49.8,565.04,0
390098,24.12,50.02,527.38,0
390198,24.11,49.89,530.47,0
390298,23.94,50.51,507.01,0
390398,24.16,50.17,513.98,0
390498,24.19,49.41,503.68,0
390598,24.07,50.22,491.27,0
390698,24.3,50.28,492.57,0
390798,24.38,49.92,486.14,0
390898,24.17,49.76,470.46,0
390998,24.22,49.92,461.75,0
391098,24.09,50.28,1023.0,1
391198,24.41,49.28,1023.0,1
391298,24.48,49.26,1023.0,1
391398,24.37,49.54,1023.0,1
391498,24.5,49.64,1023.0,1
391598,24.43,49.75,412.01,0
391698,24.24,49.33,406.26,0
391798,24.55,49.73,385.41,0
391898,24.54,49.55,393.06,0
391998,24.48,49.38,362.94,0
392098,24.68,49.17,363.97,0
392198,24.38,49.37,359.01,0
392298,24.61,49.09,344.68,0
392398,24.52,49.22,349.49,0
392498,24.64,49.29,343.28,0
392598,24.76,49.44,328.11,0
392698,24.76,49.56,325.53,0
392798,24.76,49.61,318.82,0
392898,24.58,49.8,298.34,0
392998,24.68,49.89,299.17,0
393098,24.59,49.73,310.95,0
393198,24.59,49.25,291.5,0
393298,24.84,49.32,298.59,0
393398,24.77,49.86,297.25,0
393498,24.77,49.14,280.98,0
393598,24.71,49.97,280.09,0
393698,24.64,50.01,278.97,0
393798,24.9,49.66,278.2,0
393898,24.71,49.06,272.03,0
393998,24.91,49.6,265.91,0
394098,25.02,49.27,265.33,0
394198,24.86,49.44,260.28,0
394298,25.03,49.7,272.16,0
394398,24.81,49.5,241.16,0
394498,24.81,49.32,248.73,0
394598,24.93,48.91,248.26,0
394698,24.88,49.48,255.59,0
394798,25.07,49.33,256.13,0
394898,25.01,49.0,252.81,0
394998,24.88,48.94,240.38,0
395098,24.86,49.67,258.84,0
395198,25.07,49.68,236.77,0
395298,25.11,49.01,252.57,0
395398,25.1,49.18,255.26,0
395498,25.26,49.09,251.35,0
395598,25.02,49.12,254.27,0
395698,24.99,49.33,268.25,0
395798,25.32,49.15,253.8,0
395898,25.3,48.9,263.23,0
395998,25.0,49.27,250.93,0
396098,25.24,48.81,272.79,0
396198,25.31,49.41,270.12,0
396298,25.23,48.75,264.59,0
396398,25.22,49.43,280.13,0
396498,25.28,49.06,274.06,0
396598,25.22,48.75,300.26,0
396698,25.23,48.67,280.97,0
396798,25.3,48.59,293.75,0
396898,25.2,48.68,300.58,0
396998,25.31,48.95,297.64,0
397098,25.07,49.06,320.91,0
397198,25.09,49.63,314.81,0
397298,25.09,49.29,339.6,0
397398,25.03,48.79,319.35,0
397498,25.05,49.22,331.61,0
397598,25.17,48.8,335.18,0
397698,25.31,49.3,358.27,0
397798,25.22,49.63,367.42,0
397898,25.02,49.19,378.46,0
397998,25.05,49.15,386.22,0
398098,25.23,48.93,392.41,0
398198,25.17,48.74,396.9,0
398298,25.28,49.14,402.56,0
398398,25.01,48.92,410.12,0
398498,25.21,48.82,399.45,0
398598,24.99,49.07,414.62,0
398698,25.0,49.11,427.18,0
398798,25.07,48.89,438.11,0
398898,25.1,49.57,456.87,0
398998,25.29,49.32,469.52,0
399098,25.2,49.32,461.14,0
399198,25.25,48.65,479.72,0
399298,25.08,48.88,489.28,0
399398,25.17,48.74,503.96,0
399498,25.01,49.45,514.22,0
399598,25.02,49.67,514.04,0
399698,25.07,48.79,511.1,0
399798,25.23,49.57,534.15,0
399898,24.94,49.16,551.16,0
399998,24.86,49.55,560.17,0
400098,24.83,49.85,560.92,0
400198,25.07,49.03,556.15,0
400298,25.01,49.01,590.82,0
400398,24.83,49.21,596.19,0
400498,24.78,49.9,610.98,0
400598,24.88,49.74,598.67,0
400698,25.11,49.22,614.96,0
400798,24.87,48.89,635.79,0
400898,24.82,49.2,644.58,0
400998,24.75,49.62,654.7,0
401098,32.93,49.43,648.99,1
401198,32.71,49.7,671.1,1
401298,32.67,49.46,673.11,1
401398,32.64,49.33,685.48,1
401498,32.88,49.27,689.48,1
401598,24.68,50.0,687.79,0
401698,24.61,49.55,711.0,0
401798,24.61,49.55,699.51,0
401898,24.79,49.56,712.49,0
401998,24.55,49.46,736.86,0
402098,24.83,49.26,737.46,0
402198,24.79,49.93,738.79,0
402298,24.55,49.64,750.38,0
402398,24.52,50.13,760.58,0
402498,24.55,49.76,761.47,0
402598,24.7,49.39,768.3,0
402698,24.46,49.3,783.73,0
402798,24.47,49.74,789.41,0
402898,24.71,49.8,772.11,0
402998,24.36,49.61,779.33,0
403098,24.41,49.56,811.88,0
403198,24.54,49.13,788.27,0
403298,24.35,49.52,800.89,0
403398,24.27,50.05,799.81,0
403498,24.56,49.43,807.04,0
403598,24.16,49.93,826.19,0
403698,24.31,49.8,827.96,0
403798,24.14,50.32,831.56,0
403898,24.24,50.32,832.74,0
403998,24.06,50.4,834.63,0
404098,24.05,49.49,844.95,0
404198,24.07,50.07,833.11,0
404298,24.15,50.24,832.22,0
404398,24.3,49.45,835.58,0
404498,24.22,49.64,845.53,0
404598,23.99,50.14,844.36,0
404698,24.15,49.48,849.02,0
404798,23.9,49.82,835.61,0
404898,24.22,49.76,836.24,0
404998,24.11,50.2,851.5,0
405098,24.05,49.59,854.49,0
405198,23.87,49.9,852.14,0
405298,23.89,50.17,847.12,0
405398,23.77,49.67,835.69,0
405498,23.92,50.35,852.08,0
405598,23.72,50.53,846.65,0
405698,23.65,49.98,856.86,0
405798,23.98,49.73,829.76,0
405898,23.78,49.91,845.63,0
405998,23.65,50.2,841.53,0
406098,23.59,50.48,833.43,0
406198,23.54,50.14,825.64,0
406298,23.73,50.03,827.39,0
406398,23.82,50.44,827.08,0
406498,23.45,50.81,804.74,0
406598,23.7,50.5,825.05,0
406698,23.72,49.96,821.24,0
406798,23.74,50.4,814.01,0
406898,23.37,50.0,812.85,0
406998,23.44,50.88,794.4,0
407098,23.48,50.82,787.59,0
407198,23.41,50.85,789.12,0
407298,23.57,50.0,778.8,0
407398,23.61,50.3,776.3,0
407498,23.54,50.01,753.69,0
407598,23.21,50.22,763.5,0
407698,23.32,50.78,741.57,0
407798,23.24,50.71,750.86,0
407898,23.17,50.7,743.19,0
407998,23.28,50.88,727.31,0
408098,23.14,50.19,718.85,0
408198,23.37,50.34,710.71,0
408298,23.06,50.3,704.39,0
408398,23.12,50.25,705.82,0
408498,23.07,50.41,683.96,0
408598,23.0,50.54,672.29,0
408698,23.36,50.88,665.69,0
408798,23.14,50.16,666.96,0
408898,22.97,50.32,654.95,0
408998,23.15,51.0,640.39,0
409098,23.0,50.88,641.61,0
409198,22.93,51.25,621.26,0
409298,22.9,51.1,617.63,0
409398,23.15,50.36,606.33,0
409498,23.16,51.04,586.62,0
409598,23.05,50.7,588.33,0
409698,23.08,50.36,564.81,0
409798,22.84,50.41,580.31,0
409898,23.12,50.96,568.84,0
409998,22.83,50.47,554.77,0
410098,23.11,50.21,535.31,0
410198,23.02,50.84,534.98,0
410298,22.99,50.54,533.76,0
410398,22.92,50.42,514.55,0
410498,22.96,51.18,497.33,0
410598,22.86,50.89,488.2,0
410698,22.9,50.79,479.93,0
410798,22.8,51.2,462.08,0
410898,23.0,50.8,476.57,0
410998,22.79,50.61,460.31,0
411098,22.93,20.84,437.62,1
411198,22.89,20.38,434.55,1
411298,22.75,21.37,416.03,1
411398,22.98,20.6,408.0,1
411498,23.01,20.72,405.04,1
411598,22.64,50.67,418.19,0
411698,22.87,51.03,410.34,0
411798,22.71,51.16,385.01,0
411898,22.64,50.75,379.6,0
411998,22.7,51.28,381.32,0
412098,22.82,51.29,378.38,0
412198,22.76,50.7,367.24,0
412298,22.78,51.32,364.26,0
412398,22.91,50.98,353.62,0
412498,22.65,50.55,344.24,0
412598,22.83,50.9,316.57,0
412698,22.67,50.89,315.3,0
412798,22.84,51.16,312.09,0
412898,22.93,50.78,300.59,0
412998,22.67,51.39,322.02,0
413098,22.99,50.24,297.42,0
413198,22.78,51.35,290.27,0
413298,22.67,51.37,303.13,0
413398,22.84,50.39,283.63,0
413498,22.87,50.43,290.74,0
413598,22.9,50.8,270.33,0
413698,22.66,51.07,270.27,0
413798,22.95,50.88,281.78,0
413898,22.86,51.28,276.49,0
413998,22.84,50.49,275.8,0
414098,23.01,50.47,268.06,0
414198,22.85,51.3,246.59,0
414298,23.07,51.14,267.68,0
414398,23.09,50.99,249.77,0
414498,22.79,50.8,258.78,0
414598,22.86,51.27,250.17,0
414698,22.93,50.81,240.35,0
414798,23.01,50.36,237.33,0
414898,22.93,50.38,258.3,0
414998,22.83,51.26,252.93,0
415098,23.03,50.67,238.34,0
415198,23.18,50.12,260.68,0
415298,23.02,50.96,254.41,0
415398,22.96,50.44,239.68,0
415498,22.88,50.51,257.37,0
415598,23.01,50.37,248.99,0
415698,22.89,51.25,260.52,0
415798,22.88,51.25,264.16,0
415898,23.24,50.37,255.75,0
415998,22.95,50.82,263.46,0
416098,23.01,51.02,270.17,0
416198,23.19,50.82,281.01,0
416298,23.19,50.32,278.61,0
416398,23.34,50.94,282.02,0
416498,23.36,50.16,288.14,0
416598,23.09,51.05,297.5,0
416698,23.2,50.21,292.88,0
416798,23.3,50.1,310.05,0
416898,23.27,50.75,311.74,0
416998,23.43,50.4,293.86,0
417098,23.37,50.86,310.4,0
417198,23.44,49.95,312.86,0
417298,23.2,50.92,317.71,0
417398,23.22,51.02,320.75,0
417498,23.49,50.35,329.81,0
417598,23.28,50.13,339.12,0
417698,23.62,50.36,363.38,0
417798,23.66,50.58,349.94,0
417898,23.58,50.69,364.98,0
417998,23.52,49.88,388.18,0
418098,23.44,50.48,372.72,0
418198,23.42,50.01,390.96,0
418298,23.43,50.24,395.2,0
418398,23.47,50.87,400.17,0
418498,23.81,50.51,408.75,0
418598,23.48,50.51,413.87,0
418698,23.82,50.28,438.6,0
418798,23.53,49.85,433.88,0
418898,23.71,50.41,437.44,0
418998,23.81,50.15,457.83,0
419098,23.69,49.98,451.28,0
419198,23.73,50.52,474.18,0
419298,23.72,49.84,487.3,0
419398,23.78,50.45,506.14,0
419498,23.71,50.22,492.75,0
419598,24.04,49.58,515.28,0
419698,24.0,50.19,512.64,0
419798,23.93,50.18,517.48,0
419898,23.89,49.68,546.4,0
419998,24.16,50.13,558.89,0
420098,24.16,49.6,560.51,0
420198,24.02,50.19,560.3,0
420298,23.98,50.29,585.07,0
420398,24.2,49.74,593.17,0
420498,24.05,50.46,607.44,0
420598,24.11,49.71,604.32,0
420698,23.99,49.72,621.76,0
420798,24.35,49.46,615.42,0
420898,24.41,49.94,625.07,0
420998,24.42,49.74,656.31,0
421098,24.38,49.27,1023.0,1
421198,24.12,49.87,1023.0,1
421298,24.37,50.01,1023.0,1
421398,24.53,49.81,1023.0,1
421498,24.42,49.49,1023.0,1
421598,24.59,49.11,681.86,0
421698,24.27,50.2,693.77,0
421798,24.59,49.28,696.7,0
421898,24.38,49.63,721.81,0
421998,24.46,50.0,713.85,0
422098,24.36,49.45,740.2,0
422198,24.6,49.49,750.9,0
422298,24.58,49.94,752.47,0
422398,24.66,49.27,748.91,0
422498,24.62,49.42,756.43,0
422598,24.53,49.95,765.31,0
422698,24.66,49.1,779.83,0
422798,24.55,49.61,786.16,0
422898,24.52,50.03,798.93,0
422998,24.68,49.73,807.57,0
423098,24.81,49.16,808.0,0
423198,24.58,49.7,808.11,0
423298,24.81,49.66,823.07,0
423398,24.89,49.15,826.33,0
423498,24.7,49.77,827.6,0
423598,24.81,49.71,827.16,0
423698,24.75,49.58,839.03,0
423798,24.91,49.33,842.84,0
423898,24.9,49.52,834.06,0
423998,24.71,49.52,847.13,0
424098,24.9,48.88,846.37,0
424198,24.89,49.03,851.75,0
424298,25.12,49.2,828.64,0
424398,24.93,49.17,834.01,0
424498,24.93,49.78,842.06,0
424598,24.8,49.4,837.77,0
424698,24.82,49.2,859.11,0
424798,25.07,49.16,849.4,0
424898,25.17,49.49,845.92,0
424998,24.84,49.76,863.99,0
425098,24.97,49.05,835.81,0
425198,24.87,49.29,848.89,0
425298,25.11,49.04,861.18,0
425398,24.99,49.65,855.16,0
425498,25.23,49.27,836.43,0
425598,25.14,49.15,846.18,0
425698,25.04,49.63,829.74,0
425798,24.95,49.81,828.24,0
425898,24.99,49.0,834.46,0
425998,25.31,49.38,845.94,0
426098,25.14,49.69,830.93,0
426198,25.09,49.11,839.3,0
426298,25.03,49.6,814.34,0
426398,25.04,49.75,816.4,0
426498,25.24,49.59,819.29,0
426598,25.21,49.63,815.2,0
426698,25.19,49.0,811.05,0
426798,25.15,49.19,800.49,0
426898,25.26,49.31,793.96,0
426998,25.16,49.25,794.61,0
427098,25.03,49.37,778.0,0
427198,25.3,49.2,785.93,0
427298,25.03,49.4,771.86,0
427398,25.13,49.5,782.06,0
427498,25.27,49.41,755.36,0
427598,25.39,48.7,756.64,0
427698,25.02,49.14,758.81,0
427798,25.32,48.64,744.19,0
427898,25.26,49.4,737.66,0
427998,25.38,48.95,727.74,0
428098,25.16,49.44,728.85,0
428198,25.38,48.89,696.82,0
428298,25.19,49.53,716.07,0
428398,25.25,49.07,691.22,0
428498,25.3,48.77,687.2,0
428598,25.28,49.03,685.98,0
428698,25.35,48.73,667.85,0
428798,25.3,49.06,674.53,0
428898,25.02,49.61,653.46,0
428998,25.06,49.1,657.19,0
429098,25.32,49.01,641.06,0
429198,25.25,49.11,617.5,0
429298,24.94,49.31,619.14,0
429398,25.28,48.77,618.01,0
429498,25.14,48.9,586.0,0
429598,24.91,49.34,587.94,0
429698,25.25,49.57,566.44,0
429798,25.15,49.68,570.03,0
429898,25.07,49.57,560.78,0
429998,24.97,49.53,559.98,0
430098,25.12,49.13,549.69,0
430198,24.9,49.23,540.13,0
430298,25.03,49.04,515.63,0
430398,25.07,49.62,519.66,0
430498,24.8,49.47,509.26,0
430598,24.9,49.74,492.13,0
430698,24.89,49.51,470.99,0
430798,24.98,49.34,484.59,0
430898,24.78,49.6,469.52,0
430998,24.89,48.96,469.18,0
431098,32.94,49.71,442.75,1
431198,33.03,49.13,430.19,1
431298,32.66,49.27,441.01,1
431398,32.8,49.28,409.84,1
431498,32.9,49.52,412.21,1
431598,24.74,49.44,395.55,0
431698,24.86,49.63,401.26,0
431798,24.85,49.35,386.03,0
431898,24.77,49.77,381.78,0
431998,24.87,49.02,361.04,0
432098,24.88,49.03,351.82,0
432198,24.73,49.82,370.09,0
432298,24.83,49.11,337.16,0
432398,24.81,49.4,343.2,0
432498,24.74,49.17,339.75,0
432598,24.77,49.69,337.66,0
432698,24.4,49.81,318.61,0
432798,24.73,49.74,324.17,0
432898,24.37,49.85,322.65,0
432998,24.68,49.81,318.2,0
433098,24.31,49.49,307.11,0
433198,24.28,49.69,308.25,0
433298,24.59,49.33,285.85,0
433398,24.43,49.54,275.22,0
433498,24.33,49.91,293.46,0
433598,24.36,49.49,278.99,0
433698,24.35,50.16,275.88,0
433798,24.1,49.46,258.84,0
433898,24.14,50.03,262.81,0
433998,24.42,49.52,261.26,0
434098,24.04,50.16,271.94,0
434198,24.05,49.92,250.2,0
434298,24.1,50.16,265.03,0
434398,24.22,49.72,266.59,0
434498,24.22,50.27,257.97,0
434598,24.06,49.68,251.77,0
434698,23.96,50.03,264.11,0
434798,24.2,49.71,255.31,0
434898,23.96,50.24,243.72,0
434998,23.96,49.73,241.3,0
435098,23.85,50.24,248.42,0
435198,23.83,49.82,262.0,0
435298,23.8,50.02,253.28,0
435398,23.78,50.56,258.69,0
435498,23.78,50.56,267.42,0
435598,23.98,49.76,265.1,0
435698,24.0,50.0,261.55,0
435798,23.69,50.48,271.24,0
435898,23.75,49.72,264.37,0
435998,23.61,50.6,277.93,0
436098,23.74,50.61,279.18,0
436198,23.76,50.48,283.68,0
436298,23.61,50.09,260.07,0
436398,23.71,50.43,273.17,0
436498,23.76,49.94,294.39,0
436598,23.61,50.67,285.7,0
436698,23.66,50.7,282.7,0
436798,23.57,50.7,305.58,0
436898,23.55,50.17,298.27,0
436998,23.65,50.51,304.07,0
437098,23.29,50.15,326.45,0
437198,23.41,50.51,332.38,0
437298,23.45,50.44,326.81,0
437398,23.24,50.07,319.7,0
437498,23.38,50.27,342.62,0
437598,23.44,50.09,338.63,0
437698,23.51,50.77,365.51,0
437798,23.52,50.49,357.51,0
437898,23.23,50.51,355.83,0
437998,23.35,50.33,375.79,0
438098,23.32,50.16,384.15,0
438198,23.34,50.38,375.27,0
438298,23.3,50.01,396.71,0
438398,23.41,49.98,404.21,0
438498,23.06,51.12,415.78,0
438598,23.08,51.12,435.65,0
438698,23.15,50.23,440.2,0
438798,23.06,50.2,432.91,0
438898,23.16,50.71,444.63,0
438998,23.03,51.16,444.05,0
439098,23.21,50.21,451.54,0
439198,23.04,50.81,462.06,0
439298,23.25,51.01,480.53,0
439398,23.18,50.09,495.17,0
439498,22.91,50.94,490.47,0
439598,22.96,51.04,523.7,0
439698,23.09,50.47,512.26,0
439798,23.07,50.31,524.99,0
439898,22.94,50.54,540.45,0
439998,22.79,51.34,546.69,0
440098,22.77,50.4,548.67,0
440198,22.8,51.27,571.26,0
440298,22.75,50.91,572.38,0
440398,22.91,50.27,580.28,0
440498,22.89,50.6,597.19,0
440598,22.77,50.82,610.46,0
440698,23.07,50.54,610.23,0
440798,23.04,50.32,616.66,0
440898,22.91,51.11,637.28,0
440998,22.8,51.1,632.5,0
441098,22.76,20.5,658.59,1
441198,22.94,20.59,651.25,1
441298,22.72,20.94,656.09,1
441398,23.01,20.31,687.13,1
441498,22.66,20.46,689.7,1
441598,22.88,51.04,693.34,0
441698,22.91,50.73,707.91,0
441798,22.68,50.54,708.76,0
441898,22.98,50.72,706.47,0
441998,22.63,51.42,732.23,0
442098,22.89,51.14,746.05,0
442198,22.7,50.71,734.78,0
442298,22.73,50.9,754.15,0
442398,22.74,50.85,759.56,0
442498,22.8,50.51,751.77,0
442598,22.97,50.7,763.21,0
442698,22.61,51.28,780.42,0
442798,22.66,50.56,769.41,0
442898,22.77,50.39,774.94,0
442998,23.01,50.42,781.51,0
443098,22.96,50.27,812.76,0
443198,22.87,50.42,807.21,0
443298,22.91,50.34,822.0,0
443398,22.9,50.65,816.91,0
443498,22.69,51.12,823.0,0
443598,22.82,50.88,823.47,0
443698,22.89,51.03,836.02,0
443798,22.74,51.13,820.14,0
443898,22.77,50.59,823.27,0
443998,22.81,50.41,845.5,0
444098,22.7,50.83,841.06,0
444198,22.68,50.84,831.23,0
444298,22.78,50.7,840.66,0
444398,22.78,51.28,830.35,0
444498,22.75,51.14,837.71,0
444598,22.74,51.08,843.23,0
444698,22.84,50.56,845.67,0
444798,22.85,51.09,863.01,0
444898,23.1,50.81,838.14,0
444998,23.1,50.17,855.12,0
445098,22.98,50.96,835.71,0
445198,23.01,50.44,856.74,0
445298,23.01,50.6,852.42,0
445398,22.96,51.08,856.86,0
445498,22.87,50.73,847.34,0
445598,22.92,51.13,847.79,0
445698,22.95,50.69,839.56,0
445798,22.89,50.57,840.56,0
445898,23.25,50.14,852.41,0
445998,23.07,50.26,835.59,0
446098,23.09,50.97,825.07,0
446198,23.2,50.38,821.62,0
446298,23.19,50.94,817.59,0
446398,23.07,50.57,808.6,0
446498,23.09,50.75,828.15,0
446598,23.04,50.85,821.98,0
446698,23.13,50.96,810.69,0
446798,23.18,50.52,801.18,0
446898,23.18,50.23,802.11,0
446998,23.42,50.45,798.0,0
447098,23.36,50.2,798.86,0
447198,23.34,50.13,773.35,0
447298,23.32,50.8,778.44,0
447398,23.44,50.01,779.25,0
447498,23.53,50.68,764.61,0
447598,23.58,50.55,763.26,0
447698,23.47,50.69,761.44,0
447798,23.66,50.44,753.71,0
447898,23.5,50.28,730.66,0
447998,23.59,49.96,733.65,0
448098,23.59,50.11,727.51,0
448198,23.75,50.3,696.19,0
448298,23.77,49.95,699.71,0
448398,23.55,49.94,703.64,0
448498,23.6,50.29,678.48,0
448598,23.75,49.88,680.96,0
448698,23.65,50.59,664.44,0
448798,23.65,50.62,672.33,0
448898,23.85,50.03,656.07,0
448998,23.86,50.33,651.33,0
449098,23.62,50.25,629.88,0
449198,23.86,50.21,635.09,0
449298,23.96,49.65,621.69,0
449398,24.04,49.77,613.05,0
449498,23.93,50.29,588.05,0
449598,24.05,50.21,584.87,0
449698,24.03,49.78,591.33,0
449798,23.94,49.88,555.83,0
449898,24.02,50.23,560.35,0
449998,24.17,49.8,537.17,0
450098,23.85,50.54,547.24,0
450198,24.24,49.89,538.96,0
450298,24.04,50.34,534.72,0
450398,23.97,50.1,522.85,0
450498,23.93,50.11,503.51,0
450598,24.23,49.52,495.0,0
450698,24.0,49.65,493.31,0
450798,24.06,49.96,466.28,0
450898,24.39,49.31,474.83,0
450998,24.1,49.65,460.8,0
451098,24.17,49.61,1023.0,1
451198,24.32,49.92,1023.0,1
451298,24.36,49.46,1023.0,1
451398,24.54,49.97,1023.0,1
451498,24.48,49.93,1023.0,1
451598,24.55,49.42,396.16,0
451698,24.29,49.63,412.15,0
451798,24.63,49.31,381.85,0
451898,24.36,49.44,375.48,0
451998,24.4,50.19,384.7,0
452098,24.42,49.88,351.93,0
452198,24.49,49.71,358.19,0
452298,24.37,50.07,346.81,0
452398,24.68,49.76,332.67,0
452498,24.74,49.32,334.07,0
452598,24.62,49.97,322.76,0
452698,24.51,49.36,324.92,0
452798,24.7,49.86,332.85,0
452898,24.52,50.02,305.79,0
452998,24.87,49.56,297.93,0
453098,24.82,49.06,289.27,0
453198,24.59,49.29,289.71,0
453298,24.74,49.9,287.24,0
453398,24.79,49.36,283.24,0
453498,24.72,49.2,287.66,0
453598,24.72,49.5,264.45,0
453698,24.9,49.17,277.88,0
453798,24.83,49.04,275.9,0
453898,24.95,49.32,276.84,0
453998,25.06,49.71,263.7,0
454098,24.98,48.91,272.91,0
454198,25.11,49.45,253.72,0
454298,25.1,49.06,263.92,0
454398,25.05,48.91,264.67,0
454498,24.92,48.9,246.71,0
454598,24.85,49.9,257.76,0
454698,24.84,49.6,263.92,0
454798,24.83,49.48,256.65,0
454898,24.87,49.52,254.23,0
454998,24.88,49.02,252.95,0
455098,25.13,49.68,243.57,0
455198,25.12,49.51,255.76,0
455298,25.16,48.74,265.75,0
455398,25.25,49.21,257.33,0
455498,25.06,49.02,267.18,0
455598,25.15,49.16,241.22,0
455698,25.07,49.44,265.17,0
455798,25.28,49.23,268.13,0
455898,25.23,49.49,271.33,0
455998,25.23,49.42,275.82,0
456098,25.29,49.4,267.12,0
456198,25.14,48.73,285.29,0
456298,25.06,49.46,279.94,0
456398,25.06,49.75,267.89,0
456498,25.07,49.46,276.06,0
456598,25.3,48.81,298.62,0
456698,25.29,48.91,294.74,0
456798,25.03,49.13,308.48,0
456898,25.18,49.59,314.86,0
456998,25.33,48.6,316.16,0
457098,25.33,48.68,303.07,0
457198,25.12,48.79,320.13,0
457298,25.13,48.73,331.63,0
457398,25.2,49.26,343.89,0
457498,25.26,48.92,325.77,0
457598,25.07,49.4,350.16,0
457698,25.1,49.07,353.05,0
457798,25.04,48.81,354.92,0
457898,25.28,48.61,361.02,0
457998,25.21,48.69,363.86,0
458098,25.22,49.53,380.02,0
458198,25.2,49.44,393.33,0
458298,25.25,49.33,395.49,0
458398,25.19,49.23,397.29,0
458498,24.98,49.19,412.35,0
458598,25.25,49.02,425.92,0
458698,25.21,49.65,433.56,0
458798,25.12,49.04,432.95,0
458898,24.98,49.79,443.68,0
458998,25.02,49.16,453.26,0
459098,25.22,48.87,468.38,0
459198,25.01,49.42,474.45,0
459298,25.12,48.75,487.24,0
459398,25.29,49.22,485.09,0
459498,25.29,49.36,490.04,0
459598,25.13,49.56,509.0,0
459698,25.19,49.25,529.94,0
459798,25.0,49.45,526.93,0
459898,24.96,48.99,548.94,0
459998,25.07,49.53,551.44,0
460098,24.93,49.45,565.9,0
460198,25.19,49.44,563.17,0
460298,24.86,49.68,590.38,0
460398,25.16,48.99,592.76,0
460498,25.1,49.34,609.47,0
460598,24.86,49.69,611.04,0
460698,25.04,49.25,608.51,0
460798,25.02,48.87,624.74,0
460898,25.09,49.52,645.92,0
460998,24.87,49.18,647.08,0
461098,32.93,48.93,636.63,1
461198,32.66,49.16,654.91,1
461298,32.66,49.96,660.73,1
461398,32.94,49.25,676.52,1
461498,32.64,49.65,688.63,1
461598,24.97,49.23,698.73,0
461698,24.84,49.33,709.61,0
461798,24.88,49.45,707.09,0
461898,24.55,49.23,714.58,0
461998,24.78,49.68,731.76,0
462098,24.6,49.17,744.61,0
462198,24.69,49.43,732.06,0
462298,24.57,49.15,759.41,0
462398,24.46,49.38,767.37,0
462498,24.56,49.73,768.13,0
462598,24.49,49.61,781.98,0
462698,24.43,49.9,770.95,0
462798,24.52,49.74,770.36,0
462898,24.35,49.96,772.57,0
462998,24.58,50.0,796.24,0
463098,24.46,49.21,788.74,0
463198,24.32,50.26,813.39,0
463298,24.42,49.44,815.76,0
463398,24.57,49.21,821.66,0
463498,24.41,49.65,822.8,0
463598,24.33,49.91,821.98,0
463698,24.32,49.53,838.02,0
463798,24.15,50.04,822.08,0
463898,24.13,49.74,824.33,0
463998,24.37,49.64,840.34,0
464098,24.27,50.22,830.49,0
464198,24.29,49.65,830.74,0
464298,24.14,49.45,854.05,0
464398,24.03,49.67,838.57,0
464498,24.21,50.09,847.05,0
464598,24.0,49.86,858.74,0
464698,23.93,49.84,848.82,0
464798,24.14,49.99,848.48,0
464898,24.17,49.92,839.54,0
464998,24.18,50.16,838.24,0
465098,23.96,50.48,851.18,0
465198,23.95,50.43,849.09,0
465298,24.03,49.82,834.42,0
465398,23.82,50.09,841.86,0
465498,24.06,50.31,849.28,0
465598,23.74,50.54,840.82,0
465698,23.71,49.84,836.57,0
465798,23.63,50.11,853.43,0
465898,23.7,50.09,829.55,0
465998,23.64,49.91,825.55,0
466098,23.74,50.39,843.61,0
466198,23.77,50.26,822.94,0
466298,23.49,50.22,815.06,0
466398,23.65,50.28,824.59,0
466498,23.53,50.01,817.09,0
466598,23.54,50.36,804.22,0
466698,23.75,50.5,803.99,0
466798,23.58,50.39,797.23,0
466898,23.44,50.13,809.17,0
466998,23.48,50.55,794.59,0
467098,23.55,49.94,786.09,0
467198,23.4,50.78,769.59,0
467298,23.5,50.14,784.81,0
467398,23.39,50.38,761.85,0
467498,23.48,50.49,766.89,0
467598,23.26,50.31,758.94,0
467698,23.41,50.78,737.92,0
467798,23.48,50.29,743.48,0
467898,23.3,50.41,747.54,0
467998,23.38,50.2,723.19,0
468098,23.35,50.15,718.48,0
468198,23.23,50.28,705.3,0
468298,23.29,50.67,693.91,0
468398,23.06,50.62,681.27,0
468498,23.28,50.53,674.58,0
468598,23.28,50.77,684.78,0
468698,23.09,50.63,662.59,0
468798,23.07,50.15,667.94,0
468898,22.98,50.71,657.19,0
468998,22.98,51.03,638.77,0
469098,22.99,51.16,644.27,0
469198,23.24,50.06,620.2,0
469298,22.92,50.91,623.78,0
469398,23.03,50.31,592.83,0
469498,22.93,50.49,605.98,0
469598,22.89,50.77,573.57,0
469698,22.96,50.75,590.21,0
469798,22.95,50.62,579.54,0
469898,22.95,50.83,548.79,0
469998,22.98,50.66,564.52,0
470098,22.85,50.35,527.14,0
470198,22.98,50.88,525.67,0
470298,23.1,50.18,510.97,0
470398,23.1,50.69,497.76,0
470498,23.07,50.8,496.88,0
470598,22.8,50.79,496.18,0
470698,22.73,50.94,494.72,0
470798,22.8,51.07,489.33,0
470898,22.84,51.3,459.91,0
470998,22.96,51.14,448.38,0
471098,23.05,20.65,451.44,1
471198,22.67,21.16,442.02,1
471298,22.81,20.46,423.62,1
471398,22.92,20.57,426.34,1
471498,22.92,20.31,422.6,1
471598,22.8,50.39,405.02,0
471698,22.94,51.16,383.58,0
471798,22.95,50.74,390.05,0
471898,22.85,50.45,376.93,0
471998,22.75,50.92,373.26,0
472098,22.79,50.93,351.39,0
472198,23.0,50.81,359.09,0
472298,22.77,50.58,354.81,0
472398,22.71,51.18,331.78,0
472498,22.62,50.61,329.52,0
472598,22.65,50.54,326.98,0
472698,22.67,51.28,321.9,0
472798,22.73,51.03,315.32,0
472898,22.99,50.21,301.68,0
472998,22.93,51.06,309.46,0
473098,22.61,50.82,312.05,0
473198,22.82,50.73,300.99,0
473298,22.75,50.95,287.19,0
473398,22.83,50.82,280.19,0
473498,23.0,50.68,287.75,0
473598,22.77,50.42,273.76,0
473698,22.82,50.87,266.62,0
473798,22.68,50.86,283.91,0
473898,22.75,51.01,264.1,0
473998,22.81,50.34,262.82,0
474098,22.67,50.49,262.31,0
474198,22.97,50.85,269.38,0
474298,23.0,50.68,257.02,0
474398,23.01,50.29,265.22,0
474498,22.9,50.4,264.09,0
474598,22.8,50.85,251.64,0
474698,22.88,50.63,242.62,0
474798,22.98,50.45,261.44,0
474898,23.09,50.87,250.26,0
474998,22.81,50.98,240.8,0
475098,23.01,50.57,244.87,0
475198,23.15,50.39,250.7,0
475298,23.07,50.34,265.99,0
475398,23.07,51.12,246.13,0
475498,23.09,50.88,264.28,0
475598,22.98,50.76,252.65,0
475698,22.87,50.55,259.6,0
475798,23.24,50.35,246.72,0
475898,23.11,50.71,271.6,0
475998,23.18,51.02,275.5,0
476098,23.06,50.29,277.97,0
476198,23.31,50.98,263.11,0
476298,23.01,51.19,264.35,0
476398,23.08,51.0,280.12,0
476498,23.37,50.24,277.82,0
476598,23.3,50.03,285.54,0
476698,23.3,50.91,302.64,0
476798,23.21,50.27,309.57,0
476898,23.47,50.35,289.0,0
476998,23.39,50.49,313.86,0
477098,23.17,50.55,324.95,0
477198,23.22,50.83,327.82,0
477298,23.34,50.68,334.54,0
477398,23.26,50.15,326.32,0
477498,23.2,50.14,323.02,0
477598,23.23,50.25,337.58,0
477698,23.63,50.33,356.25,0
477798,23.29,50.15,370.72,0
477898,23.44,49.99,356.08,0
477998,23.43,50.56,384.48,0
478098,23.6,50.45,373.83,0
478198,23.68,50.3,380.15,0
478298,23.6,50.16,400.49,0
478398,23.61,50.74,402.13,0
478498,23.58,50.74,402.0,0
478598,23.72,50.63,420.14,0
478698,23.58,50.03,441.5,0
478798,23.56,50.31,425.89,0
478898,23.76,49.79,444.95,0
478998,23.76,50.31,461.57,0
479098,23.62,50.53,466.32,0
479198,23.77,49.66,470.99,0
479298,23.91,50.14,492.97,0
479398,23.78,49.68,504.17,0
479498,23.74,50.4,494.31,0
479598,24.08,50.13,520.85,0
479698,23.81,50.2,528.42,0
479798,24.15,49.71,530.39,0
479898,23.82,50.48,550.66,0
479998,23.83,50.37,546.88,0
480098,23.89,49.74,561.6,0
480198,24.17,49.8,562.3,0
480298,23.94,49.62,571.71,0
480398,23.93,50.53,595.99,0
480498,23.96,50.12,582.43,0
480598,23.99,49.65,616.1,0
480698,24.05,49.82,629.2,0
480798,24.28,49.62,617.18,0
480898,24.34,49.81,640.94,0
480998,24.35,49.96,652.43,0
481098,24.13,50.15,1023.0,1
481198,24.19,50.23,1023.0,1
481298,24.34,50.07,1023.0,1
481398,24.24,50.11,1023.0,1
481498,24.22,49.83,1023.0,1
481598,24.35,49.89,685.51,0
481698,24.43,49.29,696.77,0
481798,24.27,49.94,725.4,0
481898,24.42,49.87,730.94,0
481998,24.31,49.74,723.77,0
482098,24.44,50.18,742.86,0
482198,24.61,49.68,738.54,0
482298,24.67,49.8,736.05,0
482398,24.77,49.62,750.96,0
482498,24.43,49.51,767.24,0
482598,24.58,49.29,782.33,0
482698,24.72,49.68,768.86,0
482798,24.81,49.9,784.95,0
482898,24.63,49.43,780.71,0
482998,24.9,48.93,801.81,0
483098,24.72,49.04,800.08,0
483198,24.85,48.94,809.42,0
483298,24.95,49.04,798.16,0
483398,24.8,49.65,814.74,0
483498,24.62,49.56,830.57,0
483598,24.84,49.01,815.6,0
483698,24.76,49.12,813.23,0
483798,25.05,49.12,832.09,0
483898,24.8,49.08,826.6,0
483998,24.7,49.75,832.4,0
484098,25.04,49.09,850.43,0
484198,25.0,49.75,829.13,0
484298,25.0,49.68,836.85,0
484398,24.87,49.51,844.17,0
484498,25.07,49.24,855.33,0
484598,24.83,49.11,841.17,0
484698,24.92,49.16,833.73,0
484798,24.88,48.97,860.82,0
484898,25.0,49.41,846.76,0
484998,25.11,49.41,858.87,0
485098,24.97,49.01,859.98,0
485198,24.94,49.08,847.19,0
485298,24.96,48.9,862.44,0
485398,25.17,49.66,861.64,0
485498,25.04,49.55,860.26,0
485598,25.13,49.42,855.48,0
485698,24.97,49.6,829.18,0
485798,25.06,49.21,851.03,0
485898,25.12,49.01,832.4,0
485998,25.14,49.57,823.43,0
486098,25.33,49.24,820.4,0
486198,25.15,49.61,827.45,0
486298,25.01,49.29,825.73,0
486398,25.34,48.63,831.32,0
486498,25.36,49.4,825.03,0
486598,25.02,48.92,821.6,0
486698,25.17,49.52,813.03,0
486798,25.3,49.41,801.69,0
486898,25.31,49.27,784.07,0
486998,25.36,49.53,800.51,0
487098,25.23,49.46,791.53,0
487198,25.16,48.7,787.7,0
487298,25.12,49.27,765.11,0
487398,25.0,48.97,778.51,0
487498,25.22,49.49,767.2,0
487598,25.27,48.69,744.76,0
487698,25.14,49.12,743.64,0
487798,25.17,49.6,739.89,0
487898,25.26,48.8,730.42,0
487998,25.26,48.72,711.89,0
488098,25.23,49.62,722.05,0
488198,25.09,48.94,699.7,0
488298,25.19,49.19,690.47,0
488398,25.05,49.44,701.31,0
488498,25.32,48.6,699.17,0
488598,25.04,49.17,672.7,0
488698,25.01,49.65,674.63,0
488798,25.01,49.14,668.19,0
488898,25.09,49.39,650.73,0
488998,24.99,48.83,640.13,0
489098,25.21,48.8,642.14,0
489198,24.97,49.14,612.56,0
489298,24.93,49.82,604.94,0
489398,25.27,49.13,601.22,0
489498,25.1,49.08,595.6,0
489598,25.06,49.74,601.3,0
489698,24.96,49.46,579.42,0
489798,25.24,49.55,570.92,0
489898,25.05,49.27,550.99,0
489998,25.24,49.29,564.9,0
490098,24.88,49.68,553.08,0
490198,24.97,48.9,519.26,0
490298,24.95,48.95,536.85,0
490398,24.85,49.33,510.33,0
490498,25.14,49.56,500.94,0
490598,24.89,49.83,503.01,0
490698,25.06,49.57,499.52,0
490798,24.76,49.8,479.31,0
490898,25.08,49.7,480.26,0
490998,25.05,49.52,454.8,0
491098,32.91,49.49,455.37,1
491198,32.68,49.99,443.22,1
491298,32.66,49.55,423.26,1
491398,32.86,49.78,410.79,1
491498,32.61,49.67,427.33,1
491598,24.77,49.95,404.96,0
491698,24.78,49.6,404.43,0
491798,24.79,49.45,392.07,0
491898,24.82,49.23,386.4,0
491998,24.73,49.35,361.57,0
492098,24.57,49.45,362.9,0
492198,24.69,49.5,351.97,0
492298,24.57,49.39,345.87,0
492398,24.51,49.96,342.87,0
492498,24.4,50.02,340.1,0
492598,24.65,49.49,330.87,0
492698,24.58,49.83,320.55,0
492798,24.36,49.33,311.05,0
492898,24.51,49.96,318.55,0
492998,24.31,49.81,321.45,0
493098,24.42,49.95,291.19,0
493198,24.31,49.77,287.26,0
493298,24.41,49.4,289.11,0
493398,24.28,49.38,301.19,0
493498,24.24,49.83,272.47,0
493598,24.49,49.92,291.1,0
493698,24.39,49.96,288.66,0
493798,24.43,49.82,273.96,0
493898,24.4,49.37,262.17,0
493998,24.05,49.7,274.86,0
494098,24.05,49.64,249.11,0
494198,24.4,50.02,272.97,0
494298,24.15,50.2,262.19,0
494398,24.33,49.48,240.95,0
494498,24.11,50.36,251.39,0
494598,24.25,49.53,263.45,0
494698,24.19,50.1,265.72,0
494798,24.1,49.88,253.33,0
494898,24.17,50.31,255.91,0
494998,24.12,50.15,240.24,0
495098,24.03,49.87,254.73,0
495198,23.86,50.55,244.21,0
495298,23.77,50.25,252.98,0
495398,23.84,50.55,241.17,0
495498,24.05,50.16,255.02,0
495598,23.83,50.19,259.62,0
495698,23.86,50.15,244.58,0
495798,23.94,49.72,265.87,0
495898,23.94,49.88,275.01,0
495998,23.61,50.63,263.07,0
496098,23.72,50.24,266.05,0
496198,23.84,50.4,258.68,0
496298,23.59,49.91,288.17,0
496398,23.69,49.72,289.69,0
496498,23.45,50.53,296.75,0
496598,23.68,50.59,297.64,0
496698,23.47,50.47,288.31,0
496798,23.59,49.81,285.14,0
496898,23.57,50.32,288.94,0
496998,23.59,50.64,300.38,0
497098,23.63,50.07,305.61,0
497198,23.45,50.14,305.72,0
497298,23.47,49.94,323.4,0
497398,23.6,50.48,333.77,0
497498,23.49,50.59,352.61,0
497598,23.27,50.78,355.63,0
497698,23.53,50.12,356.84,0
497798,23.27,51.01,363.15,0
497898,23.2,50.33,373.17,0
497998,23.26,50.82,375.31,0
498098,23.34,50.22,396.07,0
498198,23.08,50.97,393.26,0
498298,23.32,50.35,397.31,0
498398,23.22,50.25,404.13,0
498498,23.06,51.01,404.07,0
498598,23.29,50.61,409.03,0
498698,23.2,50.89,426.5,0
498798,23.29,50.36,429.58,0
498898,23.3,50.76,433.78,0
498998,23.18,50.79,453.91,0
499098,23.23,50.28,465.63,0
499198,23.08,50.52,482.16,0
499298,22.9,50.48,498.75,0
499398,23.06,50.9,495.48,0
499498,22.86,51.25,488.65,0
499598,23.09,50.46,506.5,0
499698,22.97,50.41,520.56,0
499798,22.86,51.25,528.34,0
499898,23.09,50.67,550.04,0
499998,22.88,50.95,553.13,0
500098,22.93,50.55,562.95,0
500198,22.99,50.53,576.59,0
500298,23.02,50.42,580.91,0
500398,23.02,50.57,592.53,0
500498,22.74,51.01,587.1,0
500598,22.9,50.72,601.42,0
500698,22.7,51.02,610.77,0
500798,23.06,50.47,611.82,0
500898,22.67,50.78,622.2,0
500998,23.01,50.54,654.54,0
501098,22.92,20.32,644.44,1
501198,22.81,21.13,664.89,1
501298,22.92,20.98,659.29,1
501398,22.97,20.67,679.57,1
501498,22.83,20.43,671.95,1
501598,22.97,51.1,688.08,0
501698,22.73,50.88,714.65,0
501798,22.84,50.92,700.34,0
501898,22.84,50.67,708.85,0
501998,22.84,51.19,724.07,0
502098,22.99,50.84,741.6,0
502198,22.86,51.04,733.61,0
502298,22.76,51.15,748.24,0
502398,22.72,50.81,766.76,0
502498,22.98,50.76,755.4,0
502598,22.92,50.86,766.15,0
502698,23.0,50.94,769.02,0
502798,22.87,50.84,776.7,0
502898,22.83,50.88,782.36,0
502998,22.62,50.77,777.76,0
503098,22.89,50.96,795.14,0
503198,22.91,50.32,807.68,0
503298,22.64,50.46,795.11,0
503398,22.76,50.72,820.93,0
503498,22.95,50.98,813.83,0
503598,22.99,50.56,809.34,0
503698,22.85,50.88,830.03,0
503798,22.79,50.98,821.89,0
503898,22.89,50.68,830.35,0
503998,23.0,50.57,842.03,0
504098,22.99,50.49,836.78,0
504198,23.06,50.81,849.21,0
504298,22.97,50.56,854.01,0
504398,22.88,51.16,842.41,0
504498,23.05,51.15,857.81,0
504598,22.89,51.05,836.27,0
504698,22.74,51.12,844.88,0
504798,22.8,50.53,841.41,0
504898,23.11,50.26,836.28,0
504998,23.04,50.29,847.2,0
505098,23.04,50.45,835.63,0
505198,23.06,51.03,844.72,0
505298,22.83,50.93,835.54,0
505398,23.1,50.49,847.37,0
505498,22.99,50.86,839.73,0
505598,22.97,50.53,849.46,0
505698,22.99,50.63,848.26,0
505798,22.89,50.85,831.81,0
505898,23.14,50.79,835.82,0
505998,23.27,50.77,836.74,0
506098,23.11,50.79,842.43,0
506198,23.25,50.97,819.91,0
506298,23.31,50.41,820.58,0
506398,23.27,50.21,814.78,0
506498,23.18,50.32,808.16,0
506598,23.1,50.6,802.42,0
506698,23.37,50.54,800.75,0
506798,23.41,50.78,810.11,0
506898,23.4,50.48,799.87,0
506998,23.35,50.68,779.48,0
507098,23.42,50.29,795.01,0
507198,23.42,50.02,795.93,0
507298,23.32,50.67,778.63,0
507398,23.48,50.37,768.06,0
507498,23.28,50.97,747.61,0
507598,23.49,50.21,741.97,0
507698,23.39,50.59,759.63,0
507798,23.29,50.49,731.47,0
507898,23.58,50.05,747.52,0
507998,23.56,50.59,727.57,0
508098,23.57,50.55,732.06,0
508198,23.45,50.76,697.5,0
508298,23.64,50.49,711.05,0
508398,23.67,50.07,684.54,0
508498,23.83,50.38,673.54,0
508598,23.69,50.26,682.17,0
508698,23.68,50.59,674.69,0
508798,23.57,50.65,664.92,0
508898,23.9,49.81,656.44,0
508998,23.84,50.24,656.26,0
509098,23.6,50.3,631.46,0
509198,23.71,50.29,615.26,0
509298,23.72,49.92,621.55,0
509398,23.8,49.99,601.42,0
509498,23.89,50.45,609.24,0
509598,23.78,49.8,584.41,0
509698,23.81,50.41,569.02,0
509798,23.96,49.66,575.44,0
509898,23.92,50.36,566.98,0
509998,24.11,50.06,550.91,0
510098,23.88,50.57,530.88,0
510198,24.2,50.2,524.92,0
510298,24.22,49.65,520.39,0
510398,24.22,49.73,514.14,0
510498,24.31,49.35,493.4,0
510598,24.34,49.64,491.51,0
510698,24.33,49.51,497.37,0
510798,24.28,50.06,485.53,0
510898,24.28,49.37,466.31,0
510998,24.14,49.65,459.29,0
511098,24.3,49.71,1023.0,1
511198,24.19,49.78,1023.0,1
511298,24.47,50.13,1023.0,1
511398,24.16,50.27,1023.0,1
511498,24.3,49.74,1023.0,1
511598,24.59,49.59,398.06,0
511698,24.62,49.52,389.14,0
511798,24.37,50.14,385.81,0
511898,24.65,49.15,394.68,0
511998,24.36,49.7,388.14,0
512098,24.42,49.87,367.07,0
512198,24.68,49.44,349.79,0
512298,24.67,50.02,357.48,0
512398,24.58,49.79,330.29,0
512498,24.75,49.14,335.78,0
512598,24.65,49.16,329.73,0
512698,24.83,49.87,311.04,0
512798,24.77,49.65,318.15,0
512898,24.64,49.15,306.87,0
512998,24.64,49.14,321.21,0
513098,24.82,49.6,314.59,0
513198,24.81,49.57,299.07,0
513298,24.83,49.82,304.52,0
513398,24.72,49.3,299.0,0
513498,24.66,49.63,274.39,0
513598,24.74,49.34,265.1,0
513698,25.01,49.46,261.88,0
513798,24.87,49.53,271.84,0
513898,25.06,49.56,254.75,0
513998,24.95,49.58,278.98,0
514098,24.86,49.52,262.47,0
514198,25.03,48.83,264.8,0
514298,25.11,49.37,260.59,0
514398,24.77,49.78,248.38,0
514498,25.09,49.5,260.49,0
514598,25.17,48.79,257.08,0
514698,24.83,49.23,247.79,0
514798,25.16,49.07,236.06,0
514898,24.92,48.95,238.92,0
514998,25.06,48.85,254.04,0
515098,25.24,49.19,241.55,0
515198,25.0,49.03,240.89,0
515298,24.95,49.35,243.6,0
515398,25.2,48.72,261.03,0
515498,25.28,48.79,242.22,0
515598,25.19,49.08,256.27,0
515698,25.03,49.54,270.17,0
515798,24.94,49.61,264.38,0
515898,25.06,49.2,261.16,0
515998,25.14,49.44,262.03,0
516098,25.08,49.45,259.89,0
516198,25.3,48.67,265.92,0
516298,25.13,49.4,282.54,0
516398,25.05,49.51,286.31,0
516498,25.02,48.96,278.08,0
516598,25.28,48.68,286.95,0
516698,25.17,49.63,280.32,0
516798,25.32,49.52,292.23,0
516898,25.31,49.56,291.51,0
516998,25.18,49.26,312.96,0
517098,25.1,48.87,316.1,0
517198,25.33,49.04,313.71,0
517298,25.23,48.86,337.54,0
517398,25.36,48.83,323.55,0
517498,25.17,48.81,330.55,0
517598,25.36,49.03,332.4,0
517698,25.4,49.01,341.01,0
517798,25.38,48.73,347.57,0
517898,25.07,48.97,372.98,0
517998,25.34,48.69,385.81,0
518098,25.33,48.91,370.25,0
518198,24.99,49.45,385.55,0
518298,25.11,48.89,409.41,0
518398,25.0,49.08,401.97,0
518498,24.99,49.14,417.86,0
518598,25.23,49.42,433.8,0
518698,25.06,48.95,439.42,0
518798,25.19,48.93,452.19,0
518898,25.1,49.41,439.26,0
518998,25.07,48.96,471.44,0
519098,25.01,49.03,456.07,0
519198,25.22,49.59,489.81,0
519298,25.11,49.69,491.12,0
519398,24.98,49.73,491.41,0
519498,24.95,49.33,505.59,0
519598,25.14,49.31,516.47,0
519698,25.12,49.67,518.89,0
519798,25.06,49.72,522.11,0
519898,25.0,49.52,546.92,0
519998,24.85,48.91,536.58,0
520098,25.0,48.81,563.28,0
520198,24.82,49.8,579.83,0
520298,25.1,49.05,590.41,0
520398,24.98,49.15,573.74,0
520498,24.9,49.51,587.88,0
520598,25.02,49.17,612.37,0
520698,25.13,49.36,610.49,0
520798,24.92,49.05,622.61,0
520898,24.8,49.19,640.72,0
520998,24.93,49.46,656.58,0
521098,32.88,49.12,647.31,1
521198,32.97,49.42,664.84,1
521298,32.99,49.07,665.89,1
521398,32.64,49.41,672.75,1
521498,32.9,49.69,680.19,1
521598,24.78,49.86,682.31,0
521698,24.8,49.62,707.4,0
521798,24.56,49.64,723.47,0
521898,24.6,49.39,703.71,0
521998,24.71,49.61,737.65,0
522098,24.57,49.55,726.29,0
522198,24.52,49.74,746.87,0
522298,24.78,49.28,747.95,0
522398,24.61,49.7,760.96,0
522498,24.48,50.11,769.56,0
522598,24.58,49.69,758.33,0
522698,24.71,49.39,787.74,0
522798,24.49,49.48,784.69,0
522898,24.71,49.64,777.96,0
522998,24.32,49.56,788.31,0
523098,24.34,49.56,788.04,0
523198,24.33,49.64,809.26,0
523298,24.27,50.3,816.46,0
523398,24.48,49.42,824.6,0
523498,24.18,50.11,829.44,0
523598,24.18,49.54,828.99,0
523698,24.33,49.71,827.11,0
523798,24.1,49.94,822.89,0
523898,24.21,50.01,831.75,0
523998,24.14,50.17,846.66,0
524098,24.06,50.12,827.13,0
524198,24.03,50.43,828.2,0
524298,24.26,49.59,845.22,0
524398,24.19,49.6,859.45,0
524498,24.19,49.42,854.05,0
524598,24.21,49.58,844.02,0
524698,23.97,50.33,850.7,0
524798,24.24,50.29,859.6,0
524898,24.09,49.59,862.56,0
524998,24.08,49.81,856.27,0
525098,23.98,49.62,838.9,0
525198,23.8,49.9,838.16,0
525298,23.95,50.48,855.25,0
525398,24.02,50.42,840.22,0
525498,23.89,50.42,845.39,0
525598,23.8,50.02,847.76,0
525698,23.8,50.24,836.67,0
525798,23.96,49.64,825.92,0
525898,23.61,50.36,828.14,0
525998,23.92,50.41,844.08,0
526098,23.82,49.8,836.96,0
526198,23.64,50.3,820.39,0
526298,23.67,50.36,820.69,0
526398,23.84,49.95,816.87,0
526498,23.48,50.05,817.67,0
526598,23.47,50.02,805.61,0
526698,23.53,49.97,797.39,0
526798,23.51,50.74,817.88,0
526898,23.49,50.16,802.8,0
526998,23.34,50.87,787.66,0
527098,23.44,50.5,775.12,0
527198,23.4,50.42,783.77,0
527298,23.52,50.04,782.48,0
527398,23.33,50.07,769.48,0
527498,23.44,50.09,757.87,0
527598,23.55,50.51,740.67,0
527698,23.16,50.67,747.24,0
527798,23.29,50.5,749.71,0
527898,23.31,50.63,727.73,0
527998,23.42,50.2,739.64,0
528098,23.29,50.53,728.95,0
528198,23.18,50.86,709.07,0
528298,23.39,50.51,698.89,0
528398,23.2,50.69,698.6,0
528498,23.11,50.8,692.39,0
528598,23.23,50.86,668.53,0
528698,22.99,50.77,663.01,0
528798,23.18,50.24,655.51,0
528898,23.28,50.16,637.02,0
528998,23.28,50.15,644.69,0
529098,23.09,50.9,619.13,0
529198,23.14,50.5,621.44,0
529298,23.19,50.16,620.16,0
529398,22.86,50.6,597.5,0
529498,22.9,50.33,607.06,0
529598,22.98,50.53,578.29,0
529698,23.0,50.8,565.84,0
529798,22.82,51.11,580.64,0
529898,22.92,50.59,552.31,0
529998,22.83,51.28,548.56,0
530098,22.8,51.22,538.83,0
530198,22.76,51.06,542.22,0
530298,23.09,50.21,523.81,0
530398,23.06,50.25,502.48,0
530498,22.97,50.24,503.85,0
530598,22.82,50.83,479.07,0
530698,22.94,50.31,499.19,0
530798,22.93,50.32,463.88,0
530898,22.96,51.0,459.24,0
530998,22.87,50.51,450.76,0
531098,22.94,20.93,454.55,1
531198,22.87,20.7,454.68,1
531298,22.92,20.28,436.05,1
531398,22.91,21.02,414.29,1
531498,22.83,21.25,413.6,1
531598,22.93,50.67,391.93,0
531698,22.93,51.24,408.7,0
531798,22.79,50.41,399.6,0
531898,22.99,50.92,371.78,0
531998,22.81,51.12,383.2,0
532098,22.92,50.68,373.77,0
532198,22.76,50.66,346.66,0
532298,22.87,51.09,349.22,0
532398,22.83,50.95,341.42,0
532498,22.76,51.35,329.32,0
532598,22.84,50.6,340.07,0
532698,22.68,50.77,324.37,0
532798,22.65,50.65,313.87,0
532898,22.74,50.93,309.33,0
532998,22.63,50.54,319.72,0
533098,22.81,51.06,310.35,0
533198,23.01,50.88,297.52,0
533298,22.72,50.82,285.18,0
533398,22.75,50.89,289.14,0
533498,22.81,51.22,281.87,0
533598,22.87,51.24,265.27,0
533698,22.72,51.26,281.83,0
533798,22.74,51.31,277.29,0
533898,22.86,50.48,282.79,0
533998,23.01,50.89,260.69,0
534098,23.02,50.91,252.91,0
534198,22.72,50.99,247.95,0
534298,22.95,50.88,248.36,0
534398,22.72,51.3,243.47,0
534498,23.03,50.2,242.63,0
534598,22.85,50.91,260.38,0
534698,22.95,50.44,254.59,0
534798,22.88,50.49,241.33,0
534898,23.14,50.52,247.26,0
534998,22.95,50.68,254.25,0
535098,22.98,50.9,239.02,0
535198,23.09,50.39,252.45,0
535298,23.17,50.36,259.07,0
535398,23.2,50.63,248.91,0
535498,22.86,51.2,241.29,0
535598,22.88,50.89,259.81,0
535698,23.06,50.85,271.43,0
535798,23.11,50.44,265.49,0
535898,23.28,50.79,257.73,0
535998,23.16,50.9,253.32,0
536098,23.15,50.32,257.98,0
536198,23.04,50.21,272.43,0
536298,23.05,50.85,270.18,0
536398,23.16,50.43,266.21,0
536498,23.15,51.09,297.3,0
536598,23.29,50.21,283.17,0
536698,23.42,50.13,304.12,0
536798,23.11,50.81,303.29,0
536898,23.43,50.2,299.96,0
536998,23.39,50.32,298.82,0
537098,23.35,50.14,303.35,0
537198,23.19,50.22,329.99,0
537298,23.49,50.53,329.36,0
537398,23.21,50.13,324.69,0
537498,23.22,50.36,342.84,0
537598,23.61,49.92,337.54,0
537698,23.59,50.78,349.88,0
537798,23.51,49.89,349.41,0
537898,23.67,49.95,351.48,0
537998,23.57,50.11,380.27,0
538098,23.71,50.65,379.71,0
538198,23.37,50.82,384.26,0
538298,23.51,50.45,397.17,0
538398,23.72,50.03,411.71,0
538498,23.49,50.2,398.65,0
538598,23.67,50.69,431.97,0
538698,23.5,50.07,427.9,0
538798,23.6,50.63,454.3,0
538898,23.81,49.77,460.03,0
538998,23.61,50.14,445.65,0
539098,23.97,50.08,470.92,0
539198,23.98,49.79,464.92,0
539298,23.87,49.61,481.93,0
539398,24.02,50.29,486.53,0
539498,23.77,50.42,517.31,0
539598,23.76,50.23,497.58,0
539698,23.75,50.39,510.38,0
539798,23.8,49.94,541.49,0
539898,23.9,50.42,532.38,0
539998,24.05,49.8,539.98,0
540098,23.86,50.49,563.41,0
540198,24.06,50.12,580.63,0
540298,24.2,49.83,563.1,0
540398,24.25,49.44,576.07,0
540498,24.32,49.72,604.7,0
540598,24.2,49.74,592.29,0
540698,24.31,49.38,603.25,0
540798,24.39,49.71,622.05,0
540898,24.12,49.7,620.63,0
540998,24.07,49.99,627.99,0
541098,24.32,49.52,1023.0,1
541198,24.37,50.02,1023.0,1
541298,24.47,49.62,1023.0,1
541398,24.45,49.55,1023.0,1
541498,24.3,50.2,1023.0,1
541598,24.59,49.81,706.36,0
541698,24.27,49.85,697.32,0
541798,24.41,49.49,701.99,0
541898,24.49,49.43,719.36,0
541998,24.64,49.57,725.78,0
542098,24.71,49.45,739.9,0
542198,24.43,49.35,738.39,0
542298,24.51,49.77,756.82,0
542398,24.52,50.02,743.47,0
542498,24.52,49.45,766.62,0
542598,24.69,49.71,774.97,0
542698,24.63,49.38,768.4,0
542798,24.57,49.21,786.13,0
542898,24.63,49.89,780.26,0
542998,24.7,49.29,787.95,0
543098,24.67,49.14,788.14,0
543198,24.65,49.17,806.39,0
543298,24.78,48.96,809.12,0
543398,24.59,49.13,806.67,0
543498,24.88,49.11,808.38,0
543598,24.8,49.36,810.45,0
543698,24.95,49.17,832.73,0
543798,24.74,49.68,840.25,0
543898,24.68,49.25,833.24,0
543998,24.74,49.29,839.55,0
544098,25.07,49.73,828.31,0
544198,24.83,49.71,830.96,0
544298,24.87,49.84,836.69,0
544398,24.92,49.84,830.71,0
544498,24.99,49.65,831.51,0
544598,25.04,48.94,856.16,0
544698,25.2,49.63,844.09,0
544798,25.09,49.11,858.18,0
544898,24.9,49.78,849.44,0
544998,24.91,48.92,842.87,0
545098,25.24,48.82,836.67,0
545198,25.24,49.37,836.22,0
545298,25.16,49.38,839.0,0
545398,25.21,48.94,839.94,0
545498,24.96,49.63,840.97,0
545598,24.94,49.8,834.02,0
545698,25.14,48.96,828.13,0
545798,25.23,48.83,832.77,0
545898,25.04,49.08,850.68,0
545998,25.13,49.52,823.01,0
546098,25.33,49.46,827.84,0
546198,25.01,49.78,827.67,0
546298,25.17,48.87,813.55,0
546398,25.24,49.41,821.15,0
546498,25.14,49.17,817.9,0
546598,25.12,49.53,804.26,0
546698,25.31,48.72,802.85,0
546798,25.38,48.99,788.66,0
546898,25.37,49.1,796.56,0
546998,25.31,48.75,803.05,0
547098,25.16,49.55,773.16,0
547198,25.31,48.98,768.07,0
547298,25.12,49.52,770.98,0
547398,25.22,49.04,765.38,0
547498,25.03,49.03,765.92,0
547598,25.0,49.54,740.71,0
547698,25.26,48.69,749.86,0
547798,25.24,49.14,733.64,0
547898,25.18,49.25,747.41,0
547998,25.31,49.4,711.71,0
548098,25.33,48.71,708.87,0
548198,25.0,48.98,696.08,0
548298,25.13,48.91,712.15,0
548398,25.31,49.07,680.69,0
548498,25.33,48.67,681.52,0
548598,25.13,49.7,676.72,0
548698,25.24,49.38,679.02,0
548798,25.19,48.98,656.5,0
548898,25.22,49.13,648.8,0
548998,25.05,48.94,642.69,0
549098,24.97,49.3,619.99,0
549198,25.13,49.46,630.8,0
549298,25.08,48.75,620.44,0
549398,25.05,48.96,610.02,0
549498,24.97,49.41,591.09,0
549598,25.17,49.3,580.9,0
549698,25.17,49.02,574.89,0
549798,25.19,49.25,569.42,0
549898,24.86,49.61,567.54,0
549998,25.14,49.5,546.09,0
550098,24.99,49.17,555.66,0
550198,25.05,49.6,537.37,0
550298,24.86,49.42,514.7,0
550398,25.14,48.8,524.09,0
550498,24.79,49.84,504.69,0
550598,25.0,48.84,488.63,0
550698,24.74,49.23,478.2,0
550798,25.02,48.87,482.61,0
550898,24.77,49.24,474.79,0
550998,25.07,48.91,453.14,0
551098,32.93,49.56,450.73,1
551198,33.01,49.73,426.75,1
551298,32.89,49.84,423.8,1
551398,32.74,49.08,410.9,1
551498,32.72,49.35,402.86,1
551598,24.59,49.84,413.34,0
551698,24.77,49.17,389.24,0
551798,24.68,49.17,384.23,0
551898,24.84,49.74,378.76,0
551998,24.71,49.57,374.34,0
552098,24.56,49.76,372.71,0
552198,24.86,48.99,361.46,0
552298,24.46,49.36,351.9,0
552398,24.79,49.44,340.73,0
552498,24.59,49.99,331.84,0
552598,24.54,50.12,340.46,0
552698,24.65,49.62,316.54,0
552798,24.64,49.33,313.6,0
552898,24.66,49.08,321.14,0
552998,24.41,49.78,321.65,0
553098,24.37,50.03,316.61,0
553198,24.31,49.49,287.29,0
553298,24.49,49.3,282.39,0
553398,24.37,49.87,282.2,0
553498,24.47,49.84,291.75,0
553598,24.43,49.64,275.97,0
553698,24.17,50.27,271.13,0
553798,24.19,49.48,264.22,0
553898,24.29,49.63,274.64,0
553998,24.23,50.09,263.09,0
554098,24.18,49.56,275.0,0
554198,24.05,49.89,248.95,0
554298,24.04,49.52,270.79,0
554398,24.12,49.85,253.22,0
554498,24.32,49.56,247.83,0
554598,23.93,50.02,258.0,0
554698,24.08,50.02,251.93,0
554798,24.01,49.57,264.27,0
554898,24.06,50.23,258.93,0
554998,23.81,49.69,250.68,0
555098,24.03,49.6,243.21,0
555198,24.13,49.73,246.52,0
555298,23.79,50.39,251.54,0
555398,24.04,49.97,252.41,0
555498,23.86,49.64,258.91,0
555598,24.05,50.1,251.57,0
555698,23.7,50.62,253.04,0
555798,23.72,50.58,266.35,0
555898,23.96,49.7,247.28,0
555998,23.92,49.59,279.29,0
556098,23.65,50.46,278.88,0
556198,23.81,50.23,279.34,0
556298,23.8,50.47,260.9,0
556398,23.68,50.36,285.22,0
556498,23.58,50.3,284.15,0
556598,23.63,50.29,297.64,0
556698,23.47,50.1,292.89,0
556798,23.72,49.86,306.13,0
556898,23.42,50.19,300.85,0
556998,23.57,50.17,293.95,0
557098,23.49,49.91,316.94,0
557198,23.27,50.5,332.31,0
557298,23.52,50.14,334.03,0
557398,23.27,50.65,321.82,0
557498,23.33,50.55,334.58,0
557598,23.33,50.49,332.97,0
557698,23.51,50.53,359.86,0
557798,23.16,50.92,362.13,0
557898,23.45,50.36,358.76,0
557998,23.4,50.23,361.08,0
558098,23.1,50.99,389.34,0
558198,23.23,50.57,394.83,0
558298,23.43,50.05,410.86,0
558398,23.05,50.69,409.53,0
558498,23.35,49.99,400.88,0
558598,23.32,50.51,428.98,0
558698,23.29,50.71,419.6,0
558798,23.0,50.92,433.55,0
558898,23.07,50.42,440.77,0
558998,23.0,51.04,451.47,0
559098,23.13,50.57,462.5,0
559198,23.17,50.71,467.28,0
559298,22.91,50.43,471.4,0
559398,23.22,50.91,493.6,0
559498,22.89,50.46,488.3,0
559598,23.16,50.3,517.74,0
559698,22.83,50.92,522.03,0
559798,22.89,50.3,523.41,0
559898,22.97,50.5,554.91,0
559998,22.81,51.29,537.32,0
560098,23.11,50.52,560.64,0
560198,23.0,50.43,559.39,0
560298,22.96,50.67,589.56,0
560398,22.82,51.28,591.48,0
560498,22.95,50.98,605.76,0
560598,22.92,50.75,606.47,0
560698,22.7,50.41,627.13,0
560798,22.72,51.15,623.52,0
560898,22.71,50.66,621.04,0
560998,22.82,51.04,652.69,0
561098,22.86,20.62,644.49,1
561198,22.86,21.23,668.34,1
561298,22.89,21.19,676.17,1
561398,22.74,21.17,680.65,1
561498,22.87,20.45,675.33,1
561598,22.8,50.38,707.56,0
561698,23.0,51.15,689.66,0
561798,22.92,51.08,713.35,0
561898,22.85,50.76,724.4,0
561998,22.89,51.2,735.77,0
562098,22.8,51.06,720.72,0
562198,22.94,50.92,753.35,0
562298,22.84,50.85,752.21,0
562398,22.94,51.03,750.36,0
562498,22.83,50.51,754.86,0
562598,22.6,50.7,761.64,0
562698,22.89,51.25,760.18,0
562798,22.66,51.28,789.97,0
562898,22.87,50.74,775.64,0
562998,22.77,50.86,796.4,0
563098,22.89,51.01,802.15,0
563198,22.75,50.44,808.56,0
563298,22.82,51.26,810.84,0
563398,22.94,50.45,801.36,0
563498,22.77,50.91,831.31,0
563598,22.76,50.75,826.53,0
563698,22.8,50.36,834.19,0
563798,23.01,50.32,837.2,0
563898,22.91,50.57,845.43,0
563998,22.98,50.52,825.87,0
564098,22.75,51.32,835.0,0
564198,22.72,51.22,826.18,0
564298,23.08,50.36,828.21,0
564398,22.74,50.82,840.24,0
564498,22.81,50.99,838.1,0
564598,22.91,51.12,839.85,0
564698,22.81,50.35,855.25,0
564798,22.98,50.47,859.54,0
564898,23.13,50.87,851.41,0
564998,22.92,50.77,860.24,0
565098,23.14,50.98,862.24,0
565198,23.14,50.38,857.01,0
565298,23.01,50.25,851.72,0
565398,23.11,50.41,859.22,0
565498,23.1,50.62,848.63,0
565598,22.99,50.45,830.22,0
565698,23.15,50.33,852.85,0
565798,22.95,50.27,828.78,0
565898,23.08,50.23,834.43,0
565998,22.93,50.44,838.36,0
566098,23.15,50.58,844.11,0
566198,22.96,50.5,834.62,0
566298,23.05,50.41,820.44,0
566398,23.26,50.24,812.15,0
566498,23.38,50.53,812.72,0
566598,23.35,50.23,812.72,0
566698,23.05,50.36,798.41,0
566798,23.19,50.08,790.36,0
566898,23.18,50.88,791.6,0
566998,23.24,50.59,780.33,0
567098,23.22,50.9,778.49,0
567198,23.34,50.36,767.56,0
567298,23.47,50.47,780.75,0
567398,23.5,50.35,774.67,0
567498,23.56,50.24,772.13,0
567598,23.32,50.61,741.23,0
567698,23.48,50.76,743.45,0
567798,23.4,50.18,755.76,0
567898,23.31,50.19,735.84,0
567998,23.36,50.08,713.16,0
568098,23.46,50.02,725.27,0
568198,23.67,50.52,697.19,0
568298,23.77,49.95,692.31,0
568398,23.64,50.21,684.74,0
568498,23.62,50.51,685.65,0
568598,23.71,50.57,692.63,0
568698,23.72,50.46,669.66,0
568798,23.85,50.2,650.81,0
568898,23.7,50.35,659.39,0
568998,23.74,49.73,637.69,0
569098,23.95,50.24,632.65,0
569198,23.85,50.55,629.4,0
569298,23.66,50.26,619.58,0
569398,23.93,50.54,617.89,0
569498,23.74,50.17,602.39,0
569598,24.0,49.96,581.62,0
569698,23.81,49.68,568.19,0
569798,23.83,50.29,582.81,0
569898,23.97,50.4,574.33,0
569998,24.16,50.29,552.92,0
570098,24.01,49.8,533.99,0
570198,24.25,50.08,529.9,0
570298,24.07,50.07,532.73,0
570398,24.26,49.61,521.45,0
570498,24.12,49.95,517.35,0
570598,24.01,50.23,505.94,0
570698,24.23,49.47,484.81,0
570798,24.11,49.88,482.48,0
570898,24.16,49.61,452.65,0
570998,24.28,49.8,450.82,0
571098,24.19,50.23,1023.0,1
571198,24.34,49.45,1023.0,1
571298,24.35,49.96,1023.0,1
571398,24.28,49.48,1023.0,1
571498,24.38,49.8,1023.0,1
571598,24.54,50.07,412.73,0
571698,24.61,49.15,402.8,0
571798,24.54,49.95,385.09,0
571898,24.33,50.07,393.42,0
571998,24.31,49.6,379.52,0
572098,24.59,49.33,355.17,0
572198,24.35,50.11,355.53,0
572298,24.63,49.26,340.04,0
572398,24.5,49.66,354.46,0
572498,24.52,49.61,350.38,0
572598,24.46,49.94,342.03,0
572698,24.55,49.6,329.6,0
572798,24.68,49.69,332.3,0
572898,24.49,50.07,327.12,0
572998,24.59,49.47,308.28,0
573098,24.78,49.87,310.08,0
573198,24.65,49.5,284.65,0
573298,24.96,48.89,281.43,0
573398,24.81,49.78,284.77,0
573498,24.84,49.31,297.02,0
573598,24.82,49.2,284.56,0
573698,24.64,49.71,277.14,0
573798,24.99,49.19,273.17,0
573898,24.77,49.45,264.73,0
573998,24.89,49.64,277.45,0
574098,25.09,48.79,272.59,0
574198,25.11,49.25,248.38,0
574298,24.91,49.31,264.57,0
574398,24.87,48.97,260.09,0
574498,25.12,48.77,243.05,0
574598,24.9,49.17,255.72,0
574698,25.07,49.53,259.21,0
574798,24.97,49.45,247.86,0
574898,25.15,48.78,239.42,0
574998,25.14,49.34,263.65,0
575098,24.88,49.86,235.62,0
575198,25.04,49.63,264.75,0
575298,25.24,48.88,259.33,0
575398,25.12,48.98,246.57,0
575498,25.14,49.05,267.03,0
575598,25.25,49.2,251.92,0
575698,25.22,49.37,265.91,0
575798,25.1,49.09,271.67,0
575898,24.95,48.9,268.84,0
575998,25.25,49.47,262.83,0
576098,25.29,49.3,270.15,0
576198,25.28,49.55,265.1,0
576298,25.03,49.16,265.92,0
576398,25.2,48.87,287.03,0
576498,25.06,49.51,288.25,0
576598,25.38,49.09,280.16,0
576698,25.32,48.92,302.39,0
576798,25.22,49.24,297.92,0
576898,25.36,48.79,304.42,0
576998,25.36,49.38,299.13,0
577098,25.29,48.75,304.26,0
577198,25.22,49.08,310.77,0
577298,25.15,49.14,327.71,0
577398,25.11,49.4,334.38,0
577498,25.23,49.28,347.05,0
577598,25.1,49.16,346.0,0
577698,25.27,48.87,364.77,0
577798,25.2,48.95,351.33,0
577898,25.13,49.56,353.71,0
577998,25.03,49.24,383.54,0
578098,25.14,49.65,394.52,0
578198,24.99,49.05,396.0,0
578298,25.28,48.96,386.67,0
578398,25.06,49.28,407.15,0
578498,25.14,48.74,404.04,0
578598,25.35,49.28,428.93,0
578698,25.35,49.54,442.71,0
578798,24.99,49.3,434.59,0
578898,25.34,49.44,435.81,0
578998,25.13,48.75,446.36,0
579098,25.25,49.21,460.86,0
579198,25.11,48.74,461.88,0
579298,25.0,49.27,481.25,0
579398,25.19,49.14,491.51,0
579498,25.27,49.26,499.24,0
579598,25.18,49.13,520.92,0
579698,25.23,49.3,525.08,0
579798,24.87,49.26,530.21,0
579898,25.02,49.12,553.52,0
579998,25.15,49.29,549.27,0
580098,25.12,48.86,566.34,0
580198,25.01,48.91,559.53,0
580298,25.11,49.42,574.8,0
580398,25.05,49.43,572.93,0
580498,24.97,49.27,610.96,0
580598,24.76,49.1,613.48,0
580698,24.93,49.56,622.19,0
580798,24.88,48.92,634.55,0
580898,25.09,49.33,634.47,0
580998,24.75,49.59,633.92,0
581098,32.72,49.18,659.96,1
581198,32.82,49.25,661.9,1
581298,33.04,49.39,676.78,1
581398,32.92,49.61,684.78,1
581498,32.69,49.11,695.14,1
581598,24.69,49.9,695.39,0
581698,24.77,49.53,708.59,0
581798,24.89,49.66,700.91,0
581898,24.54,49.95,727.99,0
581998,24.61,49.25,730.98,0
582098,24.76,49.8,722.79,0
582198,24.66,49.32,734.96,0
582298,24.52,49.64,761.71,0
582398,24.76,49.41,760.26,0
582498,24.69,49.89,770.29,0
582598,24.72,49.42,771.67,0
582698,24.68,49.12,768.76,0
582798,24.4,49.3,779.05,0
582898,24.68,49.82,782.43,0
582998,24.43,49.69,793.07,0
583098,24.61,49.47,805.94,0
583198,24.34,49.88,791.91,0
583298,24.58,49.36,806.78,0
583398,24.39,49.41,809.9,0
583498,24.35,49.69,823.99,0
583598,24.22,49.96,814.55,0
583698,24.46,49.47,819.7,0
583798,24.1,49.82,817.93,0
583898,24.28,49.5,833.71,0
583998,24.27,49.32,824.73,0
584098,24.16,50.07,838.06,0
584198,24.1,49.67,827.05,0
584298,24.37,49.63,856.99,0
584398,24.23,49.67,856.7,0
584498,24.04,49.47,856.98,0
584598,23.98,50.48,837.74,0
584698,24.24,50.18,860.94,0
584798,24.17,49.45,852.6,0
584898,24.0,50.38,835.34,0
584998,24.02,50.43,838.49,0
585098,24.14,49.54,851.64,0
585198,24.13,49.97,838.48,0
585298,23.77,50.6,860.92,0
585398,23.83,50.06,844.8,0
585498,23.79,50.07,853.71,0
585598,23.71,50.59,842.73,0
585698,24.01,50.19,832.51,0
585798,24.0,49.71,834.63,0
585898,23.58,50.02,830.73,0
585998,23.69,49.92,842.04,0
586098,23.7,50.1,845.09,0
586198,23.59,50.42,834.65,0
586298,23.49,50.02,816.97,0
586398,23.56,50.12,815.03,0
586498,23.67,50.38,819.82,0
586598,23.61,50.3,820.96,0
586698,23.46,50.2,818.06,0
586798,23.57,50.33,790.89,0
586898,23.44,50.81,809.01,0
586998,23.69,50.13,802.43,0
587098,23.48,49.9,799.86,0
587198,23.5,50.5,773.88,0
587298,23.52,49.88,779.96,0
587398,23.23,50.25,779.65,0
587498,23.51,50.15,751.65,0
587598,23.48,50.04,745.53,0
587698,23.32,50.22,762.94,0
587798,23.35,49.96,726.93,0
587898,23.29,50.5,741.2,0
587998,23.16,50.1,730.19,0
588098,23.21,50.23,729.92,0
588198,23.07,50.78,697.57,0
588298,23.34,50.18,708.92,0
588398,23.21,50.97,708.56,0
588498,23.2,50.53,699.03,0
588598,23.14,50.94,679.88,0
588698,23.29,50.9,660.6,0
588798,23.06,50.49,646.57,0
588898,23.11,50.55,657.68,0
588998,23.28,50.48,655.23,0
589098,23.15,50.37,630.01,0
589198,23.26,50.38,616.33,0
589298,23.01,50.91,608.05,0
589398,23.03,51.0,595.11,0
589498,22.91,51.23,582.92,0
589598,23.2,50.91,587.88,0
589698,23.16,50.36,567.82,0
589798,23.09,51.01,575.37,0
589898,22.89,50.83,550.73,0
589998,22.94,50.44,553.8,0
590098,22.89,50.64,536.7,0
590198,22.85,51.06,530.8,0
590298,23.03,50.94,507.98,0
590398,22.84,50.58,525.25,0
590498,23.07,50.4,504.0,0
590598,22.94,50.59,486.03,0
590698,22.8,50.86,499.56,0
590798,22.68,50.92,476.78,0
590898,22.93,50.43,475.68,0
590998,23.02,50.98,446.36,0
591098,22.91,20.48,448.41,1
591198,22.68,20.95,442.37,1
591298,22.69,21.27,418.18,1
591398,23.0,20.35,417.02,1
591498,22.99,20.59,401.13,1
591598,22.82,50.39,412.03,0
591698,22.88,50.88,395.41,0
591798,22.96,50.41,387.36,0
591898,22.9,50.84,396.44,0
591998,22.84,50.34,371.89,0
592098,22.85,51.12,375.76,0
592198,22.81,50.41,367.87,0
592298,22.85,50.86,338.57,0
592398,22.99,51.17,352.34,0
592498,22.81,51.3,346.81,0
592598,22.94,50.31,328.8,0
592698,22.79,51.08,318.95,0
592798,22.96,50.8,313.23,0
592898,22.97,51.19,302.55,0
592998,23.0,50.53,318.64,0
593098,22.9,50.55,294.71,0
593198,22.99,50.7,304.9,0
593298,22.91,50.72,292.79,0
593398,22.96,50.59,290.29,0
593498,23.02,50.5,278.66,0
593598,22.65,51.31,273.84,0
593698,22.74,50.68,268.34,0
593798,22.85,51.02,267.47,0
593898,22.78,51.03,256.95,0
593998,22.85,50.71,262.15,0
594098,23.0,51.05,257.18,0
594198,22.82,51.04,248.53,0
594298,22.86,50.57,244.34,0
594398,22.74,50.99,254.55,0
594498,22.86,51.22,252.74,0
594598,23.03,50.87,264.5,0
594698,23.06,51.0,245.68,0
594798,22.98,50.42,255.98,0
594898,23.01,51.08,239.95,0
594998,23.09,51.09,237.31,0
595098,22.83,50.36,250.02,0
595198,22.98,50.35,264.41,0
595298,23.11,50.22,260.36,0
595398,23.02,50.59,264.82,0
595498,22.94,50.85,251.89,0
595598,22.89,50.67,261.55,0
595698,23.19,50.92,263.37,0
595798,22.95,51.16,250.76,0
595898,23.16,50.74,251.55,0
595998,23.18,50.5,251.69,0
596098,23.18,50.44,254.22,0
596198,23.27,50.7,280.04,0
596298,23.17,50.61,283.77,0
596398,23.07,50.8,286.85,0
596498,23.15,50.19,287.22,0
596598,23.27,50.89,295.35,0
596698,23.08,50.35,294.43,0
596798,23.14,50.79,309.8,0
596898,23.27,50.68,289.97,0
596998,23.31,50.53,318.16,0
597098,23.25,50.71,316.07,0
597198,23.48,50.02,329.61,0
597298,23.21,50.73,335.82,0
597398,23.5,50.29,329.96,0
597498,23.21,50.35,337.44,0
597598,23.43,50.31,345.68,0
597698,23.26,50.16,342.44,0
597798,23.49,50.35,369.49,0
597898,23.64,49.94,379.01,0
597998,23.63,49.78,386.76,0
598098,23.41,50.51,383.9,0
598198,23.62,49.83,375.24,0
598298,23.43,50.11,391.65,0
598398,23.44,50.78,401.27,0
598498,23.73,50.2,424.61,0
598598,23.76,50.56,419.23,0
598698,23.79,50.2,419.79,0
598798,23.7,50.21,427.41,0
598898,23.53,50.15,441.61,0
598998,23.88,49.9,463.72,0
599098,23.72,49.94,451.76,0
599198,23.67,50.4,463.89,0
599298,23.93,50.47,471.59,0
599398,23.98,50.41,481.01,0
599498,24.07,50.24,492.55,0
599598,24.04,49.49,527.2,0
599698,23.79,50.31,534.24,0
599798,23.77,50.28,521.61,0
599898,23.78,50.62,530.24,0
599998,24.04,49.88,544.71,0
600098,23.83,50.18,557.11,0
600198,24.19,49.49,553.79,0
600298,24.22,50.0,584.79,0
600398,24.05,50.45,581.31,0
600498,24.19,49.73,595.09,0
600598,24.0,50.4,616.37,0
600698,24.21,50.12,609.65,0
600798,24.22,49.93,615.57,0
600898,24.16,49.8,646.77,0
600998,24.15,49.81,642.32,0
